[21:36:03] ==========================================================================================================================================================================
[21:36:03] | INIT-ENVR    | 任務名稱: 系統環境與資料庫初始化作業   | 啟動時間: 2026-09-21 21:36:03
[21:36:03] --------------------------------------------------------------------------------------------------------------------------------------------------------------------------
[21:36:03]                                                                                                                                                                           
[21:36:03]     ======================================================================================================================================================================
[21:36:03]     | REMV-PYC     | 任務名稱: PyCache 快取檔案移除任務 | 啟動時間: 2026-09-21 21:36:03
[21:36:03]     ----------------------------------------------------------------------------------------------------------------------------------------------------------------------
[21:36:03]     | FILE         | PyCache                | REMV_PYC      | SUCC     | [檔案: __pycache__] 移除成功 >>> 該檔案路徑(MARS_Project/__pycache__)
[21:36:03]     | FILE         | PyCache                | REMV_PYC      | SUCC     | [檔案: __pycache__] 移除成功 >>> 該檔案路徑(MARS_Project/config/__pycache__)
[21:36:03]     | FILE         | PyCache                | REMV_PYC      | SUCC     | [檔案: __pycache__] 移除成功 >>> 該檔案路徑(MARS_Project/src/__pycache__)
[21:36:03]     | FILE         | PyCache                | REMV_PYC      | SUCC     | [檔案: __pycache__] 移除成功 >>> 該檔案路徑(MARS_Project/utils/__pycache__)
[21:36:03]     | FILE         | PyCache                | REMV_PYC      | SUCC     | [檔案: __pycache__] 移除成功 >>> 該檔案路徑(MARS_Project/config/maps/__pycache__)
[21:36:03]     | FILE         | PyCache                | REMV_PYC      | SUCC     | [檔案: __pycache__] 移除成功 >>> 該檔案路徑(MARS_Project/config/maps/schm_maps/__pycache__)
[21:36:03]     | FILE         | PyCache                | REMV_PYC      | SUCC     | [檔案: __pycache__] 移除成功 >>> 該檔案路徑(MARS_Project/config/maps/stage_maps/__pycache__)
[21:36:03]     | FILE         | PyCache                | REMV_PYC      | SUCC     | [檔案: __pycache__] 移除成功 >>> 該檔案路徑(MARS_Project/config/maps/schm_maps/infer_tables/__pycache__)
[21:36:03]     | FILE         | PyCache                | REMV_PYC      | SUCC     | [檔案: __pycache__] 移除成功 >>> 該檔案路徑(MARS_Project/config/maps/stage_maps/rules/__pycache__)
[21:36:03]     | FILE         | PyCache                | REMV_PYC      | SUCC     | [檔案: __pycache__] 移除成功 >>> 該檔案路徑(MARS_Project/src/database/__pycache__)
[21:36:03]     | FILE         | PyCache                | REMV_PYC      | SUCC     | [檔案: __pycache__] 移除成功 >>> 該檔案路徑(MARS_Project/src/data_prep/__pycache__)
[21:36:03]     | FILE         | PyCache                | REMV_PYC      | SUCC     | [檔案: __pycache__] 移除成功 >>> 該檔案路徑(MARS_Project/src/modl_opts/__pycache__)
[21:36:03]     | FILE         | PyCache                | REMV_PYC      | SUCC     | [檔案: __pycache__] 移除成功 >>> 該檔案路徑(MARS_Project/src/post_proc/__pycache__)
[21:36:03]     | FILE         | PyCache                | REMV_PYC      | SUCC     | [檔案: __pycache__] 移除成功 >>> 該檔案路徑(MARS_Project/src/vis_recg/__pycache__)
[21:36:03]     | FILE         | PyCache                | REMV_PYC      | SUCC     | [檔案: __pycache__] 移除成功 >>> 該檔案路徑(MARS_Project/src/database/query_repo/__pycache__)
[21:36:03]     | FILE         | PyCache                | REMV_PYC      | SUCC     | [檔案: __pycache__] 移除成功 >>> 該檔案路徑(MARS_Project/src/database/write_repo/__pycache__)
[21:36:03]     | FILE         | PyCache                | REMV_PYC      | SUCC     | [檔案: __pycache__] 移除成功 >>> 該檔案路徑(MARS_Project/src/database/write_repo/infer/__pycache__)
[21:36:03]     | FILE         | PyCache                | REMV_PYC      | SUCC     | [檔案: __pycache__] 移除成功 >>> 該檔案路徑(MARS_Project/src/database/write_repo/train/__pycache__)
[21:36:03]     | FILE         | PyCache                | REMV_PYC      | SUCC     | [檔案: __pycache__] 移除成功 >>> 該檔案路徑(MARS_Project/src/vis_recg/img_proc/__pycache__)
[21:36:03]     | FILE         | PyCache                | REMV_PYC      | SUCC     | [檔案: __pycache__] 移除成功 >>> 該檔案路徑(MARS_Project/src/vis_recg/pipelines/__pycache__)
[21:36:03]     | FILE         | PyCache                | REMV_PYC      | SUCC     | [檔案: __pycache__] 移除成功 >>> 該檔案路徑(MARS_Project/src/vis_recg/img_proc/char_rules/__pycache__)
[21:36:03]     | FILE         | PyCache                | REMV_PYC      | SUCC     | [檔案: __pycache__] 移除成功 >>> 該檔案路徑(MARS_Project/utils/env/__pycache__)
[21:36:03]     | FILE         | PyCache                | REMV_PYC      | SUCC     | [檔案: __pycache__] 移除成功 >>> 該檔案路徑(MARS_Project/utils/log/__pycache__)
[21:36:04]     ----------------------------------------------------------------------------------------------------------------------------------------------------------------------
[21:36:04]     | REMV-DONE    | 執行結果: 共計移除 23 個快取檔案 | 結束時間: 2026-09-21 21:36:04
[21:36:04]     ======================================================================================================================================================================
[21:36:04]                                                                                                                                                                           
[21:36:04]     ======================================================================================================================================================================
[21:36:04]     | INIT-DB      | 任務名稱: 全域資料表部署任務       | 啟動時間: 2026-09-21 21:36:04
[21:36:04]     ----------------------------------------------------------------------------------------------------------------------------------------------------------------------
[21:36:05]     | DB           | MARS_DB                | INIT_EXCP     | FAIL     | [資料庫: MARS_DB] 部署失敗 >>> 非預期系統異常，堆疊資訊如下: 
Traceback (most recent call last):
  File "C:\Users\magiceason\Desktop\MARS_Project\src\database\db_init.py", line 107, in _init_tables
    with psycopg2.connect(**self.params) as conn:
         ^^^^^^^^^^^^^^^^^^^^^^^^^^^^^^^
  File "C:\Users\magiceason\Desktop\MARS_Project\venv\Lib\site-packages\psycopg2\__init__.py", line 135, in connect
    conn = _connect(dsn, connection_factory=connection_factory, **kwasync)
           ^^^^^^^^^^^^^^^^^^^^^^^^^^^^^^^^^^^^^^^^^^^^^^^^^^^^^^^^^^^^^^^
psycopg2.OperationalError: connection to server at "localhost" (::1), port 5432 failed: FATAL:  database "MARS_DB" does not exist


[21:36:05]     ----------------------------------------------------------------------------------------------------------------------------------------------------------------------
[21:36:05]     | INIT-FAIL    | 執行結果: 全域資料表部署發生異常，請調閱堆疊日誌排查問題 | 結束時間: 2026-09-21 21:36:05
[21:36:05]     ======================================================================================================================================================================
[21:36:05] --------------------------------------------------------------------------------------------------------------------------------------------------------------------------
[21:36:05] | INIT-FAIL    | 執行結果: 系統初始化異常中斷流程，請查修 | 結束時間: 2026-09-21 21:36:05
[21:36:05] ==========================================================================================================================================================================
[21:36:05]                                                                                                                                                                           
[21:38:52] ==========================================================================================================================================================================
[21:38:52] | INIT-ENVR    | 任務名稱: 系統環境與資料庫初始化作業   | 啟動時間: 2026-09-21 21:38:52
[21:38:52] --------------------------------------------------------------------------------------------------------------------------------------------------------------------------
[21:38:52]                                                                                                                                                                           
[21:38:52]     ======================================================================================================================================================================
[21:38:52]     | REMV-PYC     | 任務名稱: PyCache 快取檔案移除任務 | 啟動時間: 2026-09-21 21:38:52
[21:38:52]     ----------------------------------------------------------------------------------------------------------------------------------------------------------------------
[21:38:52]     | FILE         | PyCache                | REMV_PYC      | SUCC     | [檔案: __pycache__] 移除成功 >>> 該檔案路徑(MARS_Project/__pycache__)
[21:38:52]     | FILE         | PyCache                | REMV_PYC      | SUCC     | [檔案: __pycache__] 移除成功 >>> 該檔案路徑(MARS_Project/config/__pycache__)
[21:38:52]     | FILE         | PyCache                | REMV_PYC      | SUCC     | [檔案: __pycache__] 移除成功 >>> 該檔案路徑(MARS_Project/src/__pycache__)
[21:38:52]     | FILE         | PyCache                | REMV_PYC      | SUCC     | [檔案: __pycache__] 移除成功 >>> 該檔案路徑(MARS_Project/utils/__pycache__)
[21:38:52]     | FILE         | PyCache                | REMV_PYC      | SUCC     | [檔案: __pycache__] 移除成功 >>> 該檔案路徑(MARS_Project/config/maps/__pycache__)
[21:38:52]     | FILE         | PyCache                | REMV_PYC      | SUCC     | [檔案: __pycache__] 移除成功 >>> 該檔案路徑(MARS_Project/config/maps/schm_maps/__pycache__)
[21:38:52]     | FILE         | PyCache                | REMV_PYC      | SUCC     | [檔案: __pycache__] 移除成功 >>> 該檔案路徑(MARS_Project/config/maps/stage_maps/__pycache__)
[21:38:52]     | FILE         | PyCache                | REMV_PYC      | SUCC     | [檔案: __pycache__] 移除成功 >>> 該檔案路徑(MARS_Project/config/maps/schm_maps/infer_tables/__pycache__)
[21:38:52]     | FILE         | PyCache                | REMV_PYC      | SUCC     | [檔案: __pycache__] 移除成功 >>> 該檔案路徑(MARS_Project/config/maps/stage_maps/rules/__pycache__)
[21:38:52]     | FILE         | PyCache                | REMV_PYC      | SUCC     | [檔案: __pycache__] 移除成功 >>> 該檔案路徑(MARS_Project/src/database/__pycache__)
[21:38:52]     | FILE         | PyCache                | REMV_PYC      | SUCC     | [檔案: __pycache__] 移除成功 >>> 該檔案路徑(MARS_Project/src/data_prep/__pycache__)
[21:38:52]     | FILE         | PyCache                | REMV_PYC      | SUCC     | [檔案: __pycache__] 移除成功 >>> 該檔案路徑(MARS_Project/src/modl_opts/__pycache__)
[21:38:52]     | FILE         | PyCache                | REMV_PYC      | SUCC     | [檔案: __pycache__] 移除成功 >>> 該檔案路徑(MARS_Project/src/post_proc/__pycache__)
[21:38:52]     | FILE         | PyCache                | REMV_PYC      | SUCC     | [檔案: __pycache__] 移除成功 >>> 該檔案路徑(MARS_Project/src/vis_recg/__pycache__)
[21:38:52]     | FILE         | PyCache                | REMV_PYC      | SUCC     | [檔案: __pycache__] 移除成功 >>> 該檔案路徑(MARS_Project/src/database/query_repo/__pycache__)
[21:38:52]     | FILE         | PyCache                | REMV_PYC      | SUCC     | [檔案: __pycache__] 移除成功 >>> 該檔案路徑(MARS_Project/src/database/write_repo/__pycache__)
[21:38:52]     | FILE         | PyCache                | REMV_PYC      | SUCC     | [檔案: __pycache__] 移除成功 >>> 該檔案路徑(MARS_Project/src/database/write_repo/infer/__pycache__)
[21:38:52]     | FILE         | PyCache                | REMV_PYC      | SUCC     | [檔案: __pycache__] 移除成功 >>> 該檔案路徑(MARS_Project/src/database/write_repo/train/__pycache__)
[21:38:52]     | FILE         | PyCache                | REMV_PYC      | SUCC     | [檔案: __pycache__] 移除成功 >>> 該檔案路徑(MARS_Project/src/vis_recg/img_proc/__pycache__)
[21:38:52]     | FILE         | PyCache                | REMV_PYC      | SUCC     | [檔案: __pycache__] 移除成功 >>> 該檔案路徑(MARS_Project/src/vis_recg/pipelines/__pycache__)
[21:38:52]     | FILE         | PyCache                | REMV_PYC      | SUCC     | [檔案: __pycache__] 移除成功 >>> 該檔案路徑(MARS_Project/src/vis_recg/img_proc/char_rules/__pycache__)
[21:38:52]     | FILE         | PyCache                | REMV_PYC      | SUCC     | [檔案: __pycache__] 移除成功 >>> 該檔案路徑(MARS_Project/utils/env/__pycache__)
[21:38:52]     | FILE         | PyCache                | REMV_PYC      | SUCC     | [檔案: __pycache__] 移除成功 >>> 該檔案路徑(MARS_Project/utils/log/__pycache__)
[21:38:53]     ----------------------------------------------------------------------------------------------------------------------------------------------------------------------
[21:38:53]     | REMV-DONE    | 執行結果: 共計移除 23 個快取檔案 | 結束時間: 2026-09-21 21:38:53
[21:38:53]     ======================================================================================================================================================================
[21:38:53]                                                                                                                                                                           
[21:38:53]     ======================================================================================================================================================================
[21:38:53]     | INIT-DB      | 任務名稱: 全域資料表部署任務       | 啟動時間: 2026-09-21 21:38:53
[21:38:53]     ----------------------------------------------------------------------------------------------------------------------------------------------------------------------
[21:38:53]     | DB           | MARS_DB                | INIT_SCHM     | SUCC     | [架構: train] 部署成功 >>> 該架構及其執行環境已準備就緒
[21:38:53]     | DB           | MARS_DB                | INIT_TABL     | SUCC     | [資料表: modl_ver_info] 部署成功 >>> 結構建置完畢，欄位共計 18 個
[21:38:53]     | DB           | MARS_DB                | INIT_TABL     | SUCC     | [資料表: modl_fit_eval] 部署成功 >>> 結構建置完畢，欄位共計 13 個
[21:38:53]     | DB           | MARS_DB                | INIT_SCHM     | SUCC     | [架構: infer] 部署成功 >>> 該架構及其執行環境已準備就緒
[21:38:53]     | DB           | MARS_DB                | INIT_TABL     | SUCC     | [資料表: live_veh_recg] 部署成功 >>> 結構建置完畢，欄位共計 14 個
[21:38:53]     | DB           | MARS_DB                | INIT_TABL     | SUCC     | [資料表: live_veh_moni] 部署成功 >>> 結構建置完畢，欄位共計 7 個
[21:38:53]     ----------------------------------------------------------------------------------------------------------------------------------------------------------------------
[21:38:53]     | INIT-DONE    | 執行結果: 全域資料表部署完畢，共計部署 4 張資料表 | 結束時間: 2026-09-21 21:38:53
[21:38:53]     ======================================================================================================================================================================
[21:38:53]                                                                                                                                                                           
[21:38:53]     ======================================================================================================================================================================
[21:38:53]     | AUDT-DB      | 任務名稱: 全域資料表審計任務       | 啟動時間: 2026-09-21 21:38:53
[21:38:53]     ----------------------------------------------------------------------------------------------------------------------------------------------------------------------
[21:38:53]     | DB           | MARS_DB                | AUDT_TABL     | SUCC     | [資料表: modl_ver_info] 審計成功 >>> 項次-001，所屬架構(train)、系統識別碼(64196)
[21:38:53]     | DB           | MARS_DB                | AUDT_TABL     | SUCC     | [資料表: modl_fit_eval] 審計成功 >>> 項次-002，所屬架構(train)、系統識別碼(64205)
[21:38:53]     | DB           | MARS_DB                | AUDT_TABL     | SUCC     | [資料表: live_veh_recg] 審計成功 >>> 項次-003，所屬架構(infer)、系統識別碼(64213)
[21:38:53]     | DB           | MARS_DB                | AUDT_TABL     | SUCC     | [資料表: live_veh_moni] 審計成功 >>> 項次-004，所屬架構(infer)、系統識別碼(64222)
[21:38:53]     ----------------------------------------------------------------------------------------------------------------------------------------------------------------------
[21:38:53]     | AUDT-DONE    | 執行結果: 全域資料表審計完畢，共計審計 4 筆實體資料表 | 結束時間: 2026-09-21 21:38:53
[21:38:53]     ======================================================================================================================================================================
[21:38:53]                                                                                                                                                                           
[21:38:53] --------------------------------------------------------------------------------------------------------------------------------------------------------------------------
[21:38:53] | INIT-DONE    | 執行結果: 已完成系統與資料庫初始化 | 結束時間: 2026-09-21 21:38:53
[21:38:53] ==========================================================================================================================================================================
[21:38:53]                                                                                                                                                                           
[21:41:43] ==========================================================================================================================================================================
[21:41:43] | INIT-ENVR    | 任務名稱: 系統環境與資料庫初始化作業   | 啟動時間: 2026-09-21 21:41:43
[21:41:43] --------------------------------------------------------------------------------------------------------------------------------------------------------------------------
[21:41:43]                                                                                                                                                                           
[21:41:43]     ======================================================================================================================================================================
[21:41:43]     | REMV-PYC     | 任務名稱: PyCache 快取檔案移除任務 | 啟動時間: 2026-09-21 21:41:43
[21:41:43]     ----------------------------------------------------------------------------------------------------------------------------------------------------------------------
[21:41:43]     | FILE         | PyCache                | REMV_PYC      | SUCC     | [檔案: __pycache__] 移除成功 >>> 該檔案路徑(MARS_Project/__pycache__)
[21:41:43]     | FILE         | PyCache                | REMV_PYC      | SUCC     | [檔案: __pycache__] 移除成功 >>> 該檔案路徑(MARS_Project/config/__pycache__)
[21:41:43]     | FILE         | PyCache                | REMV_PYC      | SUCC     | [檔案: __pycache__] 移除成功 >>> 該檔案路徑(MARS_Project/src/__pycache__)
[21:41:43]     | FILE         | PyCache                | REMV_PYC      | SUCC     | [檔案: __pycache__] 移除成功 >>> 該檔案路徑(MARS_Project/utils/__pycache__)
[21:41:43]     | FILE         | PyCache                | REMV_PYC      | SUCC     | [檔案: __pycache__] 移除成功 >>> 該檔案路徑(MARS_Project/config/maps/__pycache__)
[21:41:43]     | FILE         | PyCache                | REMV_PYC      | SUCC     | [檔案: __pycache__] 移除成功 >>> 該檔案路徑(MARS_Project/config/maps/schm_maps/__pycache__)
[21:41:43]     | FILE         | PyCache                | REMV_PYC      | SUCC     | [檔案: __pycache__] 移除成功 >>> 該檔案路徑(MARS_Project/config/maps/stage_maps/__pycache__)
[21:41:43]     | FILE         | PyCache                | REMV_PYC      | SUCC     | [檔案: __pycache__] 移除成功 >>> 該檔案路徑(MARS_Project/config/maps/schm_maps/infer_tables/__pycache__)
[21:41:43]     | FILE         | PyCache                | REMV_PYC      | SUCC     | [檔案: __pycache__] 移除成功 >>> 該檔案路徑(MARS_Project/config/maps/stage_maps/rules/__pycache__)
[21:41:43]     | FILE         | PyCache                | REMV_PYC      | SUCC     | [檔案: __pycache__] 移除成功 >>> 該檔案路徑(MARS_Project/src/database/__pycache__)
[21:41:43]     | FILE         | PyCache                | REMV_PYC      | SUCC     | [檔案: __pycache__] 移除成功 >>> 該檔案路徑(MARS_Project/src/data_prep/__pycache__)
[21:41:43]     | FILE         | PyCache                | REMV_PYC      | SUCC     | [檔案: __pycache__] 移除成功 >>> 該檔案路徑(MARS_Project/src/modl_opts/__pycache__)
[21:41:43]     | FILE         | PyCache                | REMV_PYC      | SUCC     | [檔案: __pycache__] 移除成功 >>> 該檔案路徑(MARS_Project/src/post_proc/__pycache__)
[21:41:43]     | FILE         | PyCache                | REMV_PYC      | SUCC     | [檔案: __pycache__] 移除成功 >>> 該檔案路徑(MARS_Project/src/vis_recg/__pycache__)
[21:41:43]     | FILE         | PyCache                | REMV_PYC      | SUCC     | [檔案: __pycache__] 移除成功 >>> 該檔案路徑(MARS_Project/src/database/query_repo/__pycache__)
[21:41:43]     | FILE         | PyCache                | REMV_PYC      | SUCC     | [檔案: __pycache__] 移除成功 >>> 該檔案路徑(MARS_Project/src/database/write_repo/__pycache__)
[21:41:43]     | FILE         | PyCache                | REMV_PYC      | SUCC     | [檔案: __pycache__] 移除成功 >>> 該檔案路徑(MARS_Project/src/database/write_repo/infer/__pycache__)
[21:41:43]     | FILE         | PyCache                | REMV_PYC      | SUCC     | [檔案: __pycache__] 移除成功 >>> 該檔案路徑(MARS_Project/src/database/write_repo/train/__pycache__)
[21:41:43]     | FILE         | PyCache                | REMV_PYC      | SUCC     | [檔案: __pycache__] 移除成功 >>> 該檔案路徑(MARS_Project/src/vis_recg/img_proc/__pycache__)
[21:41:43]     | FILE         | PyCache                | REMV_PYC      | SUCC     | [檔案: __pycache__] 移除成功 >>> 該檔案路徑(MARS_Project/src/vis_recg/pipelines/__pycache__)
[21:41:43]     | FILE         | PyCache                | REMV_PYC      | SUCC     | [檔案: __pycache__] 移除成功 >>> 該檔案路徑(MARS_Project/src/vis_recg/img_proc/char_rules/__pycache__)
[21:41:43]     | FILE         | PyCache                | REMV_PYC      | SUCC     | [檔案: __pycache__] 移除成功 >>> 該檔案路徑(MARS_Project/utils/env/__pycache__)
[21:41:43]     | FILE         | PyCache                | REMV_PYC      | SUCC     | [檔案: __pycache__] 移除成功 >>> 該檔案路徑(MARS_Project/utils/log/__pycache__)
[21:41:44]     ----------------------------------------------------------------------------------------------------------------------------------------------------------------------
[21:41:44]     | REMV-DONE    | 執行結果: 共計移除 23 個快取檔案 | 結束時間: 2026-09-21 21:41:44
[21:41:44]     ======================================================================================================================================================================
[21:41:44]                                                                                                                                                                           
[21:41:44]     ======================================================================================================================================================================
[21:41:44]     | INIT-DB      | 任務名稱: 全域資料表部署任務       | 啟動時間: 2026-09-21 21:41:44
[21:41:44]     ----------------------------------------------------------------------------------------------------------------------------------------------------------------------
[21:41:44]     | DB           | MARS_DB                | INIT_SCHM     | SUCC     | [架構: train] 部署成功 >>> 該架構及其執行環境已準備就緒
[21:41:44]     | DB           | MARS_DB                | INIT_TABL     | SUCC     | [資料表: modl_ver_info] 部署成功 >>> 結構建置完畢，欄位共計 18 個
[21:41:44]     | DB           | MARS_DB                | INIT_TABL     | SUCC     | [資料表: modl_fit_eval] 部署成功 >>> 結構建置完畢，欄位共計 13 個
[21:41:44]     | DB           | MARS_DB                | INIT_SCHM     | SUCC     | [架構: infer] 部署成功 >>> 該架構及其執行環境已準備就緒
[21:41:44]     | DB           | MARS_DB                | INIT_TABL     | SUCC     | [資料表: live_veh_recg] 部署成功 >>> 結構建置完畢，欄位共計 14 個
[21:41:44]     | DB           | MARS_DB                | INIT_TABL     | SUCC     | [資料表: live_veh_moni] 部署成功 >>> 結構建置完畢，欄位共計 7 個
[21:41:44]     ----------------------------------------------------------------------------------------------------------------------------------------------------------------------
[21:41:44]     | INIT-DONE    | 執行結果: 全域資料表部署完畢，共計部署 4 張資料表 | 結束時間: 2026-09-21 21:41:44
[21:41:44]     ======================================================================================================================================================================
[21:41:44]                                                                                                                                                                           
[21:41:44]     ======================================================================================================================================================================
[21:41:44]     | AUDT-DB      | 任務名稱: 全域資料表審計任務       | 啟動時間: 2026-09-21 21:41:44
[21:41:44]     ----------------------------------------------------------------------------------------------------------------------------------------------------------------------
[21:41:44]     | DB           | MARS_DB                | AUDT_TABL     | SUCC     | [資料表: modl_ver_info] 審計成功 >>> 項次-001，所屬架構(train)、系統識別碼(64196)
[21:41:44]     | DB           | MARS_DB                | AUDT_TABL     | SUCC     | [資料表: modl_fit_eval] 審計成功 >>> 項次-002，所屬架構(train)、系統識別碼(64205)
[21:41:44]     | DB           | MARS_DB                | AUDT_TABL     | SUCC     | [資料表: live_veh_recg] 審計成功 >>> 項次-003，所屬架構(infer)、系統識別碼(64213)
[21:41:44]     | DB           | MARS_DB                | AUDT_TABL     | SUCC     | [資料表: live_veh_moni] 審計成功 >>> 項次-004，所屬架構(infer)、系統識別碼(64222)
[21:41:44]     ----------------------------------------------------------------------------------------------------------------------------------------------------------------------
[21:41:44]     | AUDT-DONE    | 執行結果: 全域資料表審計完畢，共計審計 4 筆實體資料表 | 結束時間: 2026-09-21 21:41:44
[21:41:44]     ======================================================================================================================================================================
[21:41:44]                                                                                                                                                                           
[21:41:44] --------------------------------------------------------------------------------------------------------------------------------------------------------------------------
[21:41:44] | INIT-DONE    | 執行結果: 已完成系統與資料庫初始化 | 結束時間: 2026-09-21 21:41:44
[21:41:44] ==========================================================================================================================================================================
[21:41:44]                                                                                                                                                                           
[21:41:44] ==========================================================================================================================================================================
[21:41:44] | TRAIN-PIPE   | 任務名稱: 啟動 MARS 自動化訓練管線 | 啟動時間: 2026-09-21 21:41:44
[21:41:44] --------------------------------------------------------------------------------------------------------------------------------------------------------------------------
[21:41:44] ==========================================================================================================================================================================
[21:41:44] | DATA-PREP    | 任務名稱: 資料整備階段          | 啟動時間: 2026-09-21 21:41:44
[21:41:44] --------------------------------------------------------------------------------------------------------------------------------------------------------------------------
[21:41:44] | CLASS        | ConcurrentVideoExtractor | CONCURRENT_EXTRACTION_EXCEPTION | FAIL     | [目錄: raw_vids] 並行失敗 >>> 非預期系統異常，堆疊資訊如下: 
Traceback (most recent call last):
  File "C:\Users\magiceason\Desktop\MARS_Project\src\data_prep\conc_vid_extr.py", line 146, in launch_pipeline
    task_queue, invalid_vids = self._build_task_queue()
                               ^^^^^^^^^^^^^^^^^^^^^^^^
  File "C:\Users\magiceason\Desktop\MARS_Project\src\data_prep\conc_vid_extr.py", line 93, in _build_task_queue
    if sgl_vid_path.is_file() and sgl_vid_name.suffix.lower() in [".mp4", ".avi", ".mkv"]:
                                  ^^^^^^^^^^^^^^^^^^^
AttributeError: 'str' object has no attribute 'suffix'

[21:41:44] --------------------------------------------------------------------------------------------------------------------------------------------------------------------------
[21:41:44] | CONC-FAIL    | 執行結果: 流程異常中斷，請調閱堆疊排除故障 | 結束時間: 2026-09-21 21:41:44
[21:41:44] ==========================================================================================================================================================================
[21:41:44] --------------------------------------------------------------------------------------------------------------------------------------------------------------------------
[21:41:44] | PREP-FAIL    | 執行結果: 資料整備發生異常，請調閱堆疊日誌排查問題 | 結束時間: 2026-09-21 21:41:44
[21:41:44] ==========================================================================================================================================================================
[21:41:44] --------------------------------------------------------------------------------------------------------------------------------------------------------------------------
[21:41:44] | PIPE-FAIL    | 執行結果: 訓練管線發生異常，請調閱堆疊日誌排查問題 | 結束時間: 2026-09-21 21:41:44
[21:41:44] ==========================================================================================================================================================================
[21:44:49] ==========================================================================================================================================================================
[21:44:49] | INIT-ENVR    | 任務名稱: 系統環境與資料庫初始化作業   | 啟動時間: 2026-09-21 21:44:49
[21:44:49] --------------------------------------------------------------------------------------------------------------------------------------------------------------------------
[21:44:49]                                                                                                                                                                           
[21:44:49]     ======================================================================================================================================================================
[21:44:49]     | REMV-PYC     | 任務名稱: PyCache 快取檔案移除任務 | 啟動時間: 2026-09-21 21:44:49
[21:44:49]     ----------------------------------------------------------------------------------------------------------------------------------------------------------------------
[21:44:49]     | FILE         | PyCache                | REMV_PYC      | SUCC     | [檔案: __pycache__] 移除成功 >>> 該檔案路徑(MARS_Project/__pycache__)
[21:44:49]     | FILE         | PyCache                | REMV_PYC      | SUCC     | [檔案: __pycache__] 移除成功 >>> 該檔案路徑(MARS_Project/config/__pycache__)
[21:44:49]     | FILE         | PyCache                | REMV_PYC      | SUCC     | [檔案: __pycache__] 移除成功 >>> 該檔案路徑(MARS_Project/src/__pycache__)
[21:44:49]     | FILE         | PyCache                | REMV_PYC      | SUCC     | [檔案: __pycache__] 移除成功 >>> 該檔案路徑(MARS_Project/utils/__pycache__)
[21:44:49]     | FILE         | PyCache                | REMV_PYC      | SUCC     | [檔案: __pycache__] 移除成功 >>> 該檔案路徑(MARS_Project/config/maps/__pycache__)
[21:44:49]     | FILE         | PyCache                | REMV_PYC      | SUCC     | [檔案: __pycache__] 移除成功 >>> 該檔案路徑(MARS_Project/config/maps/schm_maps/__pycache__)
[21:44:49]     | FILE         | PyCache                | REMV_PYC      | SUCC     | [檔案: __pycache__] 移除成功 >>> 該檔案路徑(MARS_Project/config/maps/stage_maps/__pycache__)
[21:44:49]     | FILE         | PyCache                | REMV_PYC      | SUCC     | [檔案: __pycache__] 移除成功 >>> 該檔案路徑(MARS_Project/config/maps/schm_maps/infer_tables/__pycache__)
[21:44:49]     | FILE         | PyCache                | REMV_PYC      | SUCC     | [檔案: __pycache__] 移除成功 >>> 該檔案路徑(MARS_Project/config/maps/stage_maps/rules/__pycache__)
[21:44:49]     | FILE         | PyCache                | REMV_PYC      | SUCC     | [檔案: __pycache__] 移除成功 >>> 該檔案路徑(MARS_Project/src/database/__pycache__)
[21:44:49]     | FILE         | PyCache                | REMV_PYC      | SUCC     | [檔案: __pycache__] 移除成功 >>> 該檔案路徑(MARS_Project/src/data_prep/__pycache__)
[21:44:49]     | FILE         | PyCache                | REMV_PYC      | SUCC     | [檔案: __pycache__] 移除成功 >>> 該檔案路徑(MARS_Project/src/modl_opts/__pycache__)
[21:44:49]     | FILE         | PyCache                | REMV_PYC      | SUCC     | [檔案: __pycache__] 移除成功 >>> 該檔案路徑(MARS_Project/src/post_proc/__pycache__)
[21:44:49]     | FILE         | PyCache                | REMV_PYC      | SUCC     | [檔案: __pycache__] 移除成功 >>> 該檔案路徑(MARS_Project/src/vis_recg/__pycache__)
[21:44:49]     | FILE         | PyCache                | REMV_PYC      | SUCC     | [檔案: __pycache__] 移除成功 >>> 該檔案路徑(MARS_Project/src/database/query_repo/__pycache__)
[21:44:49]     | FILE         | PyCache                | REMV_PYC      | SUCC     | [檔案: __pycache__] 移除成功 >>> 該檔案路徑(MARS_Project/src/database/write_repo/__pycache__)
[21:44:49]     | FILE         | PyCache                | REMV_PYC      | SUCC     | [檔案: __pycache__] 移除成功 >>> 該檔案路徑(MARS_Project/src/database/write_repo/infer/__pycache__)
[21:44:49]     | FILE         | PyCache                | REMV_PYC      | SUCC     | [檔案: __pycache__] 移除成功 >>> 該檔案路徑(MARS_Project/src/database/write_repo/train/__pycache__)
[21:44:49]     | FILE         | PyCache                | REMV_PYC      | SUCC     | [檔案: __pycache__] 移除成功 >>> 該檔案路徑(MARS_Project/src/vis_recg/img_proc/__pycache__)
[21:44:49]     | FILE         | PyCache                | REMV_PYC      | SUCC     | [檔案: __pycache__] 移除成功 >>> 該檔案路徑(MARS_Project/src/vis_recg/pipelines/__pycache__)
[21:44:49]     | FILE         | PyCache                | REMV_PYC      | SUCC     | [檔案: __pycache__] 移除成功 >>> 該檔案路徑(MARS_Project/src/vis_recg/img_proc/char_rules/__pycache__)
[21:44:49]     | FILE         | PyCache                | REMV_PYC      | SUCC     | [檔案: __pycache__] 移除成功 >>> 該檔案路徑(MARS_Project/utils/env/__pycache__)
[21:44:49]     | FILE         | PyCache                | REMV_PYC      | SUCC     | [檔案: __pycache__] 移除成功 >>> 該檔案路徑(MARS_Project/utils/log/__pycache__)
[21:44:50]     ----------------------------------------------------------------------------------------------------------------------------------------------------------------------
[21:44:50]     | REMV-DONE    | 執行結果: 共計移除 23 個快取檔案 | 結束時間: 2026-09-21 21:44:50
[21:44:50]     ======================================================================================================================================================================
[21:44:50]                                                                                                                                                                           
[21:44:50]     ======================================================================================================================================================================
[21:44:50]     | INIT-DB      | 任務名稱: 全域資料表部署任務       | 啟動時間: 2026-09-21 21:44:50
[21:44:50]     ----------------------------------------------------------------------------------------------------------------------------------------------------------------------
[21:44:50]     | DB           | MARS_DB                | INIT_SCHM     | SUCC     | [架構: train] 部署成功 >>> 該架構及其執行環境已準備就緒
[21:44:50]     | DB           | MARS_DB                | INIT_TABL     | SUCC     | [資料表: modl_ver_info] 部署成功 >>> 結構建置完畢，欄位共計 18 個
[21:44:50]     | DB           | MARS_DB                | INIT_TABL     | SUCC     | [資料表: modl_fit_eval] 部署成功 >>> 結構建置完畢，欄位共計 13 個
[21:44:50]     | DB           | MARS_DB                | INIT_SCHM     | SUCC     | [架構: infer] 部署成功 >>> 該架構及其執行環境已準備就緒
[21:44:50]     | DB           | MARS_DB                | INIT_TABL     | SUCC     | [資料表: live_veh_recg] 部署成功 >>> 結構建置完畢，欄位共計 14 個
[21:44:50]     | DB           | MARS_DB                | INIT_TABL     | SUCC     | [資料表: live_veh_moni] 部署成功 >>> 結構建置完畢，欄位共計 7 個
[21:44:50]     ----------------------------------------------------------------------------------------------------------------------------------------------------------------------
[21:44:50]     | INIT-DONE    | 執行結果: 全域資料表部署完畢，共計部署 4 張資料表 | 結束時間: 2026-09-21 21:44:50
[21:44:50]     ======================================================================================================================================================================
[21:44:50]                                                                                                                                                                           
[21:44:50]     ======================================================================================================================================================================
[21:44:50]     | AUDT-DB      | 任務名稱: 全域資料表審計任務       | 啟動時間: 2026-09-21 21:44:50
[21:44:50]     ----------------------------------------------------------------------------------------------------------------------------------------------------------------------
[21:44:50]     | DB           | MARS_DB                | AUDT_TABL     | SUCC     | [資料表: modl_ver_info] 審計成功 >>> 項次-001，所屬架構(train)、系統識別碼(64196)
[21:44:50]     | DB           | MARS_DB                | AUDT_TABL     | SUCC     | [資料表: modl_fit_eval] 審計成功 >>> 項次-002，所屬架構(train)、系統識別碼(64205)
[21:44:50]     | DB           | MARS_DB                | AUDT_TABL     | SUCC     | [資料表: live_veh_recg] 審計成功 >>> 項次-003，所屬架構(infer)、系統識別碼(64213)
[21:44:50]     | DB           | MARS_DB                | AUDT_TABL     | SUCC     | [資料表: live_veh_moni] 審計成功 >>> 項次-004，所屬架構(infer)、系統識別碼(64222)
[21:44:50]     ----------------------------------------------------------------------------------------------------------------------------------------------------------------------
[21:44:50]     | AUDT-DONE    | 執行結果: 全域資料表審計完畢，共計審計 4 筆實體資料表 | 結束時間: 2026-09-21 21:44:50
[21:44:50]     ======================================================================================================================================================================
[21:44:50]                                                                                                                                                                           
[21:44:50] --------------------------------------------------------------------------------------------------------------------------------------------------------------------------
[21:44:50] | INIT-DONE    | 執行結果: 已完成系統與資料庫初始化 | 結束時間: 2026-09-21 21:44:50
[21:44:50] ==========================================================================================================================================================================
[21:44:50]                                                                                                                                                                           
[21:44:50] ==========================================================================================================================================================================
[21:44:50] | TRAIN-PIPE   | 任務名稱: 啟動 MARS 自動化訓練管線 | 啟動時間: 2026-09-21 21:44:50
[21:44:50] --------------------------------------------------------------------------------------------------------------------------------------------------------------------------
[21:44:50] ==========================================================================================================================================================================
[21:44:50] | DATA-PREP    | 任務名稱: 資料整備階段          | 啟動時間: 2026-09-21 21:44:50
[21:44:50] --------------------------------------------------------------------------------------------------------------------------------------------------------------------------
[21:44:50] ==========================================================================================================================================================================
[21:44:50] | CONC-TASK    | 任務名稱: 並行抽幀任務，共計載入 1 部影片 | 啟動時間: 2026-09-21 21:44:50
[21:44:50] --------------------------------------------------------------------------------------------------------------------------------------------------------------------------
[21:45:25] | VIDEO        | TRAIN_S25U_VEH_ROOF_20260921_180355.mp4 | EXTRACT_FRAMES | SUCC     | [影片: TRAIN_S25U_VEH_ROOF_20260921_180355.mp4] 抽幀成功 >>> 影片長度共計 791 幀，成功抽幀儲存 80 張影像
[21:45:26] | CLASS        | ConcurrentVideoExtractor | SUMMARIZE_EXTRACTION_TASKS | SUCC     | [目錄: raw_vids] 並行成功 >>> 任務統計如下: 
 >>> 處理成功: 1 部影片
 >>> 處理失敗: 0 部影片
 >>> 失敗影片: None
 >>> 累計數量: 791 幀影像
 >>> 抽幀數量: 80 張訓練圖像
[21:45:26] --------------------------------------------------------------------------------------------------------------------------------------------------------------------------
[21:45:26] | CONC-DONE    | 執行結果: 並行抽幀全數完成，請上傳 Roboflow 完成標註並匯出 | 結束時間: 2026-09-21 21:45:26
[21:45:26] ==========================================================================================================================================================================
[21:45:26] --------------------------------------------------------------------------------------------------------------------------------------------------------------------------
[21:45:26] | PREP-DONE    | 執行結果: 資料整備全數完成，原始影片抽幀順利到位 | 結束時間: 2026-09-21 21:45:26
[21:45:26] ==========================================================================================================================================================================
[21:45:26] --------------------------------------------------------------------------------------------------------------------------------------------------------------------------
[21:45:26] | PIPE-DONE    | 執行結果: [自動化訓練管線(僅整備)] 順利完成，原始影片抽幀與光學整備作業全數就緒 | 結束時間: 2026-09-21 21:45:26
[21:45:26] ==========================================================================================================================================================================
[22:36:17] ==========================================================================================================================================================================
[22:36:17] | INIT-ENVR    | 任務名稱: 系統環境與資料庫初始化作業   | 啟動時間: 2026-09-21 22:36:17
[22:36:17] --------------------------------------------------------------------------------------------------------------------------------------------------------------------------
[22:36:17]                                                                                                                                                                           
[22:36:17]     ======================================================================================================================================================================
[22:36:17]     | REMV-PYC     | 任務名稱: PyCache 快取檔案移除任務 | 啟動時間: 2026-09-21 22:36:17
[22:36:17]     ----------------------------------------------------------------------------------------------------------------------------------------------------------------------
[22:36:17]     | FILE         | PyCache                | REMV_PYC      | SUCC     | [檔案: __pycache__] 移除成功 >>> 該檔案路徑(MARS_Project/__pycache__)
[22:36:17]     | FILE         | PyCache                | REMV_PYC      | SUCC     | [檔案: __pycache__] 移除成功 >>> 該檔案路徑(MARS_Project/config/__pycache__)
[22:36:17]     | FILE         | PyCache                | REMV_PYC      | SUCC     | [檔案: __pycache__] 移除成功 >>> 該檔案路徑(MARS_Project/src/__pycache__)
[22:36:17]     | FILE         | PyCache                | REMV_PYC      | SUCC     | [檔案: __pycache__] 移除成功 >>> 該檔案路徑(MARS_Project/utils/__pycache__)
[22:36:17]     | FILE         | PyCache                | REMV_PYC      | SUCC     | [檔案: __pycache__] 移除成功 >>> 該檔案路徑(MARS_Project/config/maps/__pycache__)
[22:36:17]     | FILE         | PyCache                | REMV_PYC      | SUCC     | [檔案: __pycache__] 移除成功 >>> 該檔案路徑(MARS_Project/config/maps/schm_maps/__pycache__)
[22:36:17]     | FILE         | PyCache                | REMV_PYC      | SUCC     | [檔案: __pycache__] 移除成功 >>> 該檔案路徑(MARS_Project/config/maps/stage_maps/__pycache__)
[22:36:17]     | FILE         | PyCache                | REMV_PYC      | SUCC     | [檔案: __pycache__] 移除成功 >>> 該檔案路徑(MARS_Project/config/maps/schm_maps/infer_tables/__pycache__)
[22:36:17]     | FILE         | PyCache                | REMV_PYC      | SUCC     | [檔案: __pycache__] 移除成功 >>> 該檔案路徑(MARS_Project/config/maps/stage_maps/rules/__pycache__)
[22:36:17]     | FILE         | PyCache                | REMV_PYC      | SUCC     | [檔案: __pycache__] 移除成功 >>> 該檔案路徑(MARS_Project/src/database/__pycache__)
[22:36:17]     | FILE         | PyCache                | REMV_PYC      | SUCC     | [檔案: __pycache__] 移除成功 >>> 該檔案路徑(MARS_Project/src/data_prep/__pycache__)
[22:36:17]     | FILE         | PyCache                | REMV_PYC      | SUCC     | [檔案: __pycache__] 移除成功 >>> 該檔案路徑(MARS_Project/src/modl_opts/__pycache__)
[22:36:17]     | FILE         | PyCache                | REMV_PYC      | SUCC     | [檔案: __pycache__] 移除成功 >>> 該檔案路徑(MARS_Project/src/post_proc/__pycache__)
[22:36:17]     | FILE         | PyCache                | REMV_PYC      | SUCC     | [檔案: __pycache__] 移除成功 >>> 該檔案路徑(MARS_Project/src/vis_recg/__pycache__)
[22:36:17]     | FILE         | PyCache                | REMV_PYC      | SUCC     | [檔案: __pycache__] 移除成功 >>> 該檔案路徑(MARS_Project/src/database/query_repo/__pycache__)
[22:36:17]     | FILE         | PyCache                | REMV_PYC      | SUCC     | [檔案: __pycache__] 移除成功 >>> 該檔案路徑(MARS_Project/src/database/write_repo/__pycache__)
[22:36:17]     | FILE         | PyCache                | REMV_PYC      | SUCC     | [檔案: __pycache__] 移除成功 >>> 該檔案路徑(MARS_Project/src/database/write_repo/infer/__pycache__)
[22:36:17]     | FILE         | PyCache                | REMV_PYC      | SUCC     | [檔案: __pycache__] 移除成功 >>> 該檔案路徑(MARS_Project/src/database/write_repo/train/__pycache__)
[22:36:17]     | FILE         | PyCache                | REMV_PYC      | SUCC     | [檔案: __pycache__] 移除成功 >>> 該檔案路徑(MARS_Project/src/vis_recg/img_proc/__pycache__)
[22:36:17]     | FILE         | PyCache                | REMV_PYC      | SUCC     | [檔案: __pycache__] 移除成功 >>> 該檔案路徑(MARS_Project/src/vis_recg/pipelines/__pycache__)
[22:36:17]     | FILE         | PyCache                | REMV_PYC      | SUCC     | [檔案: __pycache__] 移除成功 >>> 該檔案路徑(MARS_Project/src/vis_recg/img_proc/char_rules/__pycache__)
[22:36:17]     | FILE         | PyCache                | REMV_PYC      | SUCC     | [檔案: __pycache__] 移除成功 >>> 該檔案路徑(MARS_Project/utils/env/__pycache__)
[22:36:17]     | FILE         | PyCache                | REMV_PYC      | SUCC     | [檔案: __pycache__] 移除成功 >>> 該檔案路徑(MARS_Project/utils/log/__pycache__)
[22:36:19]     ----------------------------------------------------------------------------------------------------------------------------------------------------------------------
[22:36:19]     | REMV-DONE    | 執行結果: 共計移除 23 個快取檔案 | 結束時間: 2026-09-21 22:36:19
[22:36:19]     ======================================================================================================================================================================
[22:36:19]                                                                                                                                                                           
[22:36:19]     ======================================================================================================================================================================
[22:36:19]     | INIT-DB      | 任務名稱: 全域資料表部署任務       | 啟動時間: 2026-09-21 22:36:19
[22:36:19]     ----------------------------------------------------------------------------------------------------------------------------------------------------------------------
[22:36:19]     | DB           | MARS_DB                | INIT_SCHM     | SUCC     | [架構: train] 部署成功 >>> 該架構及其執行環境已準備就緒
[22:36:19]     | DB           | MARS_DB                | INIT_TABL     | SUCC     | [資料表: modl_ver_info] 部署成功 >>> 結構建置完畢，欄位共計 18 個
[22:36:19]     | DB           | MARS_DB                | INIT_TABL     | SUCC     | [資料表: modl_fit_eval] 部署成功 >>> 結構建置完畢，欄位共計 13 個
[22:36:19]     | DB           | MARS_DB                | INIT_SCHM     | SUCC     | [架構: infer] 部署成功 >>> 該架構及其執行環境已準備就緒
[22:36:19]     | DB           | MARS_DB                | INIT_TABL     | SUCC     | [資料表: live_veh_recg] 部署成功 >>> 結構建置完畢，欄位共計 14 個
[22:36:19]     | DB           | MARS_DB                | INIT_TABL     | SUCC     | [資料表: live_veh_moni] 部署成功 >>> 結構建置完畢，欄位共計 7 個
[22:36:19]     ----------------------------------------------------------------------------------------------------------------------------------------------------------------------
[22:36:19]     | INIT-DONE    | 執行結果: 全域資料表部署完畢，共計部署 4 張資料表 | 結束時間: 2026-09-21 22:36:19
[22:36:19]     ======================================================================================================================================================================
[22:36:19]                                                                                                                                                                           
[22:36:19]     ======================================================================================================================================================================
[22:36:19]     | AUDT-DB      | 任務名稱: 全域資料表審計任務       | 啟動時間: 2026-09-21 22:36:19
[22:36:19]     ----------------------------------------------------------------------------------------------------------------------------------------------------------------------
[22:36:19]     | DB           | MARS_DB                | AUDT_TABL     | SUCC     | [資料表: modl_ver_info] 審計成功 >>> 項次-001，所屬架構(train)、系統識別碼(64196)
[22:36:19]     | DB           | MARS_DB                | AUDT_TABL     | SUCC     | [資料表: modl_fit_eval] 審計成功 >>> 項次-002，所屬架構(train)、系統識別碼(64205)
[22:36:19]     | DB           | MARS_DB                | AUDT_TABL     | SUCC     | [資料表: live_veh_recg] 審計成功 >>> 項次-003，所屬架構(infer)、系統識別碼(64213)
[22:36:19]     | DB           | MARS_DB                | AUDT_TABL     | SUCC     | [資料表: live_veh_moni] 審計成功 >>> 項次-004，所屬架構(infer)、系統識別碼(64222)
[22:36:19]     ----------------------------------------------------------------------------------------------------------------------------------------------------------------------
[22:36:19]     | AUDT-DONE    | 執行結果: 全域資料表審計完畢，共計審計 4 筆實體資料表 | 結束時間: 2026-09-21 22:36:19
[22:36:19]     ======================================================================================================================================================================
[22:36:19]                                                                                                                                                                           
[22:36:19] --------------------------------------------------------------------------------------------------------------------------------------------------------------------------
[22:36:19] | INIT-DONE    | 執行結果: 已完成系統與資料庫初始化 | 結束時間: 2026-09-21 22:36:19
[22:36:19] ==========================================================================================================================================================================
[22:36:19]                                                                                                                                                                           
[22:36:19] ==========================================================================================================================================================================
[22:36:19] | TRAIN-PIPE   | 任務名稱: 啟動 MARS 自動化訓練管線 | 啟動時間: 2026-09-21 22:36:19
[22:36:19] --------------------------------------------------------------------------------------------------------------------------------------------------------------------------
[22:36:19] ==========================================================================================================================================================================
[22:36:19] | MODL-OPTS    | 任務名稱: 模型優化階段          | 啟動時間: 2026-09-21 22:36:19
[22:36:19] --------------------------------------------------------------------------------------------------------------------------------------------------------------------------
[22:36:19] ==========================================================================================================================================================================
[22:36:19] | COORD-TASK   | 任務名稱: 階層級聯協調任務，載入 [VEH] 資料集 | 啟動時間: 2026-09-21 22:36:19
[22:36:19] --------------------------------------------------------------------------------------------------------------------------------------------------------------------------
[22:36:19] | STAGE        | COORD-VEH              | GENERATE_SUB_DATA_YAML | SUCC     | [組態: data.yaml] 生成成功 >>> 已完成 2 組次領域專屬訓練組態
[22:36:19] | STAGE        | COORD-VEH              | WRITE_SUB_OBJECT_LINEAGE | SUCC     | [記錄: sub_obj_lineage.json] 寫入成功 >>> 累計建立 0 筆跨階層級聯血統紀錄
[22:36:19] | STAGE        | COORD-VEH              | COORDINATION_SUMMARY | SUCC     | [領域: VEH] 協調成功 >>> 級聯統計如下: 
 >>> 目標主領域: VEH (雙階層架構)
 >>> 涵蓋次領域: LIC, BRAND
 >>> 主物件裁切: 0 張局部裁切影像
 >>> 次物件校正: 0 組投影平移標籤
 >>> 血統溯源檔: sub_obj_lineage.json
[22:36:19] --------------------------------------------------------------------------------------------------------------------------------------------------------------------------
[22:36:19] | COORD-DONE   | 執行結果: [VEH] 階層級聯協調全數完成，次階訓練資料集已就緒 | 結束時間: 2026-09-21 22:36:19
[22:36:19] ==========================================================================================================================================================================
[22:36:19] ==========================================================================================================================================================================
[22:36:19] | YOLO-TASK    | 任務名稱: 模型訓練任務，載入 [VEH] 資料集 (核心版本-v1.0.0) | 啟動時間: 2026-09-21 22:36:19
[22:36:19] --------------------------------------------------------------------------------------------------------------------------------------------------------------------------
[22:36:19] | MODEL        | YOLO-T-VEH             | READ_DATA_YAML | SUCC     | [檔案: data.yaml] 讀取成功 >>> 已指向標註資料集中介資料 (類別數: 4)
[22:36:34] | MODEL        | YOLO-T-VEH             | EXECUTE_YOLO_TRAIN | FAIL     | [任務: 模型擬合訓練] 運行失敗 >>> 非預期系統異常，堆疊資訊如下: 
Traceback (most recent call last):
  File "C:\Users\magiceason\Desktop\MARS_Project\src\modl_opts\auto_train.py", line 308, in _execute_yolo_train
    model.train(
  File "C:\Users\magiceason\Desktop\MARS_Project\venv\Lib\site-packages\ultralytics\engine\model.py", line 806, in train
    self.trainer = (trainer or self._smart_load("trainer"))(overrides=args, _callbacks=self.callbacks)
                   ^^^^^^^^^^^^^^^^^^^^^^^^^^^^^^^^^^^^^^^^^^^^^^^^^^^^^^^^^^^^^^^^^^^^^^^^^^^^^^^^^^^
  File "C:\Users\magiceason\Desktop\MARS_Project\venv\Lib\site-packages\ultralytics\models\yolo\detect\train.py", line 63, in __init__
    super().__init__(cfg, overrides, _callbacks)
  File "C:\Users\magiceason\Desktop\MARS_Project\venv\Lib\site-packages\ultralytics\engine\trainer.py", line 128, in __init__
    self.args = get_cfg(cfg, overrides)
                ^^^^^^^^^^^^^^^^^^^^^^^
  File "C:\Users\magiceason\Desktop\MARS_Project\venv\Lib\site-packages\ultralytics\cfg\__init__.py", line 361, in get_cfg
    check_dict_alignment(cfg, overrides)
  File "C:\Users\magiceason\Desktop\MARS_Project\venv\Lib\site-packages\ultralytics\cfg\__init__.py", line 614, in check_dict_alignment
    raise SyntaxError(string + CLI_HELP_MSG) from e
SyntaxError: '[31m[1maccumulate[0m' is not a valid YOLO argument. 

    Arguments received: ['yolo', '--mode', 'train', '--stage', 'train', '--ver_id', 'VEH:v1.0.0', '--epochs', 'VEH:5', '--lr', 'VEH:0.01']. Ultralytics 'yolo' commands use the following syntax:

        yolo TASK MODE ARGS

        Where   TASK (optional) is one of ['obb', 'semantic', 'classify', 'pose', 'segment', 'detect']
                MODE (required) is one of ['val', 'export', 'train', 'predict', 'benchmark', 'track']
                ARGS (optional) are any number of custom 'arg=value' pairs like 'imgsz=320' that override defaults.
                    See all ARGS at https://docs.ultralytics.com/usage/cfg or with 'yolo cfg'

    1. Train a detection model for 10 epochs with an initial learning_rate of 0.01
        yolo train data=coco8.yaml model=yolo26n.pt epochs=10 lr0=0.01

    2. Predict a YouTube video using a pretrained segmentation model at image size 320:
        yolo predict model=yolo26n-seg.pt source='https://youtu.be/LNwODJXcvt4' imgsz=320

    3. Validate a pretrained detection model at batch-size 1 and image size 640:
        yolo val model=yolo26n.pt data=coco8.yaml batch=1 imgsz=640

    4. Export a YOLO26n classification model to ONNX format at image size 224 by 128 (no TASK required)
        yolo export model=yolo26n-cls.pt format=onnx imgsz=224,128

    5. Ultralytics solutions usage
        yolo solutions count or any of ['crop', 'blur', 'workout', 'heatmap', 'isegment', 'visioneye', 'speed', 'queue', 'analytics', 'inference', 'trackzone', 'region', 'security', 'parking'] source="path/to/video.mp4"

    6. Run special commands:
        yolo help
        yolo checks
        yolo version
        yolo settings
        yolo copy-cfg
        yolo cfg
        yolo solutions help

    Docs: https://docs.ultralytics.com
    Solutions: https://docs.ultralytics.com/solutions/
    Community: https://community.ultralytics.com
    GitHub: https://github.com/ultralytics/ultralytics
    

[22:36:34] --------------------------------------------------------------------------------------------------------------------------------------------------------------------------
[22:36:34] | YOLO-FAIL    | 執行結果: 模型訓練發生異常，請調閱堆疊日誌排查問題 | 結束時間: 2026-09-21 22:36:34
[22:36:34] ==========================================================================================================================================================================
[22:36:34] --------------------------------------------------------------------------------------------------------------------------------------------------------------------------
[22:36:34] | OPTS-FAIL    | 執行結果: 模型優化發生異常，領域分布如下: 模型訓練失敗(VEH:500) | 結束時間: 2026-09-21 22:36:34
[22:36:34] ==========================================================================================================================================================================
[22:36:34] --------------------------------------------------------------------------------------------------------------------------------------------------------------------------
[22:36:34] | PIPE-FAIL    | 執行結果: [自動化訓練管線(僅訓練)] 發生異常，部分領域模型優化作業遭遇失敗 | 結束時間: 2026-09-21 22:36:34
[22:36:34] ==========================================================================================================================================================================
[22:42:55] ==========================================================================================================================================================================
[22:42:55] | INIT-ENVR    | 任務名稱: 系統環境與資料庫初始化作業   | 啟動時間: 2026-09-21 22:42:55
[22:42:55] --------------------------------------------------------------------------------------------------------------------------------------------------------------------------
[22:42:55]                                                                                                                                                                           
[22:42:55]     ======================================================================================================================================================================
[22:42:55]     | REMV-PYC     | 任務名稱: PyCache 快取檔案移除任務 | 啟動時間: 2026-09-21 22:42:55
[22:42:55]     ----------------------------------------------------------------------------------------------------------------------------------------------------------------------
[22:42:55]     | FILE         | PyCache                | REMV_PYC      | SUCC     | [檔案: __pycache__] 移除成功 >>> 該檔案路徑(MARS_Project/__pycache__)
[22:42:55]     | FILE         | PyCache                | REMV_PYC      | SUCC     | [檔案: __pycache__] 移除成功 >>> 該檔案路徑(MARS_Project/config/__pycache__)
[22:42:55]     | FILE         | PyCache                | REMV_PYC      | SUCC     | [檔案: __pycache__] 移除成功 >>> 該檔案路徑(MARS_Project/src/__pycache__)
[22:42:55]     | FILE         | PyCache                | REMV_PYC      | SUCC     | [檔案: __pycache__] 移除成功 >>> 該檔案路徑(MARS_Project/utils/__pycache__)
[22:42:55]     | FILE         | PyCache                | REMV_PYC      | SUCC     | [檔案: __pycache__] 移除成功 >>> 該檔案路徑(MARS_Project/config/maps/__pycache__)
[22:42:55]     | FILE         | PyCache                | REMV_PYC      | SUCC     | [檔案: __pycache__] 移除成功 >>> 該檔案路徑(MARS_Project/config/maps/schm_maps/__pycache__)
[22:42:55]     | FILE         | PyCache                | REMV_PYC      | SUCC     | [檔案: __pycache__] 移除成功 >>> 該檔案路徑(MARS_Project/config/maps/stage_maps/__pycache__)
[22:42:55]     | FILE         | PyCache                | REMV_PYC      | SUCC     | [檔案: __pycache__] 移除成功 >>> 該檔案路徑(MARS_Project/config/maps/schm_maps/infer_tables/__pycache__)
[22:42:55]     | FILE         | PyCache                | REMV_PYC      | SUCC     | [檔案: __pycache__] 移除成功 >>> 該檔案路徑(MARS_Project/config/maps/stage_maps/rules/__pycache__)
[22:42:55]     | FILE         | PyCache                | REMV_PYC      | SUCC     | [檔案: __pycache__] 移除成功 >>> 該檔案路徑(MARS_Project/src/database/__pycache__)
[22:42:55]     | FILE         | PyCache                | REMV_PYC      | SUCC     | [檔案: __pycache__] 移除成功 >>> 該檔案路徑(MARS_Project/src/data_prep/__pycache__)
[22:42:55]     | FILE         | PyCache                | REMV_PYC      | SUCC     | [檔案: __pycache__] 移除成功 >>> 該檔案路徑(MARS_Project/src/modl_opts/__pycache__)
[22:42:55]     | FILE         | PyCache                | REMV_PYC      | SUCC     | [檔案: __pycache__] 移除成功 >>> 該檔案路徑(MARS_Project/src/post_proc/__pycache__)
[22:42:55]     | FILE         | PyCache                | REMV_PYC      | SUCC     | [檔案: __pycache__] 移除成功 >>> 該檔案路徑(MARS_Project/src/vis_recg/__pycache__)
[22:42:55]     | FILE         | PyCache                | REMV_PYC      | SUCC     | [檔案: __pycache__] 移除成功 >>> 該檔案路徑(MARS_Project/src/database/query_repo/__pycache__)
[22:42:55]     | FILE         | PyCache                | REMV_PYC      | SUCC     | [檔案: __pycache__] 移除成功 >>> 該檔案路徑(MARS_Project/src/database/write_repo/__pycache__)
[22:42:55]     | FILE         | PyCache                | REMV_PYC      | SUCC     | [檔案: __pycache__] 移除成功 >>> 該檔案路徑(MARS_Project/src/database/write_repo/infer/__pycache__)
[22:42:55]     | FILE         | PyCache                | REMV_PYC      | SUCC     | [檔案: __pycache__] 移除成功 >>> 該檔案路徑(MARS_Project/src/database/write_repo/train/__pycache__)
[22:42:55]     | FILE         | PyCache                | REMV_PYC      | SUCC     | [檔案: __pycache__] 移除成功 >>> 該檔案路徑(MARS_Project/src/vis_recg/img_proc/__pycache__)
[22:42:55]     | FILE         | PyCache                | REMV_PYC      | SUCC     | [檔案: __pycache__] 移除成功 >>> 該檔案路徑(MARS_Project/src/vis_recg/pipelines/__pycache__)
[22:42:55]     | FILE         | PyCache                | REMV_PYC      | SUCC     | [檔案: __pycache__] 移除成功 >>> 該檔案路徑(MARS_Project/src/vis_recg/img_proc/char_rules/__pycache__)
[22:42:55]     | FILE         | PyCache                | REMV_PYC      | SUCC     | [檔案: __pycache__] 移除成功 >>> 該檔案路徑(MARS_Project/utils/env/__pycache__)
[22:42:55]     | FILE         | PyCache                | REMV_PYC      | SUCC     | [檔案: __pycache__] 移除成功 >>> 該檔案路徑(MARS_Project/utils/log/__pycache__)
[22:42:56]     ----------------------------------------------------------------------------------------------------------------------------------------------------------------------
[22:42:56]     | REMV-DONE    | 執行結果: 共計移除 23 個快取檔案 | 結束時間: 2026-09-21 22:42:56
[22:42:56]     ======================================================================================================================================================================
[22:42:56]                                                                                                                                                                           
[22:42:56]     ======================================================================================================================================================================
[22:42:56]     | INIT-DB      | 任務名稱: 全域資料表部署任務       | 啟動時間: 2026-09-21 22:42:56
[22:42:56]     ----------------------------------------------------------------------------------------------------------------------------------------------------------------------
[22:42:56]     | DB           | MARS_DB                | INIT_SCHM     | SUCC     | [架構: train] 部署成功 >>> 該架構及其執行環境已準備就緒
[22:42:56]     | DB           | MARS_DB                | INIT_TABL     | SUCC     | [資料表: modl_ver_info] 部署成功 >>> 結構建置完畢，欄位共計 18 個
[22:42:56]     | DB           | MARS_DB                | INIT_TABL     | SUCC     | [資料表: modl_fit_eval] 部署成功 >>> 結構建置完畢，欄位共計 13 個
[22:42:56]     | DB           | MARS_DB                | INIT_SCHM     | SUCC     | [架構: infer] 部署成功 >>> 該架構及其執行環境已準備就緒
[22:42:56]     | DB           | MARS_DB                | INIT_TABL     | SUCC     | [資料表: live_veh_recg] 部署成功 >>> 結構建置完畢，欄位共計 14 個
[22:42:56]     | DB           | MARS_DB                | INIT_TABL     | SUCC     | [資料表: live_veh_moni] 部署成功 >>> 結構建置完畢，欄位共計 7 個
[22:42:56]     ----------------------------------------------------------------------------------------------------------------------------------------------------------------------
[22:42:56]     | INIT-DONE    | 執行結果: 全域資料表部署完畢，共計部署 4 張資料表 | 結束時間: 2026-09-21 22:42:56
[22:42:56]     ======================================================================================================================================================================
[22:42:56]                                                                                                                                                                           
[22:42:56]     ======================================================================================================================================================================
[22:42:56]     | AUDT-DB      | 任務名稱: 全域資料表審計任務       | 啟動時間: 2026-09-21 22:42:56
[22:42:56]     ----------------------------------------------------------------------------------------------------------------------------------------------------------------------
[22:42:56]     | DB           | MARS_DB                | AUDT_TABL     | SUCC     | [資料表: modl_ver_info] 審計成功 >>> 項次-001，所屬架構(train)、系統識別碼(64196)
[22:42:56]     | DB           | MARS_DB                | AUDT_TABL     | SUCC     | [資料表: modl_fit_eval] 審計成功 >>> 項次-002，所屬架構(train)、系統識別碼(64205)
[22:42:56]     | DB           | MARS_DB                | AUDT_TABL     | SUCC     | [資料表: live_veh_recg] 審計成功 >>> 項次-003，所屬架構(infer)、系統識別碼(64213)
[22:42:56]     | DB           | MARS_DB                | AUDT_TABL     | SUCC     | [資料表: live_veh_moni] 審計成功 >>> 項次-004，所屬架構(infer)、系統識別碼(64222)
[22:42:56]     ----------------------------------------------------------------------------------------------------------------------------------------------------------------------
[22:42:56]     | AUDT-DONE    | 執行結果: 全域資料表審計完畢，共計審計 4 筆實體資料表 | 結束時間: 2026-09-21 22:42:56
[22:42:56]     ======================================================================================================================================================================
[22:42:56]                                                                                                                                                                           
[22:42:56] --------------------------------------------------------------------------------------------------------------------------------------------------------------------------
[22:42:56] | INIT-DONE    | 執行結果: 已完成系統與資料庫初始化 | 結束時間: 2026-09-21 22:42:56
[22:42:56] ==========================================================================================================================================================================
[22:42:56]                                                                                                                                                                           
[22:42:56] ==========================================================================================================================================================================
[22:42:56] | TRAIN-PIPE   | 任務名稱: 啟動 MARS 自動化訓練管線 | 啟動時間: 2026-09-21 22:42:56
[22:42:56] --------------------------------------------------------------------------------------------------------------------------------------------------------------------------
[22:42:56] ==========================================================================================================================================================================
[22:42:56] | MODL-OPTS    | 任務名稱: 模型優化階段          | 啟動時間: 2026-09-21 22:42:56
[22:42:56] --------------------------------------------------------------------------------------------------------------------------------------------------------------------------
[22:42:56] ==========================================================================================================================================================================
[22:42:56] | COORD-TASK   | 任務名稱: 階層級聯協調任務，載入 [VEH] 資料集 | 啟動時間: 2026-09-21 22:42:56
[22:42:56] --------------------------------------------------------------------------------------------------------------------------------------------------------------------------
[22:42:56] | STAGE        | COORD-VEH              | GENERATE_SUB_DATA_YAML | SUCC     | [組態: data.yaml] 生成成功 >>> 已完成 2 組次領域專屬訓練組態
[22:42:56] | STAGE        | COORD-VEH              | WRITE_SUB_OBJECT_LINEAGE | SUCC     | [記錄: sub_obj_lineage.json] 寫入成功 >>> 累計建立 0 筆跨階層級聯血統紀錄
[22:42:56] | STAGE        | COORD-VEH              | COORDINATION_SUMMARY | SUCC     | [領域: VEH] 協調成功 >>> 級聯統計如下: 
 >>> 目標主領域: VEH (雙階層架構)
 >>> 涵蓋次領域: LIC, BRAND
 >>> 主物件裁切: 0 張局部裁切影像
 >>> 次物件校正: 0 組投影平移標籤
 >>> 血統溯源檔: sub_obj_lineage.json
[22:42:56] --------------------------------------------------------------------------------------------------------------------------------------------------------------------------
[22:42:56] | COORD-DONE   | 執行結果: [VEH] 階層級聯協調全數完成，次階訓練資料集已就緒 | 結束時間: 2026-09-21 22:42:56
[22:42:56] ==========================================================================================================================================================================
[22:42:56] ==========================================================================================================================================================================
[22:42:56] | YOLO-TASK    | 任務名稱: 模型訓練任務，載入 [VEH] 資料集 (核心版本-v1.0.0) | 啟動時間: 2026-09-21 22:42:56
[22:42:56] --------------------------------------------------------------------------------------------------------------------------------------------------------------------------
[22:42:56] | MODEL        | YOLO-T-VEH             | READ_DATA_YAML | SUCC     | [檔案: data.yaml] 讀取成功 >>> 已指向標註資料集中介資料 (類別數: 4)
[22:43:22] | MODEL        | YOLO-T-VEH             | GENERATE_WEIGHTS | SUCC     | [檔案: best.pt] 訓練成功 >>> 已完成最佳權重歸檔至版本目錄 (v1.0.0)
[22:43:22] | MODEL        | YOLO-T-VEH             | RESOLVE_RESULTS_LOGS | SUCC     | [日誌: results.csv] 解析成功 >>> 已取得各輪次 (Epoch) 訓練成果，最佳 mAP50: 0.0104
[22:43:22] | MODEL        | YOLO-T-VEH             | SYNC_TRAIN_DATABASE | FAIL     | [資料庫: MARS-DB] 寫入失敗 >>> 模型訓練數據同步發生異常: DBManager.batch_upsert() got an unexpected keyword argument 'table_info'
[22:43:22] --------------------------------------------------------------------------------------------------------------------------------------------------------------------------
[22:43:22] | YOLO-FAIL    | 執行結果: 模型訓練數據寫入異常，請檢查資料庫狀態 | 結束時間: 2026-09-21 22:43:22
[22:43:22] ==========================================================================================================================================================================
[22:43:22] --------------------------------------------------------------------------------------------------------------------------------------------------------------------------
[22:43:22] | OPTS-FAIL    | 執行結果: 模型優化發生異常，領域分布如下: 模型訓練失敗(VEH:500) | 結束時間: 2026-09-21 22:43:22
[22:43:22] ==========================================================================================================================================================================
[22:43:22] --------------------------------------------------------------------------------------------------------------------------------------------------------------------------
[22:43:22] | PIPE-FAIL    | 執行結果: [自動化訓練管線(僅訓練)] 發生異常，部分領域模型優化作業遭遇失敗 | 結束時間: 2026-09-21 22:43:22
[22:43:22] ==========================================================================================================================================================================
[22:52:17] ==========================================================================================================================================================================
[22:52:17] | INIT-ENVR    | 任務名稱: 系統環境與資料庫初始化作業   | 啟動時間: 2026-09-21 22:52:17
[22:52:17] --------------------------------------------------------------------------------------------------------------------------------------------------------------------------
[22:52:17]                                                                                                                                                                           
[22:52:17]     ======================================================================================================================================================================
[22:52:17]     | REMV-PYC     | 任務名稱: PyCache 快取檔案移除任務 | 啟動時間: 2026-09-21 22:52:17
[22:52:17]     ----------------------------------------------------------------------------------------------------------------------------------------------------------------------
[22:52:17]     | FILE         | PyCache                | REMV_PYC      | SUCC     | [檔案: __pycache__] 移除成功 >>> 該檔案路徑(MARS_Project/__pycache__)
[22:52:17]     | FILE         | PyCache                | REMV_PYC      | SUCC     | [檔案: __pycache__] 移除成功 >>> 該檔案路徑(MARS_Project/config/__pycache__)
[22:52:17]     | FILE         | PyCache                | REMV_PYC      | SUCC     | [檔案: __pycache__] 移除成功 >>> 該檔案路徑(MARS_Project/src/__pycache__)
[22:52:17]     | FILE         | PyCache                | REMV_PYC      | SUCC     | [檔案: __pycache__] 移除成功 >>> 該檔案路徑(MARS_Project/utils/__pycache__)
[22:52:17]     | FILE         | PyCache                | REMV_PYC      | SUCC     | [檔案: __pycache__] 移除成功 >>> 該檔案路徑(MARS_Project/config/maps/__pycache__)
[22:52:17]     | FILE         | PyCache                | REMV_PYC      | SUCC     | [檔案: __pycache__] 移除成功 >>> 該檔案路徑(MARS_Project/config/maps/schm_maps/__pycache__)
[22:52:17]     | FILE         | PyCache                | REMV_PYC      | SUCC     | [檔案: __pycache__] 移除成功 >>> 該檔案路徑(MARS_Project/config/maps/stage_maps/__pycache__)
[22:52:17]     | FILE         | PyCache                | REMV_PYC      | SUCC     | [檔案: __pycache__] 移除成功 >>> 該檔案路徑(MARS_Project/config/maps/schm_maps/infer_tables/__pycache__)
[22:52:17]     | FILE         | PyCache                | REMV_PYC      | SUCC     | [檔案: __pycache__] 移除成功 >>> 該檔案路徑(MARS_Project/config/maps/stage_maps/rules/__pycache__)
[22:52:17]     | FILE         | PyCache                | REMV_PYC      | SUCC     | [檔案: __pycache__] 移除成功 >>> 該檔案路徑(MARS_Project/src/database/__pycache__)
[22:52:17]     | FILE         | PyCache                | REMV_PYC      | SUCC     | [檔案: __pycache__] 移除成功 >>> 該檔案路徑(MARS_Project/src/data_prep/__pycache__)
[22:52:17]     | FILE         | PyCache                | REMV_PYC      | SUCC     | [檔案: __pycache__] 移除成功 >>> 該檔案路徑(MARS_Project/src/modl_opts/__pycache__)
[22:52:17]     | FILE         | PyCache                | REMV_PYC      | SUCC     | [檔案: __pycache__] 移除成功 >>> 該檔案路徑(MARS_Project/src/post_proc/__pycache__)
[22:52:17]     | FILE         | PyCache                | REMV_PYC      | SUCC     | [檔案: __pycache__] 移除成功 >>> 該檔案路徑(MARS_Project/src/vis_recg/__pycache__)
[22:52:17]     | FILE         | PyCache                | REMV_PYC      | SUCC     | [檔案: __pycache__] 移除成功 >>> 該檔案路徑(MARS_Project/src/database/query_repo/__pycache__)
[22:52:17]     | FILE         | PyCache                | REMV_PYC      | SUCC     | [檔案: __pycache__] 移除成功 >>> 該檔案路徑(MARS_Project/src/database/write_repo/__pycache__)
[22:52:17]     | FILE         | PyCache                | REMV_PYC      | SUCC     | [檔案: __pycache__] 移除成功 >>> 該檔案路徑(MARS_Project/src/database/write_repo/infer/__pycache__)
[22:52:17]     | FILE         | PyCache                | REMV_PYC      | SUCC     | [檔案: __pycache__] 移除成功 >>> 該檔案路徑(MARS_Project/src/database/write_repo/train/__pycache__)
[22:52:17]     | FILE         | PyCache                | REMV_PYC      | SUCC     | [檔案: __pycache__] 移除成功 >>> 該檔案路徑(MARS_Project/src/vis_recg/img_proc/__pycache__)
[22:52:17]     | FILE         | PyCache                | REMV_PYC      | SUCC     | [檔案: __pycache__] 移除成功 >>> 該檔案路徑(MARS_Project/src/vis_recg/pipelines/__pycache__)
[22:52:17]     | FILE         | PyCache                | REMV_PYC      | SUCC     | [檔案: __pycache__] 移除成功 >>> 該檔案路徑(MARS_Project/src/vis_recg/img_proc/char_rules/__pycache__)
[22:52:17]     | FILE         | PyCache                | REMV_PYC      | SUCC     | [檔案: __pycache__] 移除成功 >>> 該檔案路徑(MARS_Project/utils/env/__pycache__)
[22:52:17]     | FILE         | PyCache                | REMV_PYC      | SUCC     | [檔案: __pycache__] 移除成功 >>> 該檔案路徑(MARS_Project/utils/log/__pycache__)
[22:52:18]     ----------------------------------------------------------------------------------------------------------------------------------------------------------------------
[22:52:18]     | REMV-DONE    | 執行結果: 共計移除 23 個快取檔案 | 結束時間: 2026-09-21 22:52:18
[22:52:18]     ======================================================================================================================================================================
[22:52:18]                                                                                                                                                                           
[22:52:18]     ======================================================================================================================================================================
[22:52:18]     | INIT-DB      | 任務名稱: 全域資料表部署任務       | 啟動時間: 2026-09-21 22:52:18
[22:52:18]     ----------------------------------------------------------------------------------------------------------------------------------------------------------------------
[22:52:18]     | DB           | MARS_DB                | INIT_SCHM     | SUCC     | [架構: train] 部署成功 >>> 該架構及其執行環境已準備就緒
[22:52:18]     | DB           | MARS_DB                | INIT_TABL     | SUCC     | [資料表: modl_ver_info] 部署成功 >>> 結構建置完畢，欄位共計 18 個
[22:52:18]     | DB           | MARS_DB                | INIT_TABL     | SUCC     | [資料表: modl_fit_eval] 部署成功 >>> 結構建置完畢，欄位共計 13 個
[22:52:18]     | DB           | MARS_DB                | INIT_SCHM     | SUCC     | [架構: infer] 部署成功 >>> 該架構及其執行環境已準備就緒
[22:52:18]     | DB           | MARS_DB                | INIT_TABL     | SUCC     | [資料表: live_veh_recg] 部署成功 >>> 結構建置完畢，欄位共計 14 個
[22:52:18]     | DB           | MARS_DB                | INIT_TABL     | SUCC     | [資料表: live_veh_moni] 部署成功 >>> 結構建置完畢，欄位共計 7 個
[22:52:18]     ----------------------------------------------------------------------------------------------------------------------------------------------------------------------
[22:52:18]     | INIT-DONE    | 執行結果: 全域資料表部署完畢，共計部署 4 張資料表 | 結束時間: 2026-09-21 22:52:18
[22:52:18]     ======================================================================================================================================================================
[22:52:18]                                                                                                                                                                           
[22:52:18]     ======================================================================================================================================================================
[22:52:18]     | AUDT-DB      | 任務名稱: 全域資料表審計任務       | 啟動時間: 2026-09-21 22:52:18
[22:52:18]     ----------------------------------------------------------------------------------------------------------------------------------------------------------------------
[22:52:18]     | DB           | MARS_DB                | AUDT_TABL     | SUCC     | [資料表: modl_ver_info] 審計成功 >>> 項次-001，所屬架構(train)、系統識別碼(64196)
[22:52:18]     | DB           | MARS_DB                | AUDT_TABL     | SUCC     | [資料表: modl_fit_eval] 審計成功 >>> 項次-002，所屬架構(train)、系統識別碼(64205)
[22:52:18]     | DB           | MARS_DB                | AUDT_TABL     | SUCC     | [資料表: live_veh_recg] 審計成功 >>> 項次-003，所屬架構(infer)、系統識別碼(64213)
[22:52:18]     | DB           | MARS_DB                | AUDT_TABL     | SUCC     | [資料表: live_veh_moni] 審計成功 >>> 項次-004，所屬架構(infer)、系統識別碼(64222)
[22:52:18]     ----------------------------------------------------------------------------------------------------------------------------------------------------------------------
[22:52:18]     | AUDT-DONE    | 執行結果: 全域資料表審計完畢，共計審計 4 筆實體資料表 | 結束時間: 2026-09-21 22:52:18
[22:52:18]     ======================================================================================================================================================================
[22:52:18]                                                                                                                                                                           
[22:52:18] --------------------------------------------------------------------------------------------------------------------------------------------------------------------------
[22:52:18] | INIT-DONE    | 執行結果: 已完成系統與資料庫初始化 | 結束時間: 2026-09-21 22:52:18
[22:52:18] ==========================================================================================================================================================================
[22:52:18]                                                                                                                                                                           
[22:52:18] ==========================================================================================================================================================================
[22:52:18] | TRAIN-PIPE   | 任務名稱: 啟動 MARS 自動化訓練管線 | 啟動時間: 2026-09-21 22:52:18
[22:52:18] --------------------------------------------------------------------------------------------------------------------------------------------------------------------------
[22:52:18] ==========================================================================================================================================================================
[22:52:18] | MODL-OPTS    | 任務名稱: 模型優化階段          | 啟動時間: 2026-09-21 22:52:18
[22:52:18] --------------------------------------------------------------------------------------------------------------------------------------------------------------------------
[22:52:18] ==========================================================================================================================================================================
[22:52:18] | COORD-TASK   | 任務名稱: 階層級聯協調任務，載入 [VEH] 資料集 | 啟動時間: 2026-09-21 22:52:18
[22:52:18] --------------------------------------------------------------------------------------------------------------------------------------------------------------------------
[22:52:18] | STAGE        | COORD-VEH              | GENERATE_SUB_DATA_YAML | SUCC     | [組態: data.yaml] 生成成功 >>> 已完成 2 組次領域專屬訓練組態
[22:52:18] | STAGE        | COORD-VEH              | WRITE_SUB_OBJECT_LINEAGE | SUCC     | [記錄: sub_obj_lineage.json] 寫入成功 >>> 累計建立 0 筆跨階層級聯血統紀錄
[22:52:18] | STAGE        | COORD-VEH              | COORDINATION_SUMMARY | SUCC     | [領域: VEH] 協調成功 >>> 級聯統計如下: 
 >>> 目標主領域: VEH (雙階層架構)
 >>> 涵蓋次領域: LIC, BRAND
 >>> 主物件裁切: 0 張局部裁切影像
 >>> 次物件校正: 0 組投影平移標籤
 >>> 血統溯源檔: sub_obj_lineage.json
[22:52:18] --------------------------------------------------------------------------------------------------------------------------------------------------------------------------
[22:52:18] | COORD-DONE   | 執行結果: [VEH] 階層級聯協調全數完成，次階訓練資料集已就緒 | 結束時間: 2026-09-21 22:52:18
[22:52:18] ==========================================================================================================================================================================
[22:52:18] ==========================================================================================================================================================================
[22:52:18] | YOLO-TASK    | 任務名稱: 模型訓練任務，載入 [VEH] 資料集 (核心版本-v1.0.0) | 啟動時間: 2026-09-21 22:52:18
[22:52:18] --------------------------------------------------------------------------------------------------------------------------------------------------------------------------
[22:52:18] | MODEL        | YOLO-T-VEH             | READ_DATA_YAML | SUCC     | [檔案: data.yaml] 讀取成功 >>> 已指向標註資料集中介資料 (類別數: 4)
[22:52:37] | MODEL        | YOLO-T-VEH             | GENERATE_WEIGHTS | SUCC     | [檔案: best.pt] 訓練成功 >>> 已完成最佳權重歸檔至版本目錄 (v1.0.0)
[22:52:37] | MODEL        | YOLO-T-VEH             | RESOLVE_RESULTS_LOGS | SUCC     | [日誌: results.csv] 解析成功 >>> 已取得各輪次 (Epoch) 訓練成果，最佳 mAP50: 0.0104
[22:52:37] | DB           | MARS_DB                | UPST_EXCP     | FAIL     | [資料表: modl_ver_info] 寫入失敗 >>> 非預期系統異常，堆疊資訊如下: 
Traceback (most recent call last):
  File "C:\Users\magiceason\Desktop\MARS_Project\src\database\db_mngr.py", line 139, in batch_upsert
    extras.execute_batch(cur, upsert_sql, records)
  File "C:\Users\magiceason\Desktop\MARS_Project\venv\Lib\site-packages\psycopg2\extras.py", line 1216, in execute_batch
    cur.execute(b";".join(sqls))
psycopg2.errors.UndefinedColumn: column "nbs" of relation "modl_ver_info" does not exist
LINE 2: ...ght_path", "class_qty", "img_size", "batch_size", "nbs", "ep...
                                                             ^


[22:52:37] | DB           | MARS_DB                | UPST_DATA     | SUCC     | [資料表: modl_fit_eval] 寫入成功 >>> 共計更新 5 筆數據
[22:52:37] | MODEL        | YOLO-T-VEH             | SYNC_TRAIN_DATABASE | WARN     | [資料庫: MARS-DB] 寫入警示 >>> 模型版本資訊或成效指標數據「局部同步」，請調閱資料表紀錄
[22:52:37] | MODEL        | YOLO-T-VEH-LIC         | VALIDATE_DATA_YAML | WARN     | [檔案: data.yaml] 驗證警示 >>> 找不到指定的中介資料，請檢查檔案路徑(MARS_Project/data/01_train/roboflow/VEH/sub/LIC/data.yaml)
[22:52:37] --------------------------------------------------------------------------------------------------------------------------------------------------------------------------
[22:52:37] | YOLO-HALT    | 執行結果: 模型訓練暫停流程     | 結束時間: 2026-09-21 22:52:37
[22:52:37] ==========================================================================================================================================================================
[22:52:37] --------------------------------------------------------------------------------------------------------------------------------------------------------------------------
[22:52:37] | OPTS-FAIL    | 執行結果: 模型優化發生異常，領域分布如下: 模型訓練失敗(VEH:404) | 結束時間: 2026-09-21 22:52:37
[22:52:37] ==========================================================================================================================================================================
[22:52:37] --------------------------------------------------------------------------------------------------------------------------------------------------------------------------
[22:52:37] | PIPE-FAIL    | 執行結果: [自動化訓練管線(僅訓練)] 發生異常，部分領域模型優化作業遭遇失敗 | 結束時間: 2026-09-21 22:52:37
[22:52:37] ==========================================================================================================================================================================
[22:57:08] ==========================================================================================================================================================================
[22:57:08] | INIT-ENVR    | 任務名稱: 系統環境與資料庫初始化作業   | 啟動時間: 2026-09-21 22:57:08
[22:57:08] --------------------------------------------------------------------------------------------------------------------------------------------------------------------------
[22:57:08]                                                                                                                                                                           
[22:57:08]     ======================================================================================================================================================================
[22:57:08]     | REMV-PYC     | 任務名稱: PyCache 快取檔案移除任務 | 啟動時間: 2026-09-21 22:57:08
[22:57:08]     ----------------------------------------------------------------------------------------------------------------------------------------------------------------------
[22:57:08]     | FILE         | PyCache                | REMV_PYC      | SUCC     | [檔案: __pycache__] 移除成功 >>> 該檔案路徑(MARS_Project/__pycache__)
[22:57:08]     | FILE         | PyCache                | REMV_PYC      | SUCC     | [檔案: __pycache__] 移除成功 >>> 該檔案路徑(MARS_Project/config/__pycache__)
[22:57:08]     | FILE         | PyCache                | REMV_PYC      | SUCC     | [檔案: __pycache__] 移除成功 >>> 該檔案路徑(MARS_Project/src/__pycache__)
[22:57:08]     | FILE         | PyCache                | REMV_PYC      | SUCC     | [檔案: __pycache__] 移除成功 >>> 該檔案路徑(MARS_Project/utils/__pycache__)
[22:57:08]     | FILE         | PyCache                | REMV_PYC      | SUCC     | [檔案: __pycache__] 移除成功 >>> 該檔案路徑(MARS_Project/config/maps/__pycache__)
[22:57:08]     | FILE         | PyCache                | REMV_PYC      | SUCC     | [檔案: __pycache__] 移除成功 >>> 該檔案路徑(MARS_Project/config/maps/schm_maps/__pycache__)
[22:57:08]     | FILE         | PyCache                | REMV_PYC      | SUCC     | [檔案: __pycache__] 移除成功 >>> 該檔案路徑(MARS_Project/config/maps/stage_maps/__pycache__)
[22:57:08]     | FILE         | PyCache                | REMV_PYC      | SUCC     | [檔案: __pycache__] 移除成功 >>> 該檔案路徑(MARS_Project/config/maps/schm_maps/infer_tables/__pycache__)
[22:57:08]     | FILE         | PyCache                | REMV_PYC      | SUCC     | [檔案: __pycache__] 移除成功 >>> 該檔案路徑(MARS_Project/config/maps/stage_maps/rules/__pycache__)
[22:57:08]     | FILE         | PyCache                | REMV_PYC      | SUCC     | [檔案: __pycache__] 移除成功 >>> 該檔案路徑(MARS_Project/src/database/__pycache__)
[22:57:08]     | FILE         | PyCache                | REMV_PYC      | SUCC     | [檔案: __pycache__] 移除成功 >>> 該檔案路徑(MARS_Project/src/data_prep/__pycache__)
[22:57:08]     | FILE         | PyCache                | REMV_PYC      | SUCC     | [檔案: __pycache__] 移除成功 >>> 該檔案路徑(MARS_Project/src/modl_opts/__pycache__)
[22:57:08]     | FILE         | PyCache                | REMV_PYC      | SUCC     | [檔案: __pycache__] 移除成功 >>> 該檔案路徑(MARS_Project/src/post_proc/__pycache__)
[22:57:08]     | FILE         | PyCache                | REMV_PYC      | SUCC     | [檔案: __pycache__] 移除成功 >>> 該檔案路徑(MARS_Project/src/vis_recg/__pycache__)
[22:57:08]     | FILE         | PyCache                | REMV_PYC      | SUCC     | [檔案: __pycache__] 移除成功 >>> 該檔案路徑(MARS_Project/src/database/query_repo/__pycache__)
[22:57:08]     | FILE         | PyCache                | REMV_PYC      | SUCC     | [檔案: __pycache__] 移除成功 >>> 該檔案路徑(MARS_Project/src/database/write_repo/__pycache__)
[22:57:08]     | FILE         | PyCache                | REMV_PYC      | SUCC     | [檔案: __pycache__] 移除成功 >>> 該檔案路徑(MARS_Project/src/database/write_repo/infer/__pycache__)
[22:57:08]     | FILE         | PyCache                | REMV_PYC      | SUCC     | [檔案: __pycache__] 移除成功 >>> 該檔案路徑(MARS_Project/src/database/write_repo/train/__pycache__)
[22:57:08]     | FILE         | PyCache                | REMV_PYC      | SUCC     | [檔案: __pycache__] 移除成功 >>> 該檔案路徑(MARS_Project/src/vis_recg/img_proc/__pycache__)
[22:57:08]     | FILE         | PyCache                | REMV_PYC      | SUCC     | [檔案: __pycache__] 移除成功 >>> 該檔案路徑(MARS_Project/src/vis_recg/pipelines/__pycache__)
[22:57:08]     | FILE         | PyCache                | REMV_PYC      | SUCC     | [檔案: __pycache__] 移除成功 >>> 該檔案路徑(MARS_Project/src/vis_recg/img_proc/char_rules/__pycache__)
[22:57:08]     | FILE         | PyCache                | REMV_PYC      | SUCC     | [檔案: __pycache__] 移除成功 >>> 該檔案路徑(MARS_Project/utils/env/__pycache__)
[22:57:08]     | FILE         | PyCache                | REMV_PYC      | SUCC     | [檔案: __pycache__] 移除成功 >>> 該檔案路徑(MARS_Project/utils/log/__pycache__)
[22:57:09]     ----------------------------------------------------------------------------------------------------------------------------------------------------------------------
[22:57:09]     | REMV-DONE    | 執行結果: 共計移除 23 個快取檔案 | 結束時間: 2026-09-21 22:57:09
[22:57:09]     ======================================================================================================================================================================
[22:57:09]                                                                                                                                                                           
[22:57:09]     ======================================================================================================================================================================
[22:57:09]     | WIPE-DB      | 任務名稱: 全域資料表移除任務       | 啟動時間: 2026-09-21 22:57:09
[22:57:09]     ----------------------------------------------------------------------------------------------------------------------------------------------------------------------
[22:57:09]     | DB           | MARS_DB                | WIPE_TABL     | SUCC     | [資料表: live_veh_recg] 移除成功 >>> 目前累計清除 1 張資料表
[22:57:09]     | DB           | MARS_DB                | WIPE_TABL     | SUCC     | [資料表: live_veh_moni] 移除成功 >>> 目前累計清除 2 張資料表
[22:57:09]     | DB           | MARS_DB                | WIPE_SCHM     | SUCC     | [架構: infer] 移除成功 >>> 該架構及其相依實體已徹底清除
[22:57:09]     | DB           | MARS_DB                | WIPE_TABL     | SUCC     | [資料表: modl_ver_info] 移除成功 >>> 目前累計清除 3 張資料表
[22:57:09]     | DB           | MARS_DB                | WIPE_TABL     | SUCC     | [資料表: modl_fit_eval] 移除成功 >>> 目前累計清除 4 張資料表
[22:57:09]     | DB           | MARS_DB                | WIPE_SCHM     | SUCC     | [架構: train] 移除成功 >>> 該架構及其相依實體已徹底清除
[22:57:09]     ----------------------------------------------------------------------------------------------------------------------------------------------------------------------
[22:57:09]     | WIPE-DONE    | 執行結果: 全域資料庫清理完畢，共計移除 4 張資料表 | 結束時間: 2026-09-21 22:57:09
[22:57:09]     ======================================================================================================================================================================
[22:57:09]                                                                                                                                                                           
[22:57:09]     ======================================================================================================================================================================
[22:57:09]     | INIT-DB      | 任務名稱: 全域資料表部署任務       | 啟動時間: 2026-09-21 22:57:09
[22:57:09]     ----------------------------------------------------------------------------------------------------------------------------------------------------------------------
[22:57:09]     | DB           | MARS_DB                | INIT_SCHM     | SUCC     | [架構: train] 部署成功 >>> 該架構及其執行環境已準備就緒
[22:57:09]     | DB           | MARS_DB                | INIT_TABL     | SUCC     | [資料表: modl_ver_info] 部署成功 >>> 結構建置完畢，欄位共計 18 個
[22:57:09]     | DB           | MARS_DB                | INIT_TABL     | SUCC     | [資料表: modl_fit_eval] 部署成功 >>> 結構建置完畢，欄位共計 13 個
[22:57:09]     | DB           | MARS_DB                | INIT_SCHM     | SUCC     | [架構: infer] 部署成功 >>> 該架構及其執行環境已準備就緒
[22:57:09]     | DB           | MARS_DB                | INIT_TABL     | SUCC     | [資料表: live_veh_recg] 部署成功 >>> 結構建置完畢，欄位共計 14 個
[22:57:09]     | DB           | MARS_DB                | INIT_TABL     | SUCC     | [資料表: live_veh_moni] 部署成功 >>> 結構建置完畢，欄位共計 7 個
[22:57:09]     ----------------------------------------------------------------------------------------------------------------------------------------------------------------------
[22:57:09]     | INIT-DONE    | 執行結果: 全域資料表部署完畢，共計部署 4 張資料表 | 結束時間: 2026-09-21 22:57:09
[22:57:09]     ======================================================================================================================================================================
[22:57:09]                                                                                                                                                                           
[22:57:09]     ======================================================================================================================================================================
[22:57:09]     | AUDT-DB      | 任務名稱: 全域資料表審計任務       | 啟動時間: 2026-09-21 22:57:09
[22:57:09]     ----------------------------------------------------------------------------------------------------------------------------------------------------------------------
[22:57:10]     | DB           | MARS_DB                | AUDT_TABL     | SUCC     | [資料表: modl_ver_info] 審計成功 >>> 項次-001，所屬架構(train)、系統識別碼(64232)
[22:57:10]     | DB           | MARS_DB                | AUDT_TABL     | SUCC     | [資料表: modl_fit_eval] 審計成功 >>> 項次-002，所屬架構(train)、系統識別碼(64241)
[22:57:10]     | DB           | MARS_DB                | AUDT_TABL     | SUCC     | [資料表: live_veh_recg] 審計成功 >>> 項次-003，所屬架構(infer)、系統識別碼(64249)
[22:57:10]     | DB           | MARS_DB                | AUDT_TABL     | SUCC     | [資料表: live_veh_moni] 審計成功 >>> 項次-004，所屬架構(infer)、系統識別碼(64258)
[22:57:10]     ----------------------------------------------------------------------------------------------------------------------------------------------------------------------
[22:57:10]     | AUDT-DONE    | 執行結果: 全域資料表審計完畢，共計審計 4 筆實體資料表 | 結束時間: 2026-09-21 22:57:10
[22:57:10]     ======================================================================================================================================================================
[22:57:10]                                                                                                                                                                           
[22:57:10] --------------------------------------------------------------------------------------------------------------------------------------------------------------------------
[22:57:10] | INIT-DONE    | 執行結果: 已完成系統與資料庫初始化 | 結束時間: 2026-09-21 22:57:10
[22:57:10] ==========================================================================================================================================================================
[22:57:10]                                                                                                                                                                           
[22:57:22] ==========================================================================================================================================================================
[22:57:22] | INIT-ENVR    | 任務名稱: 系統環境與資料庫初始化作業   | 啟動時間: 2026-09-21 22:57:22
[22:57:22] --------------------------------------------------------------------------------------------------------------------------------------------------------------------------
[22:57:22]                                                                                                                                                                           
[22:57:22]     ======================================================================================================================================================================
[22:57:22]     | REMV-PYC     | 任務名稱: PyCache 快取檔案移除任務 | 啟動時間: 2026-09-21 22:57:22
[22:57:22]     ----------------------------------------------------------------------------------------------------------------------------------------------------------------------
[22:57:22]     | FILE         | PyCache                | REMV_PYC      | SUCC     | [檔案: __pycache__] 移除成功 >>> 該檔案路徑(MARS_Project/__pycache__)
[22:57:22]     | FILE         | PyCache                | REMV_PYC      | SUCC     | [檔案: __pycache__] 移除成功 >>> 該檔案路徑(MARS_Project/config/__pycache__)
[22:57:22]     | FILE         | PyCache                | REMV_PYC      | SUCC     | [檔案: __pycache__] 移除成功 >>> 該檔案路徑(MARS_Project/src/__pycache__)
[22:57:22]     | FILE         | PyCache                | REMV_PYC      | SUCC     | [檔案: __pycache__] 移除成功 >>> 該檔案路徑(MARS_Project/utils/__pycache__)
[22:57:22]     | FILE         | PyCache                | REMV_PYC      | SUCC     | [檔案: __pycache__] 移除成功 >>> 該檔案路徑(MARS_Project/config/maps/__pycache__)
[22:57:22]     | FILE         | PyCache                | REMV_PYC      | SUCC     | [檔案: __pycache__] 移除成功 >>> 該檔案路徑(MARS_Project/config/maps/schm_maps/__pycache__)
[22:57:22]     | FILE         | PyCache                | REMV_PYC      | SUCC     | [檔案: __pycache__] 移除成功 >>> 該檔案路徑(MARS_Project/config/maps/stage_maps/__pycache__)
[22:57:22]     | FILE         | PyCache                | REMV_PYC      | SUCC     | [檔案: __pycache__] 移除成功 >>> 該檔案路徑(MARS_Project/config/maps/schm_maps/infer_tables/__pycache__)
[22:57:22]     | FILE         | PyCache                | REMV_PYC      | SUCC     | [檔案: __pycache__] 移除成功 >>> 該檔案路徑(MARS_Project/config/maps/stage_maps/rules/__pycache__)
[22:57:22]     | FILE         | PyCache                | REMV_PYC      | SUCC     | [檔案: __pycache__] 移除成功 >>> 該檔案路徑(MARS_Project/src/database/__pycache__)
[22:57:22]     | FILE         | PyCache                | REMV_PYC      | SUCC     | [檔案: __pycache__] 移除成功 >>> 該檔案路徑(MARS_Project/src/data_prep/__pycache__)
[22:57:22]     | FILE         | PyCache                | REMV_PYC      | SUCC     | [檔案: __pycache__] 移除成功 >>> 該檔案路徑(MARS_Project/src/modl_opts/__pycache__)
[22:57:23]     | FILE         | PyCache                | REMV_PYC      | SUCC     | [檔案: __pycache__] 移除成功 >>> 該檔案路徑(MARS_Project/src/post_proc/__pycache__)
[22:57:23]     | FILE         | PyCache                | REMV_PYC      | SUCC     | [檔案: __pycache__] 移除成功 >>> 該檔案路徑(MARS_Project/src/vis_recg/__pycache__)
[22:57:23]     | FILE         | PyCache                | REMV_PYC      | SUCC     | [檔案: __pycache__] 移除成功 >>> 該檔案路徑(MARS_Project/src/database/query_repo/__pycache__)
[22:57:23]     | FILE         | PyCache                | REMV_PYC      | SUCC     | [檔案: __pycache__] 移除成功 >>> 該檔案路徑(MARS_Project/src/database/write_repo/__pycache__)
[22:57:23]     | FILE         | PyCache                | REMV_PYC      | SUCC     | [檔案: __pycache__] 移除成功 >>> 該檔案路徑(MARS_Project/src/database/write_repo/infer/__pycache__)
[22:57:23]     | FILE         | PyCache                | REMV_PYC      | SUCC     | [檔案: __pycache__] 移除成功 >>> 該檔案路徑(MARS_Project/src/database/write_repo/train/__pycache__)
[22:57:23]     | FILE         | PyCache                | REMV_PYC      | SUCC     | [檔案: __pycache__] 移除成功 >>> 該檔案路徑(MARS_Project/src/vis_recg/img_proc/__pycache__)
[22:57:23]     | FILE         | PyCache                | REMV_PYC      | SUCC     | [檔案: __pycache__] 移除成功 >>> 該檔案路徑(MARS_Project/src/vis_recg/pipelines/__pycache__)
[22:57:23]     | FILE         | PyCache                | REMV_PYC      | SUCC     | [檔案: __pycache__] 移除成功 >>> 該檔案路徑(MARS_Project/src/vis_recg/img_proc/char_rules/__pycache__)
[22:57:23]     | FILE         | PyCache                | REMV_PYC      | SUCC     | [檔案: __pycache__] 移除成功 >>> 該檔案路徑(MARS_Project/utils/env/__pycache__)
[22:57:23]     | FILE         | PyCache                | REMV_PYC      | SUCC     | [檔案: __pycache__] 移除成功 >>> 該檔案路徑(MARS_Project/utils/log/__pycache__)
[22:57:23]     ----------------------------------------------------------------------------------------------------------------------------------------------------------------------
[22:57:23]     | REMV-DONE    | 執行結果: 共計移除 23 個快取檔案 | 結束時間: 2026-09-21 22:57:23
[22:57:23]     ======================================================================================================================================================================
[22:57:23]                                                                                                                                                                           
[22:57:23]     ======================================================================================================================================================================
[22:57:23]     | INIT-DB      | 任務名稱: 全域資料表部署任務       | 啟動時間: 2026-09-21 22:57:23
[22:57:23]     ----------------------------------------------------------------------------------------------------------------------------------------------------------------------
[22:57:23]     | DB           | MARS_DB                | INIT_SCHM     | SUCC     | [架構: train] 部署成功 >>> 該架構及其執行環境已準備就緒
[22:57:23]     | DB           | MARS_DB                | INIT_TABL     | SUCC     | [資料表: modl_ver_info] 部署成功 >>> 結構建置完畢，欄位共計 18 個
[22:57:24]     | DB           | MARS_DB                | INIT_TABL     | SUCC     | [資料表: modl_fit_eval] 部署成功 >>> 結構建置完畢，欄位共計 13 個
[22:57:24]     | DB           | MARS_DB                | INIT_SCHM     | SUCC     | [架構: infer] 部署成功 >>> 該架構及其執行環境已準備就緒
[22:57:24]     | DB           | MARS_DB                | INIT_TABL     | SUCC     | [資料表: live_veh_recg] 部署成功 >>> 結構建置完畢，欄位共計 14 個
[22:57:24]     | DB           | MARS_DB                | INIT_TABL     | SUCC     | [資料表: live_veh_moni] 部署成功 >>> 結構建置完畢，欄位共計 7 個
[22:57:24]     ----------------------------------------------------------------------------------------------------------------------------------------------------------------------
[22:57:24]     | INIT-DONE    | 執行結果: 全域資料表部署完畢，共計部署 4 張資料表 | 結束時間: 2026-09-21 22:57:24
[22:57:24]     ======================================================================================================================================================================
[22:57:24]                                                                                                                                                                           
[22:57:24]     ======================================================================================================================================================================
[22:57:24]     | AUDT-DB      | 任務名稱: 全域資料表審計任務       | 啟動時間: 2026-09-21 22:57:24
[22:57:24]     ----------------------------------------------------------------------------------------------------------------------------------------------------------------------
[22:57:24]     | DB           | MARS_DB                | AUDT_TABL     | SUCC     | [資料表: modl_ver_info] 審計成功 >>> 項次-001，所屬架構(train)、系統識別碼(64232)
[22:57:24]     | DB           | MARS_DB                | AUDT_TABL     | SUCC     | [資料表: modl_fit_eval] 審計成功 >>> 項次-002，所屬架構(train)、系統識別碼(64241)
[22:57:24]     | DB           | MARS_DB                | AUDT_TABL     | SUCC     | [資料表: live_veh_recg] 審計成功 >>> 項次-003，所屬架構(infer)、系統識別碼(64249)
[22:57:24]     | DB           | MARS_DB                | AUDT_TABL     | SUCC     | [資料表: live_veh_moni] 審計成功 >>> 項次-004，所屬架構(infer)、系統識別碼(64258)
[22:57:24]     ----------------------------------------------------------------------------------------------------------------------------------------------------------------------
[22:57:24]     | AUDT-DONE    | 執行結果: 全域資料表審計完畢，共計審計 4 筆實體資料表 | 結束時間: 2026-09-21 22:57:24
[22:57:24]     ======================================================================================================================================================================
[22:57:24]                                                                                                                                                                           
[22:57:24] --------------------------------------------------------------------------------------------------------------------------------------------------------------------------
[22:57:24] | INIT-DONE    | 執行結果: 已完成系統與資料庫初始化 | 結束時間: 2026-09-21 22:57:24
[22:57:24] ==========================================================================================================================================================================
[22:57:24]                                                                                                                                                                           
[22:57:37] ==========================================================================================================================================================================
[22:57:37] | INIT-ENVR    | 任務名稱: 系統環境與資料庫初始化作業   | 啟動時間: 2026-09-21 22:57:37
[22:57:37] --------------------------------------------------------------------------------------------------------------------------------------------------------------------------
[22:57:37]                                                                                                                                                                           
[22:57:37]     ======================================================================================================================================================================
[22:57:37]     | REMV-PYC     | 任務名稱: PyCache 快取檔案移除任務 | 啟動時間: 2026-09-21 22:57:37
[22:57:37]     ----------------------------------------------------------------------------------------------------------------------------------------------------------------------
[22:57:37]     | FILE         | PyCache                | REMV_PYC      | SUCC     | [檔案: __pycache__] 移除成功 >>> 該檔案路徑(MARS_Project/__pycache__)
[22:57:37]     | FILE         | PyCache                | REMV_PYC      | SUCC     | [檔案: __pycache__] 移除成功 >>> 該檔案路徑(MARS_Project/config/__pycache__)
[22:57:37]     | FILE         | PyCache                | REMV_PYC      | SUCC     | [檔案: __pycache__] 移除成功 >>> 該檔案路徑(MARS_Project/src/__pycache__)
[22:57:37]     | FILE         | PyCache                | REMV_PYC      | SUCC     | [檔案: __pycache__] 移除成功 >>> 該檔案路徑(MARS_Project/utils/__pycache__)
[22:57:37]     | FILE         | PyCache                | REMV_PYC      | SUCC     | [檔案: __pycache__] 移除成功 >>> 該檔案路徑(MARS_Project/config/maps/__pycache__)
[22:57:37]     | FILE         | PyCache                | REMV_PYC      | SUCC     | [檔案: __pycache__] 移除成功 >>> 該檔案路徑(MARS_Project/config/maps/schm_maps/__pycache__)
[22:57:37]     | FILE         | PyCache                | REMV_PYC      | SUCC     | [檔案: __pycache__] 移除成功 >>> 該檔案路徑(MARS_Project/config/maps/stage_maps/__pycache__)
[22:57:37]     | FILE         | PyCache                | REMV_PYC      | SUCC     | [檔案: __pycache__] 移除成功 >>> 該檔案路徑(MARS_Project/config/maps/schm_maps/infer_tables/__pycache__)
[22:57:37]     | FILE         | PyCache                | REMV_PYC      | SUCC     | [檔案: __pycache__] 移除成功 >>> 該檔案路徑(MARS_Project/config/maps/stage_maps/rules/__pycache__)
[22:57:37]     | FILE         | PyCache                | REMV_PYC      | SUCC     | [檔案: __pycache__] 移除成功 >>> 該檔案路徑(MARS_Project/src/database/__pycache__)
[22:57:37]     | FILE         | PyCache                | REMV_PYC      | SUCC     | [檔案: __pycache__] 移除成功 >>> 該檔案路徑(MARS_Project/src/data_prep/__pycache__)
[22:57:37]     | FILE         | PyCache                | REMV_PYC      | SUCC     | [檔案: __pycache__] 移除成功 >>> 該檔案路徑(MARS_Project/src/modl_opts/__pycache__)
[22:57:37]     | FILE         | PyCache                | REMV_PYC      | SUCC     | [檔案: __pycache__] 移除成功 >>> 該檔案路徑(MARS_Project/src/post_proc/__pycache__)
[22:57:37]     | FILE         | PyCache                | REMV_PYC      | SUCC     | [檔案: __pycache__] 移除成功 >>> 該檔案路徑(MARS_Project/src/vis_recg/__pycache__)
[22:57:37]     | FILE         | PyCache                | REMV_PYC      | SUCC     | [檔案: __pycache__] 移除成功 >>> 該檔案路徑(MARS_Project/src/database/query_repo/__pycache__)
[22:57:37]     | FILE         | PyCache                | REMV_PYC      | SUCC     | [檔案: __pycache__] 移除成功 >>> 該檔案路徑(MARS_Project/src/database/write_repo/__pycache__)
[22:57:37]     | FILE         | PyCache                | REMV_PYC      | SUCC     | [檔案: __pycache__] 移除成功 >>> 該檔案路徑(MARS_Project/src/database/write_repo/infer/__pycache__)
[22:57:37]     | FILE         | PyCache                | REMV_PYC      | SUCC     | [檔案: __pycache__] 移除成功 >>> 該檔案路徑(MARS_Project/src/database/write_repo/train/__pycache__)
[22:57:37]     | FILE         | PyCache                | REMV_PYC      | SUCC     | [檔案: __pycache__] 移除成功 >>> 該檔案路徑(MARS_Project/src/vis_recg/img_proc/__pycache__)
[22:57:37]     | FILE         | PyCache                | REMV_PYC      | SUCC     | [檔案: __pycache__] 移除成功 >>> 該檔案路徑(MARS_Project/src/vis_recg/pipelines/__pycache__)
[22:57:37]     | FILE         | PyCache                | REMV_PYC      | SUCC     | [檔案: __pycache__] 移除成功 >>> 該檔案路徑(MARS_Project/src/vis_recg/img_proc/char_rules/__pycache__)
[22:57:37]     | FILE         | PyCache                | REMV_PYC      | SUCC     | [檔案: __pycache__] 移除成功 >>> 該檔案路徑(MARS_Project/utils/env/__pycache__)
[22:57:37]     | FILE         | PyCache                | REMV_PYC      | SUCC     | [檔案: __pycache__] 移除成功 >>> 該檔案路徑(MARS_Project/utils/log/__pycache__)
[22:57:38]     ----------------------------------------------------------------------------------------------------------------------------------------------------------------------
[22:57:38]     | REMV-DONE    | 執行結果: 共計移除 23 個快取檔案 | 結束時間: 2026-09-21 22:57:38
[22:57:38]     ======================================================================================================================================================================
[22:57:38]                                                                                                                                                                           
[22:57:38]     ======================================================================================================================================================================
[22:57:38]     | INIT-DB      | 任務名稱: 全域資料表部署任務       | 啟動時間: 2026-09-21 22:57:38
[22:57:38]     ----------------------------------------------------------------------------------------------------------------------------------------------------------------------
[22:57:38]     | DB           | MARS_DB                | INIT_SCHM     | SUCC     | [架構: train] 部署成功 >>> 該架構及其執行環境已準備就緒
[22:57:38]     | DB           | MARS_DB                | INIT_TABL     | SUCC     | [資料表: modl_ver_info] 部署成功 >>> 結構建置完畢，欄位共計 18 個
[22:57:38]     | DB           | MARS_DB                | INIT_TABL     | SUCC     | [資料表: modl_fit_eval] 部署成功 >>> 結構建置完畢，欄位共計 13 個
[22:57:38]     | DB           | MARS_DB                | INIT_SCHM     | SUCC     | [架構: infer] 部署成功 >>> 該架構及其執行環境已準備就緒
[22:57:38]     | DB           | MARS_DB                | INIT_TABL     | SUCC     | [資料表: live_veh_recg] 部署成功 >>> 結構建置完畢，欄位共計 14 個
[22:57:38]     | DB           | MARS_DB                | INIT_TABL     | SUCC     | [資料表: live_veh_moni] 部署成功 >>> 結構建置完畢，欄位共計 7 個
[22:57:38]     ----------------------------------------------------------------------------------------------------------------------------------------------------------------------
[22:57:38]     | INIT-DONE    | 執行結果: 全域資料表部署完畢，共計部署 4 張資料表 | 結束時間: 2026-09-21 22:57:38
[22:57:38]     ======================================================================================================================================================================
[22:57:38]                                                                                                                                                                           
[22:57:38]     ======================================================================================================================================================================
[22:57:38]     | AUDT-DB      | 任務名稱: 全域資料表審計任務       | 啟動時間: 2026-09-21 22:57:38
[22:57:38]     ----------------------------------------------------------------------------------------------------------------------------------------------------------------------
[22:57:38]     | DB           | MARS_DB                | AUDT_TABL     | SUCC     | [資料表: modl_ver_info] 審計成功 >>> 項次-001，所屬架構(train)、系統識別碼(64232)
[22:57:38]     | DB           | MARS_DB                | AUDT_TABL     | SUCC     | [資料表: modl_fit_eval] 審計成功 >>> 項次-002，所屬架構(train)、系統識別碼(64241)
[22:57:38]     | DB           | MARS_DB                | AUDT_TABL     | SUCC     | [資料表: live_veh_recg] 審計成功 >>> 項次-003，所屬架構(infer)、系統識別碼(64249)
[22:57:38]     | DB           | MARS_DB                | AUDT_TABL     | SUCC     | [資料表: live_veh_moni] 審計成功 >>> 項次-004，所屬架構(infer)、系統識別碼(64258)
[22:57:38]     ----------------------------------------------------------------------------------------------------------------------------------------------------------------------
[22:57:38]     | AUDT-DONE    | 執行結果: 全域資料表審計完畢，共計審計 4 筆實體資料表 | 結束時間: 2026-09-21 22:57:38
[22:57:38]     ======================================================================================================================================================================
[22:57:38]                                                                                                                                                                           
[22:57:38] --------------------------------------------------------------------------------------------------------------------------------------------------------------------------
[22:57:38] | INIT-DONE    | 執行結果: 已完成系統與資料庫初始化 | 結束時間: 2026-09-21 22:57:38
[22:57:38] ==========================================================================================================================================================================
[22:57:38]                                                                                                                                                                           
[22:57:38] ==========================================================================================================================================================================
[22:57:38] | TRAIN-PIPE   | 任務名稱: 啟動 MARS 自動化訓練管線 | 啟動時間: 2026-09-21 22:57:38
[22:57:38] --------------------------------------------------------------------------------------------------------------------------------------------------------------------------
[22:57:38] ==========================================================================================================================================================================
[22:57:38] | MODL-OPTS    | 任務名稱: 模型優化階段          | 啟動時間: 2026-09-21 22:57:38
[22:57:38] --------------------------------------------------------------------------------------------------------------------------------------------------------------------------
[22:57:38] ==========================================================================================================================================================================
[22:57:38] | COORD-TASK   | 任務名稱: 階層級聯協調任務，載入 [VEH] 資料集 | 啟動時間: 2026-09-21 22:57:38
[22:57:38] --------------------------------------------------------------------------------------------------------------------------------------------------------------------------
[22:57:38] | STAGE        | COORD-VEH              | GENERATE_SUB_DATA_YAML | SUCC     | [組態: data.yaml] 生成成功 >>> 已完成 2 組次領域專屬訓練組態
[22:57:38] | STAGE        | COORD-VEH              | WRITE_SUB_OBJECT_LINEAGE | SUCC     | [記錄: sub_obj_lineage.json] 寫入成功 >>> 累計建立 0 筆跨階層級聯血統紀錄
[22:57:38] | STAGE        | COORD-VEH              | COORDINATION_SUMMARY | SUCC     | [領域: VEH] 協調成功 >>> 級聯統計如下: 
 >>> 目標主領域: VEH (雙階層架構)
 >>> 涵蓋次領域: LIC, BRAND
 >>> 主物件裁切: 0 張局部裁切影像
 >>> 次物件校正: 0 組投影平移標籤
 >>> 血統溯源檔: sub_obj_lineage.json
[22:57:38] --------------------------------------------------------------------------------------------------------------------------------------------------------------------------
[22:57:38] | COORD-DONE   | 執行結果: [VEH] 階層級聯協調全數完成，次階訓練資料集已就緒 | 結束時間: 2026-09-21 22:57:38
[22:57:38] ==========================================================================================================================================================================
[22:57:38] ==========================================================================================================================================================================
[22:57:38] | YOLO-TASK    | 任務名稱: 模型訓練任務，載入 [VEH] 資料集 (核心版本-v1.0.0) | 啟動時間: 2026-09-21 22:57:38
[22:57:38] --------------------------------------------------------------------------------------------------------------------------------------------------------------------------
[22:57:38] | MODEL        | YOLO-T-VEH             | READ_DATA_YAML | SUCC     | [檔案: data.yaml] 讀取成功 >>> 已指向標註資料集中介資料 (類別數: 4)
[22:57:55] | MODEL        | YOLO-T-VEH             | GENERATE_WEIGHTS | SUCC     | [檔案: best.pt] 訓練成功 >>> 已完成最佳權重歸檔至版本目錄 (v1.0.0)
[22:57:55] | MODEL        | YOLO-T-VEH             | RESOLVE_RESULTS_LOGS | SUCC     | [日誌: results.csv] 解析成功 >>> 已取得各輪次 (Epoch) 訓練成果，最佳 mAP50: 0.0104
[22:57:55] | DB           | MARS_DB                | UPST_DATA     | SUCC     | [資料表: modl_ver_info] 寫入成功 >>> 共計更新 1 筆數據
[22:57:55] | DB           | MARS_DB                | UPST_DATA     | SUCC     | [資料表: modl_fit_eval] 寫入成功 >>> 共計更新 5 筆數據
[22:57:55] | MODEL        | YOLO-T-VEH             | SYNC_TRAIN_DATABASE | SUCC     | [資料庫: MARS-DB] 寫入成功 >>> 模型版本資訊與 5 筆成效指標數據「完全同步」
[22:57:55] | MODEL        | YOLO-T-VEH-LIC         | VALIDATE_DATA_YAML | WARN     | [檔案: data.yaml] 驗證警示 >>> 找不到指定的中介資料，請檢查檔案路徑(MARS_Project/data/01_train/roboflow/VEH/sub/LIC/data.yaml)
[22:57:55] --------------------------------------------------------------------------------------------------------------------------------------------------------------------------
[22:57:55] | YOLO-HALT    | 執行結果: 模型訓練暫停流程     | 結束時間: 2026-09-21 22:57:55
[22:57:55] ==========================================================================================================================================================================
[22:57:55] --------------------------------------------------------------------------------------------------------------------------------------------------------------------------
[22:57:55] | OPTS-FAIL    | 執行結果: 模型優化發生異常，領域分布如下: 模型訓練失敗(VEH:404) | 結束時間: 2026-09-21 22:57:55
[22:57:55] ==========================================================================================================================================================================
[22:57:55] --------------------------------------------------------------------------------------------------------------------------------------------------------------------------
[22:57:55] | PIPE-FAIL    | 執行結果: [自動化訓練管線(僅訓練)] 發生異常，部分領域模型優化作業遭遇失敗 | 結束時間: 2026-09-21 22:57:55
[22:57:55] ==========================================================================================================================================================================
[23:59:16] ==========================================================================================================================================================================
[23:59:16] | INIT-ENVR    | 任務名稱: 系統環境與資料庫初始化作業   | 啟動時間: 2026-09-21 23:59:16
[23:59:16] --------------------------------------------------------------------------------------------------------------------------------------------------------------------------
[23:59:16]                                                                                                                                                                           
[23:59:16]     ======================================================================================================================================================================
[23:59:16]     | REMV-PYC     | 任務名稱: PyCache 快取檔案移除任務 | 啟動時間: 2026-09-21 23:59:16
[23:59:16]     ----------------------------------------------------------------------------------------------------------------------------------------------------------------------
[23:59:16]     | FILE         | PyCache                | REMV_PYC      | SUCC     | [檔案: __pycache__] 移除成功 >>> 該檔案路徑(MARS_Project/__pycache__)
[23:59:16]     | FILE         | PyCache                | REMV_PYC      | SUCC     | [檔案: __pycache__] 移除成功 >>> 該檔案路徑(MARS_Project/config/__pycache__)
[23:59:16]     | FILE         | PyCache                | REMV_PYC      | SUCC     | [檔案: __pycache__] 移除成功 >>> 該檔案路徑(MARS_Project/src/__pycache__)
[23:59:16]     | FILE         | PyCache                | REMV_PYC      | SUCC     | [檔案: __pycache__] 移除成功 >>> 該檔案路徑(MARS_Project/utils/__pycache__)
[23:59:16]     | FILE         | PyCache                | REMV_PYC      | SUCC     | [檔案: __pycache__] 移除成功 >>> 該檔案路徑(MARS_Project/config/maps/__pycache__)
[23:59:16]     | FILE         | PyCache                | REMV_PYC      | SUCC     | [檔案: __pycache__] 移除成功 >>> 該檔案路徑(MARS_Project/config/maps/schm_maps/__pycache__)
[23:59:16]     | FILE         | PyCache                | REMV_PYC      | SUCC     | [檔案: __pycache__] 移除成功 >>> 該檔案路徑(MARS_Project/config/maps/stage_maps/__pycache__)
[23:59:16]     | FILE         | PyCache                | REMV_PYC      | SUCC     | [檔案: __pycache__] 移除成功 >>> 該檔案路徑(MARS_Project/config/maps/schm_maps/infer_tables/__pycache__)
[23:59:16]     | FILE         | PyCache                | REMV_PYC      | SUCC     | [檔案: __pycache__] 移除成功 >>> 該檔案路徑(MARS_Project/config/maps/stage_maps/rules/__pycache__)
[23:59:16]     | FILE         | PyCache                | REMV_PYC      | SUCC     | [檔案: __pycache__] 移除成功 >>> 該檔案路徑(MARS_Project/src/database/__pycache__)
[23:59:16]     | FILE         | PyCache                | REMV_PYC      | SUCC     | [檔案: __pycache__] 移除成功 >>> 該檔案路徑(MARS_Project/src/data_prep/__pycache__)
[23:59:16]     | FILE         | PyCache                | REMV_PYC      | SUCC     | [檔案: __pycache__] 移除成功 >>> 該檔案路徑(MARS_Project/src/modl_opts/__pycache__)
[23:59:16]     | FILE         | PyCache                | REMV_PYC      | SUCC     | [檔案: __pycache__] 移除成功 >>> 該檔案路徑(MARS_Project/src/post_proc/__pycache__)
[23:59:16]     | FILE         | PyCache                | REMV_PYC      | SUCC     | [檔案: __pycache__] 移除成功 >>> 該檔案路徑(MARS_Project/src/vis_recg/__pycache__)
[23:59:16]     | FILE         | PyCache                | REMV_PYC      | SUCC     | [檔案: __pycache__] 移除成功 >>> 該檔案路徑(MARS_Project/src/database/query_repo/__pycache__)
[23:59:16]     | FILE         | PyCache                | REMV_PYC      | SUCC     | [檔案: __pycache__] 移除成功 >>> 該檔案路徑(MARS_Project/src/database/write_repo/__pycache__)
[23:59:16]     | FILE         | PyCache                | REMV_PYC      | SUCC     | [檔案: __pycache__] 移除成功 >>> 該檔案路徑(MARS_Project/src/database/write_repo/infer/__pycache__)
[23:59:16]     | FILE         | PyCache                | REMV_PYC      | SUCC     | [檔案: __pycache__] 移除成功 >>> 該檔案路徑(MARS_Project/src/database/write_repo/train/__pycache__)
[23:59:16]     | FILE         | PyCache                | REMV_PYC      | SUCC     | [檔案: __pycache__] 移除成功 >>> 該檔案路徑(MARS_Project/src/vis_recg/img_proc/__pycache__)
[23:59:16]     | FILE         | PyCache                | REMV_PYC      | SUCC     | [檔案: __pycache__] 移除成功 >>> 該檔案路徑(MARS_Project/src/vis_recg/pipelines/__pycache__)
[23:59:16]     | FILE         | PyCache                | REMV_PYC      | SUCC     | [檔案: __pycache__] 移除成功 >>> 該檔案路徑(MARS_Project/src/vis_recg/img_proc/char_rules/__pycache__)
[23:59:16]     | FILE         | PyCache                | REMV_PYC      | SUCC     | [檔案: __pycache__] 移除成功 >>> 該檔案路徑(MARS_Project/utils/env/__pycache__)
[23:59:16]     | FILE         | PyCache                | REMV_PYC      | SUCC     | [檔案: __pycache__] 移除成功 >>> 該檔案路徑(MARS_Project/utils/log/__pycache__)
[23:59:17]     ----------------------------------------------------------------------------------------------------------------------------------------------------------------------
[23:59:17]     | REMV-DONE    | 執行結果: 共計移除 23 個快取檔案 | 結束時間: 2026-09-21 23:59:17
[23:59:17]     ======================================================================================================================================================================
[23:59:17]                                                                                                                                                                           
[23:59:17]     ======================================================================================================================================================================
[23:59:17]     | WIPE-DB      | 任務名稱: 全域資料表移除任務       | 啟動時間: 2026-09-21 23:59:17
[23:59:17]     ----------------------------------------------------------------------------------------------------------------------------------------------------------------------
[23:59:17]     | DB           | MARS_DB                | WIPE_TABL     | SUCC     | [資料表: live_veh_recg] 移除成功 >>> 目前累計清除 1 張資料表
[23:59:17]     | DB           | MARS_DB                | WIPE_TABL     | SUCC     | [資料表: live_veh_moni] 移除成功 >>> 目前累計清除 2 張資料表
[23:59:17]     | DB           | MARS_DB                | WIPE_SCHM     | SUCC     | [架構: infer] 移除成功 >>> 該架構及其相依實體已徹底清除
[23:59:17]     | DB           | MARS_DB                | WIPE_TABL     | SUCC     | [資料表: modl_ver_info] 移除成功 >>> 目前累計清除 3 張資料表
[23:59:17]     | DB           | MARS_DB                | WIPE_TABL     | SUCC     | [資料表: modl_fit_eval] 移除成功 >>> 目前累計清除 4 張資料表
[23:59:17]     | DB           | MARS_DB                | WIPE_SCHM     | SUCC     | [架構: train] 移除成功 >>> 該架構及其相依實體已徹底清除
[23:59:17]     ----------------------------------------------------------------------------------------------------------------------------------------------------------------------
[23:59:17]     | WIPE-DONE    | 執行結果: 全域資料庫清理完畢，共計移除 4 張資料表 | 結束時間: 2026-09-21 23:59:17
[23:59:17]     ======================================================================================================================================================================
[23:59:17]                                                                                                                                                                           
[23:59:17]     ======================================================================================================================================================================
[23:59:17]     | INIT-DB      | 任務名稱: 全域資料表部署任務       | 啟動時間: 2026-09-21 23:59:17
[23:59:17]     ----------------------------------------------------------------------------------------------------------------------------------------------------------------------
[23:59:17]     | DB           | MARS_DB                | INIT_SCHM     | SUCC     | [架構: train] 部署成功 >>> 該架構及其執行環境已準備就緒
[23:59:17]     | DB           | MARS_DB                | INIT_TABL     | SUCC     | [資料表: modl_ver_info] 部署成功 >>> 結構建置完畢，欄位共計 18 個
[23:59:17]     | DB           | MARS_DB                | INIT_TABL     | SUCC     | [資料表: modl_fit_eval] 部署成功 >>> 結構建置完畢，欄位共計 13 個
[23:59:17]     | DB           | MARS_DB                | INIT_SCHM     | SUCC     | [架構: infer] 部署成功 >>> 該架構及其執行環境已準備就緒
[23:59:17]     | DB           | MARS_DB                | INIT_TABL     | SUCC     | [資料表: live_veh_recg] 部署成功 >>> 結構建置完畢，欄位共計 14 個
[23:59:17]     | DB           | MARS_DB                | INIT_TABL     | SUCC     | [資料表: live_veh_moni] 部署成功 >>> 結構建置完畢，欄位共計 7 個
[23:59:17]     ----------------------------------------------------------------------------------------------------------------------------------------------------------------------
[23:59:17]     | INIT-DONE    | 執行結果: 全域資料表部署完畢，共計部署 4 張資料表 | 結束時間: 2026-09-21 23:59:17
[23:59:17]     ======================================================================================================================================================================
[23:59:17]                                                                                                                                                                           
[23:59:17]     ======================================================================================================================================================================
[23:59:17]     | AUDT-DB      | 任務名稱: 全域資料表審計任務       | 啟動時間: 2026-09-21 23:59:17
[23:59:17]     ----------------------------------------------------------------------------------------------------------------------------------------------------------------------
[23:59:17]     | DB           | MARS_DB                | AUDT_TABL     | SUCC     | [資料表: modl_ver_info] 審計成功 >>> 項次-001，所屬架構(train)、系統識別碼(64269)
[23:59:17]     | DB           | MARS_DB                | AUDT_TABL     | SUCC     | [資料表: modl_fit_eval] 審計成功 >>> 項次-002，所屬架構(train)、系統識別碼(64278)
[23:59:17]     | DB           | MARS_DB                | AUDT_TABL     | SUCC     | [資料表: live_veh_recg] 審計成功 >>> 項次-003，所屬架構(infer)、系統識別碼(64286)
[23:59:17]     | DB           | MARS_DB                | AUDT_TABL     | SUCC     | [資料表: live_veh_moni] 審計成功 >>> 項次-004，所屬架構(infer)、系統識別碼(64295)
[23:59:17]     ----------------------------------------------------------------------------------------------------------------------------------------------------------------------
[23:59:17]     | AUDT-DONE    | 執行結果: 全域資料表審計完畢，共計審計 4 筆實體資料表 | 結束時間: 2026-09-21 23:59:17
[23:59:17]     ======================================================================================================================================================================
[23:59:17]                                                                                                                                                                           
[23:59:17] --------------------------------------------------------------------------------------------------------------------------------------------------------------------------
[23:59:17] | INIT-DONE    | 執行結果: 已完成系統與資料庫初始化 | 結束時間: 2026-09-21 23:59:17
[23:59:17] ==========================================================================================================================================================================
[23:59:17]                                                                                                                                                                           
[23:59:27] ==========================================================================================================================================================================
[23:59:27] | INIT-ENVR    | 任務名稱: 系統環境與資料庫初始化作業   | 啟動時間: 2026-09-21 23:59:27
[23:59:27] --------------------------------------------------------------------------------------------------------------------------------------------------------------------------
[23:59:27]                                                                                                                                                                           
[23:59:27]     ======================================================================================================================================================================
[23:59:27]     | REMV-PYC     | 任務名稱: PyCache 快取檔案移除任務 | 啟動時間: 2026-09-21 23:59:27
[23:59:27]     ----------------------------------------------------------------------------------------------------------------------------------------------------------------------
[23:59:27]     | FILE         | PyCache                | REMV_PYC      | SUCC     | [檔案: __pycache__] 移除成功 >>> 該檔案路徑(MARS_Project/__pycache__)
[23:59:27]     | FILE         | PyCache                | REMV_PYC      | SUCC     | [檔案: __pycache__] 移除成功 >>> 該檔案路徑(MARS_Project/config/__pycache__)
[23:59:27]     | FILE         | PyCache                | REMV_PYC      | SUCC     | [檔案: __pycache__] 移除成功 >>> 該檔案路徑(MARS_Project/src/__pycache__)
[23:59:27]     | FILE         | PyCache                | REMV_PYC      | SUCC     | [檔案: __pycache__] 移除成功 >>> 該檔案路徑(MARS_Project/utils/__pycache__)
[23:59:27]     | FILE         | PyCache                | REMV_PYC      | SUCC     | [檔案: __pycache__] 移除成功 >>> 該檔案路徑(MARS_Project/config/maps/__pycache__)
[23:59:27]     | FILE         | PyCache                | REMV_PYC      | SUCC     | [檔案: __pycache__] 移除成功 >>> 該檔案路徑(MARS_Project/config/maps/schm_maps/__pycache__)
[23:59:27]     | FILE         | PyCache                | REMV_PYC      | SUCC     | [檔案: __pycache__] 移除成功 >>> 該檔案路徑(MARS_Project/config/maps/stage_maps/__pycache__)
[23:59:27]     | FILE         | PyCache                | REMV_PYC      | SUCC     | [檔案: __pycache__] 移除成功 >>> 該檔案路徑(MARS_Project/config/maps/schm_maps/infer_tables/__pycache__)
[23:59:27]     | FILE         | PyCache                | REMV_PYC      | SUCC     | [檔案: __pycache__] 移除成功 >>> 該檔案路徑(MARS_Project/config/maps/stage_maps/rules/__pycache__)
[23:59:27]     | FILE         | PyCache                | REMV_PYC      | SUCC     | [檔案: __pycache__] 移除成功 >>> 該檔案路徑(MARS_Project/src/database/__pycache__)
[23:59:27]     | FILE         | PyCache                | REMV_PYC      | SUCC     | [檔案: __pycache__] 移除成功 >>> 該檔案路徑(MARS_Project/src/data_prep/__pycache__)
[23:59:27]     | FILE         | PyCache                | REMV_PYC      | SUCC     | [檔案: __pycache__] 移除成功 >>> 該檔案路徑(MARS_Project/src/modl_opts/__pycache__)
[23:59:27]     | FILE         | PyCache                | REMV_PYC      | SUCC     | [檔案: __pycache__] 移除成功 >>> 該檔案路徑(MARS_Project/src/post_proc/__pycache__)
[23:59:27]     | FILE         | PyCache                | REMV_PYC      | SUCC     | [檔案: __pycache__] 移除成功 >>> 該檔案路徑(MARS_Project/src/vis_recg/__pycache__)
[23:59:27]     | FILE         | PyCache                | REMV_PYC      | SUCC     | [檔案: __pycache__] 移除成功 >>> 該檔案路徑(MARS_Project/src/database/query_repo/__pycache__)
[23:59:27]     | FILE         | PyCache                | REMV_PYC      | SUCC     | [檔案: __pycache__] 移除成功 >>> 該檔案路徑(MARS_Project/src/database/write_repo/__pycache__)
[23:59:27]     | FILE         | PyCache                | REMV_PYC      | SUCC     | [檔案: __pycache__] 移除成功 >>> 該檔案路徑(MARS_Project/src/database/write_repo/infer/__pycache__)
[23:59:27]     | FILE         | PyCache                | REMV_PYC      | SUCC     | [檔案: __pycache__] 移除成功 >>> 該檔案路徑(MARS_Project/src/database/write_repo/train/__pycache__)
[23:59:27]     | FILE         | PyCache                | REMV_PYC      | SUCC     | [檔案: __pycache__] 移除成功 >>> 該檔案路徑(MARS_Project/src/vis_recg/img_proc/__pycache__)
[23:59:27]     | FILE         | PyCache                | REMV_PYC      | SUCC     | [檔案: __pycache__] 移除成功 >>> 該檔案路徑(MARS_Project/src/vis_recg/pipelines/__pycache__)
[23:59:27]     | FILE         | PyCache                | REMV_PYC      | SUCC     | [檔案: __pycache__] 移除成功 >>> 該檔案路徑(MARS_Project/src/vis_recg/img_proc/char_rules/__pycache__)
[23:59:27]     | FILE         | PyCache                | REMV_PYC      | SUCC     | [檔案: __pycache__] 移除成功 >>> 該檔案路徑(MARS_Project/utils/env/__pycache__)
[23:59:27]     | FILE         | PyCache                | REMV_PYC      | SUCC     | [檔案: __pycache__] 移除成功 >>> 該檔案路徑(MARS_Project/utils/log/__pycache__)
[23:59:28]     ----------------------------------------------------------------------------------------------------------------------------------------------------------------------
[23:59:28]     | REMV-DONE    | 執行結果: 共計移除 23 個快取檔案 | 結束時間: 2026-09-21 23:59:28
[23:59:28]     ======================================================================================================================================================================
[23:59:28]                                                                                                                                                                           
[23:59:28]     ======================================================================================================================================================================
[23:59:28]     | INIT-DB      | 任務名稱: 全域資料表部署任務       | 啟動時間: 2026-09-21 23:59:28
[23:59:28]     ----------------------------------------------------------------------------------------------------------------------------------------------------------------------
[23:59:28]     | DB           | MARS_DB                | INIT_SCHM     | SUCC     | [架構: train] 部署成功 >>> 該架構及其執行環境已準備就緒
[23:59:28]     | DB           | MARS_DB                | INIT_TABL     | SUCC     | [資料表: modl_ver_info] 部署成功 >>> 結構建置完畢，欄位共計 18 個
[23:59:28]     | DB           | MARS_DB                | INIT_TABL     | SUCC     | [資料表: modl_fit_eval] 部署成功 >>> 結構建置完畢，欄位共計 13 個
[23:59:28]     | DB           | MARS_DB                | INIT_SCHM     | SUCC     | [架構: infer] 部署成功 >>> 該架構及其執行環境已準備就緒
[23:59:28]     | DB           | MARS_DB                | INIT_TABL     | SUCC     | [資料表: live_veh_recg] 部署成功 >>> 結構建置完畢，欄位共計 14 個
[23:59:28]     | DB           | MARS_DB                | INIT_TABL     | SUCC     | [資料表: live_veh_moni] 部署成功 >>> 結構建置完畢，欄位共計 7 個
[23:59:28]     ----------------------------------------------------------------------------------------------------------------------------------------------------------------------
[23:59:28]     | INIT-DONE    | 執行結果: 全域資料表部署完畢，共計部署 4 張資料表 | 結束時間: 2026-09-21 23:59:28
[23:59:28]     ======================================================================================================================================================================
[23:59:28]                                                                                                                                                                           
[23:59:28]     ======================================================================================================================================================================
[23:59:28]     | AUDT-DB      | 任務名稱: 全域資料表審計任務       | 啟動時間: 2026-09-21 23:59:28
[23:59:28]     ----------------------------------------------------------------------------------------------------------------------------------------------------------------------
[23:59:28]     | DB           | MARS_DB                | AUDT_TABL     | SUCC     | [資料表: modl_ver_info] 審計成功 >>> 項次-001，所屬架構(train)、系統識別碼(64269)
[23:59:28]     | DB           | MARS_DB                | AUDT_TABL     | SUCC     | [資料表: modl_fit_eval] 審計成功 >>> 項次-002，所屬架構(train)、系統識別碼(64278)
[23:59:28]     | DB           | MARS_DB                | AUDT_TABL     | SUCC     | [資料表: live_veh_recg] 審計成功 >>> 項次-003，所屬架構(infer)、系統識別碼(64286)
[23:59:28]     | DB           | MARS_DB                | AUDT_TABL     | SUCC     | [資料表: live_veh_moni] 審計成功 >>> 項次-004，所屬架構(infer)、系統識別碼(64295)
[23:59:28]     ----------------------------------------------------------------------------------------------------------------------------------------------------------------------
[23:59:28]     | AUDT-DONE    | 執行結果: 全域資料表審計完畢，共計審計 4 筆實體資料表 | 結束時間: 2026-09-21 23:59:28
[23:59:28]     ======================================================================================================================================================================
[23:59:28]                                                                                                                                                                           
[23:59:28] --------------------------------------------------------------------------------------------------------------------------------------------------------------------------
[23:59:28] | INIT-DONE    | 執行結果: 已完成系統與資料庫初始化 | 結束時間: 2026-09-21 23:59:28
[23:59:28] ==========================================================================================================================================================================
[23:59:28]                                                                                                                                                                           
[23:59:38] ==========================================================================================================================================================================
[23:59:38] | INIT-ENVR    | 任務名稱: 系統環境與資料庫初始化作業   | 啟動時間: 2026-09-21 23:59:38
[23:59:38] --------------------------------------------------------------------------------------------------------------------------------------------------------------------------
[23:59:38]                                                                                                                                                                           
[23:59:38]     ======================================================================================================================================================================
[23:59:38]     | REMV-PYC     | 任務名稱: PyCache 快取檔案移除任務 | 啟動時間: 2026-09-21 23:59:38
[23:59:38]     ----------------------------------------------------------------------------------------------------------------------------------------------------------------------
[23:59:38]     | FILE         | PyCache                | REMV_PYC      | SUCC     | [檔案: __pycache__] 移除成功 >>> 該檔案路徑(MARS_Project/__pycache__)
[23:59:38]     | FILE         | PyCache                | REMV_PYC      | SUCC     | [檔案: __pycache__] 移除成功 >>> 該檔案路徑(MARS_Project/config/__pycache__)
[23:59:38]     | FILE         | PyCache                | REMV_PYC      | SUCC     | [檔案: __pycache__] 移除成功 >>> 該檔案路徑(MARS_Project/src/__pycache__)
[23:59:38]     | FILE         | PyCache                | REMV_PYC      | SUCC     | [檔案: __pycache__] 移除成功 >>> 該檔案路徑(MARS_Project/utils/__pycache__)
[23:59:38]     | FILE         | PyCache                | REMV_PYC      | SUCC     | [檔案: __pycache__] 移除成功 >>> 該檔案路徑(MARS_Project/config/maps/__pycache__)
[23:59:38]     | FILE         | PyCache                | REMV_PYC      | SUCC     | [檔案: __pycache__] 移除成功 >>> 該檔案路徑(MARS_Project/config/maps/schm_maps/__pycache__)
[23:59:38]     | FILE         | PyCache                | REMV_PYC      | SUCC     | [檔案: __pycache__] 移除成功 >>> 該檔案路徑(MARS_Project/config/maps/stage_maps/__pycache__)
[23:59:38]     | FILE         | PyCache                | REMV_PYC      | SUCC     | [檔案: __pycache__] 移除成功 >>> 該檔案路徑(MARS_Project/config/maps/schm_maps/infer_tables/__pycache__)
[23:59:38]     | FILE         | PyCache                | REMV_PYC      | SUCC     | [檔案: __pycache__] 移除成功 >>> 該檔案路徑(MARS_Project/config/maps/stage_maps/rules/__pycache__)
[23:59:38]     | FILE         | PyCache                | REMV_PYC      | SUCC     | [檔案: __pycache__] 移除成功 >>> 該檔案路徑(MARS_Project/src/database/__pycache__)
[23:59:38]     | FILE         | PyCache                | REMV_PYC      | SUCC     | [檔案: __pycache__] 移除成功 >>> 該檔案路徑(MARS_Project/src/data_prep/__pycache__)
[23:59:38]     | FILE         | PyCache                | REMV_PYC      | SUCC     | [檔案: __pycache__] 移除成功 >>> 該檔案路徑(MARS_Project/src/modl_opts/__pycache__)
[23:59:38]     | FILE         | PyCache                | REMV_PYC      | SUCC     | [檔案: __pycache__] 移除成功 >>> 該檔案路徑(MARS_Project/src/post_proc/__pycache__)
[23:59:38]     | FILE         | PyCache                | REMV_PYC      | SUCC     | [檔案: __pycache__] 移除成功 >>> 該檔案路徑(MARS_Project/src/vis_recg/__pycache__)
[23:59:38]     | FILE         | PyCache                | REMV_PYC      | SUCC     | [檔案: __pycache__] 移除成功 >>> 該檔案路徑(MARS_Project/src/database/query_repo/__pycache__)
[23:59:38]     | FILE         | PyCache                | REMV_PYC      | SUCC     | [檔案: __pycache__] 移除成功 >>> 該檔案路徑(MARS_Project/src/database/write_repo/__pycache__)
[23:59:38]     | FILE         | PyCache                | REMV_PYC      | SUCC     | [檔案: __pycache__] 移除成功 >>> 該檔案路徑(MARS_Project/src/database/write_repo/infer/__pycache__)
[23:59:38]     | FILE         | PyCache                | REMV_PYC      | SUCC     | [檔案: __pycache__] 移除成功 >>> 該檔案路徑(MARS_Project/src/database/write_repo/train/__pycache__)
[23:59:38]     | FILE         | PyCache                | REMV_PYC      | SUCC     | [檔案: __pycache__] 移除成功 >>> 該檔案路徑(MARS_Project/src/vis_recg/img_proc/__pycache__)
[23:59:38]     | FILE         | PyCache                | REMV_PYC      | SUCC     | [檔案: __pycache__] 移除成功 >>> 該檔案路徑(MARS_Project/src/vis_recg/pipelines/__pycache__)
[23:59:38]     | FILE         | PyCache                | REMV_PYC      | SUCC     | [檔案: __pycache__] 移除成功 >>> 該檔案路徑(MARS_Project/src/vis_recg/img_proc/char_rules/__pycache__)
[23:59:38]     | FILE         | PyCache                | REMV_PYC      | SUCC     | [檔案: __pycache__] 移除成功 >>> 該檔案路徑(MARS_Project/utils/env/__pycache__)
[23:59:38]     | FILE         | PyCache                | REMV_PYC      | SUCC     | [檔案: __pycache__] 移除成功 >>> 該檔案路徑(MARS_Project/utils/log/__pycache__)
[23:59:39]     ----------------------------------------------------------------------------------------------------------------------------------------------------------------------
[23:59:39]     | REMV-DONE    | 執行結果: 共計移除 23 個快取檔案 | 結束時間: 2026-09-21 23:59:39
[23:59:39]     ======================================================================================================================================================================
[23:59:39]                                                                                                                                                                           
[23:59:39]     ======================================================================================================================================================================
[23:59:39]     | INIT-DB      | 任務名稱: 全域資料表部署任務       | 啟動時間: 2026-09-21 23:59:39
[23:59:39]     ----------------------------------------------------------------------------------------------------------------------------------------------------------------------
[23:59:39]     | DB           | MARS_DB                | INIT_SCHM     | SUCC     | [架構: train] 部署成功 >>> 該架構及其執行環境已準備就緒
[23:59:39]     | DB           | MARS_DB                | INIT_TABL     | SUCC     | [資料表: modl_ver_info] 部署成功 >>> 結構建置完畢，欄位共計 18 個
[23:59:39]     | DB           | MARS_DB                | INIT_TABL     | SUCC     | [資料表: modl_fit_eval] 部署成功 >>> 結構建置完畢，欄位共計 13 個
[23:59:39]     | DB           | MARS_DB                | INIT_SCHM     | SUCC     | [架構: infer] 部署成功 >>> 該架構及其執行環境已準備就緒
[23:59:39]     | DB           | MARS_DB                | INIT_TABL     | SUCC     | [資料表: live_veh_recg] 部署成功 >>> 結構建置完畢，欄位共計 14 個
[23:59:39]     | DB           | MARS_DB                | INIT_TABL     | SUCC     | [資料表: live_veh_moni] 部署成功 >>> 結構建置完畢，欄位共計 7 個
[23:59:39]     ----------------------------------------------------------------------------------------------------------------------------------------------------------------------
[23:59:39]     | INIT-DONE    | 執行結果: 全域資料表部署完畢，共計部署 4 張資料表 | 結束時間: 2026-09-21 23:59:39
[23:59:39]     ======================================================================================================================================================================
[23:59:39]                                                                                                                                                                           
[23:59:39]     ======================================================================================================================================================================
[23:59:39]     | AUDT-DB      | 任務名稱: 全域資料表審計任務       | 啟動時間: 2026-09-21 23:59:39
[23:59:39]     ----------------------------------------------------------------------------------------------------------------------------------------------------------------------
[23:59:40]     | DB           | MARS_DB                | AUDT_TABL     | SUCC     | [資料表: modl_ver_info] 審計成功 >>> 項次-001，所屬架構(train)、系統識別碼(64269)
[23:59:40]     | DB           | MARS_DB                | AUDT_TABL     | SUCC     | [資料表: modl_fit_eval] 審計成功 >>> 項次-002，所屬架構(train)、系統識別碼(64278)
[23:59:40]     | DB           | MARS_DB                | AUDT_TABL     | SUCC     | [資料表: live_veh_recg] 審計成功 >>> 項次-003，所屬架構(infer)、系統識別碼(64286)
[23:59:40]     | DB           | MARS_DB                | AUDT_TABL     | SUCC     | [資料表: live_veh_moni] 審計成功 >>> 項次-004，所屬架構(infer)、系統識別碼(64295)
[23:59:40]     ----------------------------------------------------------------------------------------------------------------------------------------------------------------------
[23:59:40]     | AUDT-DONE    | 執行結果: 全域資料表審計完畢，共計審計 4 筆實體資料表 | 結束時間: 2026-09-21 23:59:40
[23:59:40]     ======================================================================================================================================================================
[23:59:40]                                                                                                                                                                           
[23:59:40] --------------------------------------------------------------------------------------------------------------------------------------------------------------------------
[23:59:40] | INIT-DONE    | 執行結果: 已完成系統與資料庫初始化 | 結束時間: 2026-09-21 23:59:40
[23:59:40] ==========================================================================================================================================================================
[23:59:40]                                                                                                                                                                           
[23:59:40] ==========================================================================================================================================================================
[23:59:40] | TRAIN-PIPE   | 任務名稱: 啟動 MARS 自動化訓練管線 | 啟動時間: 2026-09-21 23:59:40
[23:59:40] --------------------------------------------------------------------------------------------------------------------------------------------------------------------------
[23:59:40] ==========================================================================================================================================================================
[23:59:40] | MODL-OPTS    | 任務名稱: 模型優化階段          | 啟動時間: 2026-09-21 23:59:40
[23:59:40] --------------------------------------------------------------------------------------------------------------------------------------------------------------------------
[23:59:40] ==========================================================================================================================================================================
[23:59:40] | COORD-TASK   | 任務名稱: 階層級聯協調任務，載入 [VEH] 資料集 | 啟動時間: 2026-09-21 23:59:40
[23:59:40] --------------------------------------------------------------------------------------------------------------------------------------------------------------------------
[23:59:40] | STAGE        | COORD-VEH              | GENERATE_SUB_DATA_YAML | SUCC     | [組態: data.yaml] 生成成功 >>> 已完成 2 組次領域專屬訓練組態
[23:59:40] | STAGE        | COORD-VEH              | WRITE_SUB_OBJECT_LINEAGE | SUCC     | [記錄: sub_obj_lineage.json] 寫入成功 >>> 累計建立 0 筆跨階層級聯血統紀錄
[23:59:40] | STAGE        | COORD-VEH              | COORDINATION_SUMMARY | SUCC     | [領域: VEH] 協調成功 >>> 級聯統計如下: 
 >>> 目標主領域: VEH (雙階層架構)
 >>> 涵蓋次領域: LIC, BRAND
 >>> 主物件裁切: 0 張局部裁切影像
 >>> 次物件校正: 0 組投影平移標籤
 >>> 血統溯源檔: sub_obj_lineage.json
[23:59:40] --------------------------------------------------------------------------------------------------------------------------------------------------------------------------
[23:59:40] | COORD-DONE   | 執行結果: [VEH] 階層級聯協調全數完成，次階訓練資料集已就緒 | 結束時間: 2026-09-21 23:59:40
[23:59:40] ==========================================================================================================================================================================
[23:59:40] ==========================================================================================================================================================================
[23:59:40] | YOLO-TASK    | 任務名稱: 模型訓練任務，載入 [VEH] 資料集 (核心版本-v1.0.0) | 啟動時間: 2026-09-21 23:59:40
[23:59:40] --------------------------------------------------------------------------------------------------------------------------------------------------------------------------
[23:59:40] | MODEL        | YOLO-T-VEH             | READ_DATA_YAML | SUCC     | [檔案: data.yaml] 讀取成功 >>> 已指向標註資料集中介資料 (類別數: 5)
[23:59:57] | MODEL        | YOLO-T-VEH             | GENERATE_WEIGHTS | SUCC     | [檔案: best.pt] 訓練成功 >>> 已完成最佳權重歸檔至版本目錄 (v1.0.0)
[23:59:57] | MODEL        | YOLO-T-VEH             | RESOLVE_RESULTS_LOGS | SUCC     | [日誌: results.csv] 解析成功 >>> 已取得各輪次 (Epoch) 訓練成果，最佳 mAP50: 0.0184
[23:59:57] | DB           | MARS_DB                | UPST_DATA     | SUCC     | [資料表: modl_ver_info] 寫入成功 >>> 共計更新 1 筆數據
[23:59:57] | DB           | MARS_DB                | UPST_DATA     | SUCC     | [資料表: modl_fit_eval] 寫入成功 >>> 共計更新 5 筆數據
[23:59:57] | MODEL        | YOLO-T-VEH             | SYNC_TRAIN_DATABASE | SUCC     | [資料庫: MARS-DB] 寫入成功 >>> 模型版本資訊與 5 筆成效指標數據「完全同步」
[23:59:57] | MODEL        | YOLO-T-VEH-LIC         | VALIDATE_DATA_YAML | WARN     | [檔案: data.yaml] 驗證警示 >>> 找不到指定的中介資料，請檢查檔案路徑(MARS_Project/data/01_train/roboflow/VEH/sub/LIC/data.yaml)
[23:59:57] --------------------------------------------------------------------------------------------------------------------------------------------------------------------------
[23:59:57] | YOLO-HALT    | 執行結果: 模型訓練暫停流程     | 結束時間: 2026-09-21 23:59:57
[23:59:57] ==========================================================================================================================================================================
[23:59:57] --------------------------------------------------------------------------------------------------------------------------------------------------------------------------
[23:59:57] | OPTS-FAIL    | 執行結果: 模型優化發生異常，領域分布如下: 模型訓練失敗(VEH:404) | 結束時間: 2026-09-21 23:59:57
[23:59:57] ==========================================================================================================================================================================
[23:59:57] --------------------------------------------------------------------------------------------------------------------------------------------------------------------------
[23:59:57] | PIPE-FAIL    | 執行結果: [自動化訓練管線(僅訓練)] 發生異常，部分領域模型優化作業遭遇失敗 | 結束時間: 2026-09-21 23:59:57
[23:59:57] ==========================================================================================================================================================================
