"cam_id","vid_name","frame_idx","recg_ts","veh_id","veh_type","plate_num","plate_attr","veh_brand","veh_color","conf_score","crop_path","create_ts","update_ts"
"S25U","INFER_S25U_VEH_ROOF_20260921_180355.mp4",0,"2026-09-21 18:03:55","VEH_001","motorcycle","UNK","UNK","UNK","black","0.00","UNK","2026-09-22 04:19:49.05505","2026-09-22 04:19:49.05505"
"S25U","INFER_S25U_VEH_ROOF_20260921_180355.mp4",0,"2026-09-21 18:03:55","VEH_002","motorcycle","UNK","UNK","UNK","gray","0.00","UNK","2026-09-22 04:19:49.05505","2026-09-22 04:19:49.05505"
"S25U","INFER_S25U_VEH_ROOF_20260921_180355.mp4",0,"2026-09-21 18:03:55","VEH_003","motorcycle","UNK","UNK","UNK","gray","0.00","UNK","2026-09-22 04:19:49.05505","2026-09-22 04:19:49.05505"
"S25U","INFER_S25U_VEH_ROOF_20260921_180355.mp4",0,"2026-09-21 18:03:55","VEH_004","motorcycle","UNK","UNK","UNK","gray","0.00","UNK","2026-09-22 04:19:49.05505","2026-09-22 04:19:49.05505"
"S25U","INFER_S25U_VEH_ROOF_20260921_180355.mp4",0,"2026-09-21 18:03:55","VEH_005","motorcycle","UNK","UNK","UNK","black","0.00","UNK","2026-09-22 04:19:49.05505","2026-09-22 04:19:49.05505"
"S25U","INFER_S25U_VEH_ROOF_20260921_180355.mp4",0,"2026-09-21 18:03:55","VEH_006","motorcycle","UNK","UNK","UNK","black","0.00","UNK","2026-09-22 04:19:49.05505","2026-09-22 04:19:49.05505"
"S25U","INFER_S25U_VEH_ROOF_20260921_180355.mp4",0,"2026-09-21 18:03:55","VEH_007","motorcycle","UNK","UNK","UNK","gray","0.00","UNK","2026-09-22 04:19:49.05505","2026-09-22 04:19:49.05505"
"S25U","INFER_S25U_VEH_ROOF_20260921_180355.mp4",0,"2026-09-21 18:03:55","VEH_008","motorcycle","UNK","UNK","UNK","gray","0.00","UNK","2026-09-22 04:19:49.05505","2026-09-22 04:19:49.05505"
"S25U","INFER_S25U_VEH_ROOF_20260921_180355.mp4",0,"2026-09-21 18:03:55","VEH_009","motorcycle","UNK","UNK","UNK","yellow","0.00","UNK","2026-09-22 04:19:49.05505","2026-09-22 04:19:49.05505"
"S25U","INFER_S25U_VEH_ROOF_20260921_180355.mp4",0,"2026-09-21 18:03:55","VEH_010","motorcycle","UNK","UNK","UNK","gray","0.00","UNK","2026-09-22 04:19:49.05505","2026-09-22 04:19:49.05505"
"S25U","INFER_S25U_VEH_ROOF_20260921_180355.mp4",0,"2026-09-21 18:03:55","VEH_011","motorcycle","UNK","UNK","UNK","black","0.00","UNK","2026-09-22 04:19:49.05505","2026-09-22 04:19:49.05505"
"S25U","INFER_S25U_VEH_ROOF_20260921_180355.mp4",0,"2026-09-21 18:03:55","VEH_012","motorcycle","UNK","UNK","UNK","gray","0.00","UNK","2026-09-22 04:19:49.05505","2026-09-22 04:19:49.05505"
"S25U","INFER_S25U_VEH_ROOF_20260921_180355.mp4",0,"2026-09-21 18:03:55","VEH_013","motorcycle","UNK","UNK","UNK","gray","0.00","UNK","2026-09-22 04:19:49.05505","2026-09-22 04:19:49.05505"
"S25U","INFER_S25U_VEH_ROOF_20260921_180355.mp4",0,"2026-09-21 18:03:55","VEH_014","motorcycle","UNK","UNK","UNK","gray","0.00","UNK","2026-09-22 04:19:49.05505","2026-09-22 04:19:49.05505"
"S25U","INFER_S25U_VEH_ROOF_20260921_180355.mp4",0,"2026-09-21 18:03:55","VEH_015","motorcycle","UNK","UNK","UNK","gray","0.00","UNK","2026-09-22 04:19:49.05505","2026-09-22 04:19:49.05505"
"S25U","INFER_S25U_VEH_ROOF_20260921_180355.mp4",0,"2026-09-21 18:03:55","VEH_016","motorcycle","UNK","UNK","UNK","gray","0.00","UNK","2026-09-22 04:19:49.05505","2026-09-22 04:19:49.05505"
"S25U","INFER_S25U_VEH_ROOF_20260921_180355.mp4",0,"2026-09-21 18:03:55","VEH_017","motorcycle","UNK","UNK","UNK","gray","0.00","UNK","2026-09-22 04:19:49.05505","2026-09-22 04:19:49.05505"
"S25U","INFER_S25U_VEH_ROOF_20260921_180355.mp4",0,"2026-09-21 18:03:55","VEH_018","motorcycle","UNK","UNK","UNK","gray","0.00","UNK","2026-09-22 04:19:49.05505","2026-09-22 04:19:49.05505"
"S25U","INFER_S25U_VEH_ROOF_20260921_180355.mp4",0,"2026-09-21 18:03:55","VEH_019","motorcycle","UNK","UNK","UNK","gray","0.00","UNK","2026-09-22 04:19:49.05505","2026-09-22 04:19:49.05505"
"S25U","INFER_S25U_VEH_ROOF_20260921_180355.mp4",0,"2026-09-21 18:03:55","VEH_020","motorcycle","UNK","UNK","UNK","yellow","0.00","UNK","2026-09-22 04:19:49.05505","2026-09-22 04:19:49.05505"
"S25U","INFER_S25U_VEH_ROOF_20260921_180355.mp4",0,"2026-09-21 18:03:55","VEH_021","motorcycle","UNK","UNK","UNK","black","0.00","UNK","2026-09-22 04:19:49.05505","2026-09-22 04:19:49.05505"
"S25U","INFER_S25U_VEH_ROOF_20260921_180355.mp4",0,"2026-09-21 18:03:55","VEH_022","motorcycle","UNK","UNK","UNK","UNK","0.00","UNK","2026-09-22 04:19:49.05505","2026-09-22 04:19:49.05505"
"S25U","INFER_S25U_VEH_ROOF_20260921_180355.mp4",0,"2026-09-21 18:03:55","VEH_023","motorcycle","UNK","UNK","UNK","gray","0.00","UNK","2026-09-22 04:19:49.05505","2026-09-22 04:19:49.05505"
"S25U","INFER_S25U_VEH_ROOF_20260921_180355.mp4",0,"2026-09-21 18:03:55","VEH_024","motorcycle","UNK","UNK","UNK","gray","0.00","UNK","2026-09-22 04:19:49.05505","2026-09-22 04:19:49.05505"
"S25U","INFER_S25U_VEH_ROOF_20260921_180355.mp4",0,"2026-09-21 18:03:55","VEH_025","motorcycle","UNK","UNK","UNK","gray","0.00","UNK","2026-09-22 04:19:49.05505","2026-09-22 04:19:49.05505"
"S25U","INFER_S25U_VEH_ROOF_20260921_180355.mp4",0,"2026-09-21 18:03:55","VEH_026","motorcycle","UNK","UNK","UNK","gray","0.00","UNK","2026-09-22 04:19:49.05505","2026-09-22 04:19:49.05505"
"S25U","INFER_S25U_VEH_ROOF_20260921_180355.mp4",0,"2026-09-21 18:03:55","VEH_027","motorcycle","UNK","UNK","UNK","gray","0.00","UNK","2026-09-22 04:19:49.05505","2026-09-22 04:19:49.05505"
"S25U","INFER_S25U_VEH_ROOF_20260921_180355.mp4",0,"2026-09-21 18:03:55","VEH_028","motorcycle","UNK","UNK","UNK","gray","0.00","UNK","2026-09-22 04:19:49.05505","2026-09-22 04:19:49.05505"
"S25U","INFER_S25U_VEH_ROOF_20260921_180355.mp4",0,"2026-09-21 18:03:55","VEH_029","motorcycle","UNK","UNK","UNK","black","0.00","UNK","2026-09-22 04:19:49.05505","2026-09-22 04:19:49.05505"
"S25U","INFER_S25U_VEH_ROOF_20260921_180355.mp4",0,"2026-09-21 18:03:55","VEH_030","motorcycle","UNK","UNK","UNK","gray","0.00","UNK","2026-09-22 04:19:49.05505","2026-09-22 04:19:49.05505"
"S25U","INFER_S25U_VEH_ROOF_20260921_180355.mp4",0,"2026-09-21 18:03:55","VEH_031","motorcycle","UNK","UNK","UNK","yellow","0.00","UNK","2026-09-22 04:19:49.05505","2026-09-22 04:19:49.05505"
"S25U","INFER_S25U_VEH_ROOF_20260921_180355.mp4",0,"2026-09-21 18:03:55","VEH_032","motorcycle","UNK","UNK","UNK","black","0.00","UNK","2026-09-22 04:19:49.05505","2026-09-22 04:19:49.05505"
"S25U","INFER_S25U_VEH_ROOF_20260921_180355.mp4",0,"2026-09-21 18:03:55","VEH_033","motorcycle","UNK","UNK","UNK","black","0.00","UNK","2026-09-22 04:19:49.05505","2026-09-22 04:19:49.05505"
"S25U","INFER_S25U_VEH_ROOF_20260921_180355.mp4",0,"2026-09-21 18:03:55","VEH_034","motorcycle","UNK","UNK","UNK","UNK","0.00","UNK","2026-09-22 04:19:49.05505","2026-09-22 04:19:49.05505"
"S25U","INFER_S25U_VEH_ROOF_20260921_180355.mp4",0,"2026-09-21 18:03:55","VEH_035","motorcycle","UNK","UNK","UNK","UNK","0.00","UNK","2026-09-22 04:19:49.05505","2026-09-22 04:19:49.05505"
"S25U","INFER_S25U_VEH_ROOF_20260921_180355.mp4",0,"2026-09-21 18:03:55","VEH_036","motorcycle","UNK","UNK","UNK","UNK","0.00","UNK","2026-09-22 04:19:49.05505","2026-09-22 04:19:49.05505"
"S25U","INFER_S25U_VEH_ROOF_20260921_180355.mp4",0,"2026-09-21 18:03:55","VEH_037","motorcycle","UNK","UNK","UNK","gray","0.00","UNK","2026-09-22 04:19:49.05505","2026-09-22 04:19:49.05505"
"S25U","INFER_S25U_VEH_ROOF_20260921_180355.mp4",0,"2026-09-21 18:03:55","VEH_038","motorcycle","UNK","UNK","UNK","black","0.00","UNK","2026-09-22 04:19:49.05505","2026-09-22 04:19:49.05505"
"S25U","INFER_S25U_VEH_ROOF_20260921_180355.mp4",0,"2026-09-21 18:03:55","VEH_039","motorcycle","UNK","UNK","UNK","UNK","0.00","UNK","2026-09-22 04:19:49.05505","2026-09-22 04:19:49.05505"
"S25U","INFER_S25U_VEH_ROOF_20260921_180355.mp4",0,"2026-09-21 18:03:55","VEH_040","motorcycle","UNK","UNK","UNK","gray","0.00","UNK","2026-09-22 04:19:49.05505","2026-09-22 04:19:49.05505"
"S25U","INFER_S25U_VEH_ROOF_20260921_180355.mp4",0,"2026-09-21 18:03:55","VEH_041","motorcycle","UNK","UNK","UNK","black","0.00","UNK","2026-09-22 04:19:49.05505","2026-09-22 04:19:49.05505"
"S25U","INFER_S25U_VEH_ROOF_20260921_180355.mp4",0,"2026-09-21 18:03:55","VEH_042","motorcycle","UNK","UNK","UNK","UNK","0.00","UNK","2026-09-22 04:19:49.05505","2026-09-22 04:19:49.05505"
"S25U","INFER_S25U_VEH_ROOF_20260921_180355.mp4",0,"2026-09-21 18:03:55","VEH_043","bus","UNK","UNK","UNK","gray","0.00","UNK","2026-09-22 04:19:49.05505","2026-09-22 04:19:49.05505"
"S25U","INFER_S25U_VEH_ROOF_20260921_180355.mp4",10,"2026-09-21 18:03:55.167353","VEH_001","motorcycle","UNK","UNK","UNK","gray","0.00","UNK","2026-09-22 04:19:50.9052","2026-09-22 04:19:50.9052"
"S25U","INFER_S25U_VEH_ROOF_20260921_180355.mp4",10,"2026-09-21 18:03:55.167353","VEH_002","motorcycle","UNK","UNK","UNK","gray","0.00","UNK","2026-09-22 04:19:50.9052","2026-09-22 04:19:50.9052"
"S25U","INFER_S25U_VEH_ROOF_20260921_180355.mp4",10,"2026-09-21 18:03:55.167353","VEH_003","motorcycle","UNK","UNK","UNK","gray","0.00","UNK","2026-09-22 04:19:50.9052","2026-09-22 04:19:50.9052"
"S25U","INFER_S25U_VEH_ROOF_20260921_180355.mp4",10,"2026-09-21 18:03:55.167353","VEH_004","motorcycle","UNK","UNK","UNK","gray","0.00","UNK","2026-09-22 04:19:50.9052","2026-09-22 04:19:50.9052"
"S25U","INFER_S25U_VEH_ROOF_20260921_180355.mp4",10,"2026-09-21 18:03:55.167353","VEH_005","motorcycle","UNK","UNK","UNK","gray","0.00","UNK","2026-09-22 04:19:50.9052","2026-09-22 04:19:50.9052"
"S25U","INFER_S25U_VEH_ROOF_20260921_180355.mp4",10,"2026-09-21 18:03:55.167353","VEH_006","motorcycle","UNK","UNK","UNK","black","0.00","UNK","2026-09-22 04:19:50.9052","2026-09-22 04:19:50.9052"
"S25U","INFER_S25U_VEH_ROOF_20260921_180355.mp4",10,"2026-09-21 18:03:55.167353","VEH_007","motorcycle","UNK","UNK","UNK","gray","0.00","UNK","2026-09-22 04:19:50.9052","2026-09-22 04:19:50.9052"
"S25U","INFER_S25U_VEH_ROOF_20260921_180355.mp4",10,"2026-09-21 18:03:55.167353","VEH_008","motorcycle","UNK","UNK","UNK","gray","0.00","UNK","2026-09-22 04:19:50.9052","2026-09-22 04:19:50.9052"
"S25U","INFER_S25U_VEH_ROOF_20260921_180355.mp4",10,"2026-09-21 18:03:55.167353","VEH_009","motorcycle","UNK","UNK","UNK","gray","0.00","UNK","2026-09-22 04:19:50.9052","2026-09-22 04:19:50.9052"
"S25U","INFER_S25U_VEH_ROOF_20260921_180355.mp4",10,"2026-09-21 18:03:55.167353","VEH_010","motorcycle","UNK","UNK","UNK","gray","0.00","UNK","2026-09-22 04:19:50.9052","2026-09-22 04:19:50.9052"
"S25U","INFER_S25U_VEH_ROOF_20260921_180355.mp4",10,"2026-09-21 18:03:55.167353","VEH_011","motorcycle","UNK","UNK","UNK","black","0.00","UNK","2026-09-22 04:19:50.9052","2026-09-22 04:19:50.9052"
"S25U","INFER_S25U_VEH_ROOF_20260921_180355.mp4",10,"2026-09-21 18:03:55.167353","VEH_012","motorcycle","UNK","UNK","UNK","gray","0.00","UNK","2026-09-22 04:19:50.9052","2026-09-22 04:19:50.9052"
"S25U","INFER_S25U_VEH_ROOF_20260921_180355.mp4",10,"2026-09-21 18:03:55.167353","VEH_013","motorcycle","UNK","UNK","UNK","gray","0.00","UNK","2026-09-22 04:19:50.9052","2026-09-22 04:19:50.9052"
"S25U","INFER_S25U_VEH_ROOF_20260921_180355.mp4",10,"2026-09-21 18:03:55.167353","VEH_014","motorcycle","UNK","UNK","UNK","gray","0.00","UNK","2026-09-22 04:19:50.9052","2026-09-22 04:19:50.9052"
"S25U","INFER_S25U_VEH_ROOF_20260921_180355.mp4",10,"2026-09-21 18:03:55.167353","VEH_015","motorcycle","UNK","UNK","UNK","gray","0.00","UNK","2026-09-22 04:19:50.9052","2026-09-22 04:19:50.9052"
"S25U","INFER_S25U_VEH_ROOF_20260921_180355.mp4",10,"2026-09-21 18:03:55.167353","VEH_016","motorcycle","UNK","UNK","UNK","gray","0.00","UNK","2026-09-22 04:19:50.9052","2026-09-22 04:19:50.9052"
"S25U","INFER_S25U_VEH_ROOF_20260921_180355.mp4",10,"2026-09-21 18:03:55.167353","VEH_017","motorcycle","UNK","UNK","UNK","gray","0.00","UNK","2026-09-22 04:19:50.9052","2026-09-22 04:19:50.9052"
"S25U","INFER_S25U_VEH_ROOF_20260921_180355.mp4",10,"2026-09-21 18:03:55.167353","VEH_018","motorcycle","UNK","UNK","UNK","gray","0.00","UNK","2026-09-22 04:19:50.9052","2026-09-22 04:19:50.9052"
"S25U","INFER_S25U_VEH_ROOF_20260921_180355.mp4",10,"2026-09-21 18:03:55.167353","VEH_019","motorcycle","UNK","UNK","UNK","yellow","0.00","UNK","2026-09-22 04:19:50.9052","2026-09-22 04:19:50.9052"
"S25U","INFER_S25U_VEH_ROOF_20260921_180355.mp4",10,"2026-09-21 18:03:55.167353","VEH_020","motorcycle","UNK","UNK","UNK","yellow","0.00","UNK","2026-09-22 04:19:50.9052","2026-09-22 04:19:50.9052"
"S25U","INFER_S25U_VEH_ROOF_20260921_180355.mp4",10,"2026-09-21 18:03:55.167353","VEH_021","motorcycle","UNK","UNK","UNK","black","0.00","UNK","2026-09-22 04:19:50.9052","2026-09-22 04:19:50.9052"
"S25U","INFER_S25U_VEH_ROOF_20260921_180355.mp4",10,"2026-09-21 18:03:55.167353","VEH_022","motorcycle","UNK","UNK","UNK","gray","0.00","UNK","2026-09-22 04:19:50.9052","2026-09-22 04:19:50.9052"
"S25U","INFER_S25U_VEH_ROOF_20260921_180355.mp4",10,"2026-09-21 18:03:55.167353","VEH_023","motorcycle","UNK","UNK","UNK","black","0.00","UNK","2026-09-22 04:19:50.9052","2026-09-22 04:19:50.9052"
"S25U","INFER_S25U_VEH_ROOF_20260921_180355.mp4",10,"2026-09-21 18:03:55.167353","VEH_024","motorcycle","UNK","UNK","UNK","black","0.00","UNK","2026-09-22 04:19:50.9052","2026-09-22 04:19:50.9052"
"S25U","INFER_S25U_VEH_ROOF_20260921_180355.mp4",10,"2026-09-21 18:03:55.167353","VEH_025","motorcycle","UNK","UNK","UNK","gray","0.00","UNK","2026-09-22 04:19:50.9052","2026-09-22 04:19:50.9052"
"S25U","INFER_S25U_VEH_ROOF_20260921_180355.mp4",10,"2026-09-21 18:03:55.167353","VEH_026","motorcycle","UNK","UNK","UNK","gray","0.00","UNK","2026-09-22 04:19:50.9052","2026-09-22 04:19:50.9052"
"S25U","INFER_S25U_VEH_ROOF_20260921_180355.mp4",10,"2026-09-21 18:03:55.167353","VEH_027","motorcycle","UNK","UNK","UNK","gray","0.00","UNK","2026-09-22 04:19:50.9052","2026-09-22 04:19:50.9052"
"S25U","INFER_S25U_VEH_ROOF_20260921_180355.mp4",10,"2026-09-21 18:03:55.167353","VEH_028","motorcycle","UNK","UNK","UNK","gray","0.00","UNK","2026-09-22 04:19:50.9052","2026-09-22 04:19:50.9052"
"S25U","INFER_S25U_VEH_ROOF_20260921_180355.mp4",10,"2026-09-21 18:03:55.167353","VEH_029","motorcycle","UNK","UNK","UNK","gray","0.00","UNK","2026-09-22 04:19:50.9052","2026-09-22 04:19:50.9052"
"S25U","INFER_S25U_VEH_ROOF_20260921_180355.mp4",10,"2026-09-21 18:03:55.167353","VEH_030","motorcycle","UNK","UNK","UNK","black","0.00","UNK","2026-09-22 04:19:50.9052","2026-09-22 04:19:50.9052"
"S25U","INFER_S25U_VEH_ROOF_20260921_180355.mp4",10,"2026-09-21 18:03:55.167353","VEH_031","motorcycle","UNK","UNK","UNK","UNK","0.00","UNK","2026-09-22 04:19:50.9052","2026-09-22 04:19:50.9052"
"S25U","INFER_S25U_VEH_ROOF_20260921_180355.mp4",10,"2026-09-21 18:03:55.167353","VEH_032","motorcycle","UNK","UNK","UNK","UNK","0.00","UNK","2026-09-22 04:19:50.9052","2026-09-22 04:19:50.9052"
"S25U","INFER_S25U_VEH_ROOF_20260921_180355.mp4",10,"2026-09-21 18:03:55.167353","VEH_033","motorcycle","UNK","UNK","UNK","UNK","0.00","UNK","2026-09-22 04:19:50.9052","2026-09-22 04:19:50.9052"
"S25U","INFER_S25U_VEH_ROOF_20260921_180355.mp4",10,"2026-09-21 18:03:55.167353","VEH_034","motorcycle","UNK","UNK","UNK","UNK","0.00","UNK","2026-09-22 04:19:50.9052","2026-09-22 04:19:50.9052"
"S25U","INFER_S25U_VEH_ROOF_20260921_180355.mp4",10,"2026-09-21 18:03:55.167353","VEH_035","motorcycle","UNK","UNK","UNK","UNK","0.00","UNK","2026-09-22 04:19:50.9052","2026-09-22 04:19:50.9052"
"S25U","INFER_S25U_VEH_ROOF_20260921_180355.mp4",10,"2026-09-21 18:03:55.167353","VEH_036","motorcycle","UNK","UNK","UNK","gray","0.00","UNK","2026-09-22 04:19:50.9052","2026-09-22 04:19:50.9052"
"S25U","INFER_S25U_VEH_ROOF_20260921_180355.mp4",10,"2026-09-21 18:03:55.167353","VEH_037","motorcycle","UNK","UNK","UNK","UNK","0.00","UNK","2026-09-22 04:19:50.9052","2026-09-22 04:19:50.9052"
"S25U","INFER_S25U_VEH_ROOF_20260921_180355.mp4",10,"2026-09-21 18:03:55.167353","VEH_038","motorcycle","UNK","UNK","UNK","black","0.00","UNK","2026-09-22 04:19:50.9052","2026-09-22 04:19:50.9052"
"S25U","INFER_S25U_VEH_ROOF_20260921_180355.mp4",10,"2026-09-21 18:03:55.167353","VEH_039","motorcycle","UNK","UNK","UNK","black","0.00","UNK","2026-09-22 04:19:50.9052","2026-09-22 04:19:50.9052"
"S25U","INFER_S25U_VEH_ROOF_20260921_180355.mp4",10,"2026-09-21 18:03:55.167353","VEH_040","motorcycle","UNK","UNK","UNK","yellow","0.00","UNK","2026-09-22 04:19:50.9052","2026-09-22 04:19:50.9052"
"S25U","INFER_S25U_VEH_ROOF_20260921_180355.mp4",10,"2026-09-21 18:03:55.167353","VEH_041","motorcycle","UNK","UNK","UNK","UNK","0.00","UNK","2026-09-22 04:19:50.9052","2026-09-22 04:19:50.9052"
"S25U","INFER_S25U_VEH_ROOF_20260921_180355.mp4",10,"2026-09-21 18:03:55.167353","VEH_042","bus","UNK","UNK","UNK","black","0.00","UNK","2026-09-22 04:19:50.9052","2026-09-22 04:19:50.9052"
"S25U","INFER_S25U_VEH_ROOF_20260921_180355.mp4",20,"2026-09-21 18:03:55.334707","VEH_001","motorcycle","UNK","UNK","UNK","gray","0.00","UNK","2026-09-22 04:19:53.125643","2026-09-22 04:19:53.125643"
"S25U","INFER_S25U_VEH_ROOF_20260921_180355.mp4",20,"2026-09-21 18:03:55.334707","VEH_002","motorcycle","UNK","UNK","UNK","gray","0.00","UNK","2026-09-22 04:19:53.125643","2026-09-22 04:19:53.125643"
"S25U","INFER_S25U_VEH_ROOF_20260921_180355.mp4",20,"2026-09-21 18:03:55.334707","VEH_003","motorcycle","UNK","UNK","UNK","gray","0.00","UNK","2026-09-22 04:19:53.125643","2026-09-22 04:19:53.125643"
"S25U","INFER_S25U_VEH_ROOF_20260921_180355.mp4",20,"2026-09-21 18:03:55.334707","VEH_004","motorcycle","UNK","UNK","UNK","black","0.00","UNK","2026-09-22 04:19:53.125643","2026-09-22 04:19:53.125643"
"S25U","INFER_S25U_VEH_ROOF_20260921_180355.mp4",20,"2026-09-21 18:03:55.334707","VEH_005","motorcycle","UNK","UNK","UNK","gray","0.00","UNK","2026-09-22 04:19:53.125643","2026-09-22 04:19:53.125643"
"S25U","INFER_S25U_VEH_ROOF_20260921_180355.mp4",20,"2026-09-21 18:03:55.334707","VEH_006","motorcycle","UNK","UNK","UNK","gray","0.00","UNK","2026-09-22 04:19:53.125643","2026-09-22 04:19:53.125643"
"S25U","INFER_S25U_VEH_ROOF_20260921_180355.mp4",20,"2026-09-21 18:03:55.334707","VEH_007","motorcycle","UNK","UNK","UNK","gray","0.00","UNK","2026-09-22 04:19:53.125643","2026-09-22 04:19:53.125643"
"S25U","INFER_S25U_VEH_ROOF_20260921_180355.mp4",20,"2026-09-21 18:03:55.334707","VEH_008","motorcycle","UNK","UNK","UNK","gray","0.00","UNK","2026-09-22 04:19:53.125643","2026-09-22 04:19:53.125643"
"S25U","INFER_S25U_VEH_ROOF_20260921_180355.mp4",20,"2026-09-21 18:03:55.334707","VEH_009","motorcycle","UNK","UNK","UNK","black","0.00","UNK","2026-09-22 04:19:53.125643","2026-09-22 04:19:53.125643"
"S25U","INFER_S25U_VEH_ROOF_20260921_180355.mp4",20,"2026-09-21 18:03:55.334707","VEH_010","motorcycle","UNK","UNK","UNK","gray","0.00","UNK","2026-09-22 04:19:53.125643","2026-09-22 04:19:53.125643"
"S25U","INFER_S25U_VEH_ROOF_20260921_180355.mp4",20,"2026-09-21 18:03:55.334707","VEH_011","motorcycle","UNK","UNK","UNK","gray","0.00","UNK","2026-09-22 04:19:53.125643","2026-09-22 04:19:53.125643"
"S25U","INFER_S25U_VEH_ROOF_20260921_180355.mp4",20,"2026-09-21 18:03:55.334707","VEH_012","motorcycle","UNK","UNK","UNK","gray","0.00","UNK","2026-09-22 04:19:53.125643","2026-09-22 04:19:53.125643"
"S25U","INFER_S25U_VEH_ROOF_20260921_180355.mp4",20,"2026-09-21 18:03:55.334707","VEH_013","motorcycle","UNK","UNK","UNK","gray","0.00","UNK","2026-09-22 04:19:53.125643","2026-09-22 04:19:53.125643"
"S25U","INFER_S25U_VEH_ROOF_20260921_180355.mp4",20,"2026-09-21 18:03:55.334707","VEH_014","motorcycle","UNK","UNK","UNK","gray","0.00","UNK","2026-09-22 04:19:53.125643","2026-09-22 04:19:53.125643"
"S25U","INFER_S25U_VEH_ROOF_20260921_180355.mp4",20,"2026-09-21 18:03:55.334707","VEH_015","motorcycle","UNK","UNK","UNK","black","0.00","UNK","2026-09-22 04:19:53.125643","2026-09-22 04:19:53.125643"
"S25U","INFER_S25U_VEH_ROOF_20260921_180355.mp4",20,"2026-09-21 18:03:55.334707","VEH_016","motorcycle","UNK","UNK","UNK","gray","0.00","UNK","2026-09-22 04:19:53.125643","2026-09-22 04:19:53.125643"
"S25U","INFER_S25U_VEH_ROOF_20260921_180355.mp4",20,"2026-09-21 18:03:55.334707","VEH_017","motorcycle","UNK","UNK","UNK","black","0.00","UNK","2026-09-22 04:19:53.125643","2026-09-22 04:19:53.125643"
"S25U","INFER_S25U_VEH_ROOF_20260921_180355.mp4",20,"2026-09-21 18:03:55.334707","VEH_018","motorcycle","UNK","UNK","UNK","black","0.00","UNK","2026-09-22 04:19:53.125643","2026-09-22 04:19:53.125643"
"S25U","INFER_S25U_VEH_ROOF_20260921_180355.mp4",20,"2026-09-21 18:03:55.334707","VEH_019","motorcycle","UNK","UNK","UNK","gray","0.00","UNK","2026-09-22 04:19:53.125643","2026-09-22 04:19:53.125643"
"S25U","INFER_S25U_VEH_ROOF_20260921_180355.mp4",20,"2026-09-21 18:03:55.334707","VEH_020","motorcycle","UNK","UNK","UNK","UNK","0.00","UNK","2026-09-22 04:19:53.125643","2026-09-22 04:19:53.125643"
"S25U","INFER_S25U_VEH_ROOF_20260921_180355.mp4",20,"2026-09-21 18:03:55.334707","VEH_021","motorcycle","UNK","UNK","UNK","UNK","0.00","UNK","2026-09-22 04:19:53.125643","2026-09-22 04:19:53.125643"
"S25U","INFER_S25U_VEH_ROOF_20260921_180355.mp4",20,"2026-09-21 18:03:55.334707","VEH_022","motorcycle","UNK","UNK","UNK","gray","0.00","UNK","2026-09-22 04:19:53.125643","2026-09-22 04:19:53.125643"
"S25U","INFER_S25U_VEH_ROOF_20260921_180355.mp4",20,"2026-09-21 18:03:55.334707","VEH_023","motorcycle","UNK","UNK","UNK","gray","0.00","UNK","2026-09-22 04:19:53.125643","2026-09-22 04:19:53.125643"
"S25U","INFER_S25U_VEH_ROOF_20260921_180355.mp4",20,"2026-09-21 18:03:55.334707","VEH_024","motorcycle","UNK","UNK","UNK","black","0.00","UNK","2026-09-22 04:19:53.125643","2026-09-22 04:19:53.125643"
"S25U","INFER_S25U_VEH_ROOF_20260921_180355.mp4",20,"2026-09-21 18:03:55.334707","VEH_025","motorcycle","UNK","UNK","UNK","gray","0.00","UNK","2026-09-22 04:19:53.125643","2026-09-22 04:19:53.125643"
"S25U","INFER_S25U_VEH_ROOF_20260921_180355.mp4",20,"2026-09-21 18:03:55.334707","VEH_026","motorcycle","UNK","UNK","UNK","gray","0.00","UNK","2026-09-22 04:19:53.125643","2026-09-22 04:19:53.125643"
"S25U","INFER_S25U_VEH_ROOF_20260921_180355.mp4",20,"2026-09-21 18:03:55.334707","VEH_027","motorcycle","UNK","UNK","UNK","black","0.00","UNK","2026-09-22 04:19:53.125643","2026-09-22 04:19:53.125643"
"S25U","INFER_S25U_VEH_ROOF_20260921_180355.mp4",20,"2026-09-21 18:03:55.334707","VEH_028","motorcycle","UNK","UNK","UNK","gray","0.00","UNK","2026-09-22 04:19:53.125643","2026-09-22 04:19:53.125643"
"S25U","INFER_S25U_VEH_ROOF_20260921_180355.mp4",20,"2026-09-21 18:03:55.334707","VEH_029","motorcycle","UNK","UNK","UNK","gray","0.00","UNK","2026-09-22 04:19:53.125643","2026-09-22 04:19:53.125643"
"S25U","INFER_S25U_VEH_ROOF_20260921_180355.mp4",20,"2026-09-21 18:03:55.334707","VEH_030","motorcycle","UNK","UNK","UNK","gray","0.00","UNK","2026-09-22 04:19:53.125643","2026-09-22 04:19:53.125643"
"S25U","INFER_S25U_VEH_ROOF_20260921_180355.mp4",20,"2026-09-21 18:03:55.334707","VEH_031","motorcycle","UNK","UNK","UNK","black","0.00","UNK","2026-09-22 04:19:53.125643","2026-09-22 04:19:53.125643"
"S25U","INFER_S25U_VEH_ROOF_20260921_180355.mp4",20,"2026-09-21 18:03:55.334707","VEH_032","motorcycle","UNK","UNK","UNK","UNK","0.00","UNK","2026-09-22 04:19:53.125643","2026-09-22 04:19:53.125643"
"S25U","INFER_S25U_VEH_ROOF_20260921_180355.mp4",20,"2026-09-21 18:03:55.334707","VEH_033","motorcycle","UNK","UNK","UNK","UNK","0.00","UNK","2026-09-22 04:19:53.125643","2026-09-22 04:19:53.125643"
"S25U","INFER_S25U_VEH_ROOF_20260921_180355.mp4",20,"2026-09-21 18:03:55.334707","VEH_034","motorcycle","UNK","UNK","UNK","gray","0.00","UNK","2026-09-22 04:19:53.125643","2026-09-22 04:19:53.125643"
"S25U","INFER_S25U_VEH_ROOF_20260921_180355.mp4",20,"2026-09-21 18:03:55.334707","VEH_035","motorcycle","UNK","UNK","UNK","gray","0.00","UNK","2026-09-22 04:19:53.125643","2026-09-22 04:19:53.125643"
"S25U","INFER_S25U_VEH_ROOF_20260921_180355.mp4",20,"2026-09-21 18:03:55.334707","VEH_036","motorcycle","UNK","UNK","UNK","black","0.00","UNK","2026-09-22 04:19:53.125643","2026-09-22 04:19:53.125643"
"S25U","INFER_S25U_VEH_ROOF_20260921_180355.mp4",20,"2026-09-21 18:03:55.334707","VEH_037","motorcycle","UNK","UNK","UNK","UNK","0.00","UNK","2026-09-22 04:19:53.125643","2026-09-22 04:19:53.125643"
"S25U","INFER_S25U_VEH_ROOF_20260921_180355.mp4",20,"2026-09-21 18:03:55.334707","VEH_038","motorcycle","UNK","UNK","UNK","UNK","0.00","UNK","2026-09-22 04:19:53.125643","2026-09-22 04:19:53.125643"
"S25U","INFER_S25U_VEH_ROOF_20260921_180355.mp4",20,"2026-09-21 18:03:55.334707","VEH_039","motorcycle","UNK","UNK","UNK","gray","0.00","UNK","2026-09-22 04:19:53.125643","2026-09-22 04:19:53.125643"
"S25U","INFER_S25U_VEH_ROOF_20260921_180355.mp4",20,"2026-09-21 18:03:55.334707","VEH_040","motorcycle","UNK","UNK","UNK","gray","0.00","UNK","2026-09-22 04:19:53.125643","2026-09-22 04:19:53.125643"
"S25U","INFER_S25U_VEH_ROOF_20260921_180355.mp4",20,"2026-09-21 18:03:55.334707","VEH_041","bus","UNK","UNK","UNK","gray","0.00","UNK","2026-09-22 04:19:53.125643","2026-09-22 04:19:53.125643"
"S25U","INFER_S25U_VEH_ROOF_20260921_180355.mp4",20,"2026-09-21 18:03:55.334707","VEH_042","bus","UNK","UNK","UNK","gray","0.00","UNK","2026-09-22 04:19:53.125643","2026-09-22 04:19:53.125643"
"S25U","INFER_S25U_VEH_ROOF_20260921_180355.mp4",20,"2026-09-21 18:03:55.334707","VEH_043","bus","UNK","UNK","UNK","gray","0.00","UNK","2026-09-22 04:19:53.125643","2026-09-22 04:19:53.125643"
"S25U","INFER_S25U_VEH_ROOF_20260921_180355.mp4",30,"2026-09-21 18:03:55.50206","VEH_001","motorcycle","UNK","UNK","UNK","gray","0.00","UNK","2026-09-22 04:19:55.197972","2026-09-22 04:19:55.197972"
"S25U","INFER_S25U_VEH_ROOF_20260921_180355.mp4",30,"2026-09-21 18:03:55.50206","VEH_002","motorcycle","UNK","UNK","UNK","gray","0.00","UNK","2026-09-22 04:19:55.197972","2026-09-22 04:19:55.197972"
"S25U","INFER_S25U_VEH_ROOF_20260921_180355.mp4",30,"2026-09-21 18:03:55.50206","VEH_003","motorcycle","UNK","UNK","UNK","black","0.00","UNK","2026-09-22 04:19:55.197972","2026-09-22 04:19:55.197972"
"S25U","INFER_S25U_VEH_ROOF_20260921_180355.mp4",30,"2026-09-21 18:03:55.50206","VEH_004","motorcycle","UNK","UNK","UNK","UNK","0.00","UNK","2026-09-22 04:19:55.197972","2026-09-22 04:19:55.197972"
"S25U","INFER_S25U_VEH_ROOF_20260921_180355.mp4",30,"2026-09-21 18:03:55.50206","VEH_005","motorcycle","UNK","UNK","UNK","gray","0.00","UNK","2026-09-22 04:19:55.197972","2026-09-22 04:19:55.197972"
"S25U","INFER_S25U_VEH_ROOF_20260921_180355.mp4",30,"2026-09-21 18:03:55.50206","VEH_006","motorcycle","UNK","UNK","UNK","gray","0.00","UNK","2026-09-22 04:19:55.197972","2026-09-22 04:19:55.197972"
"S25U","INFER_S25U_VEH_ROOF_20260921_180355.mp4",30,"2026-09-21 18:03:55.50206","VEH_007","motorcycle","UNK","UNK","UNK","gray","0.00","UNK","2026-09-22 04:19:55.197972","2026-09-22 04:19:55.197972"
"S25U","INFER_S25U_VEH_ROOF_20260921_180355.mp4",30,"2026-09-21 18:03:55.50206","VEH_008","motorcycle","UNK","UNK","UNK","gray","0.00","UNK","2026-09-22 04:19:55.197972","2026-09-22 04:19:55.197972"
"S25U","INFER_S25U_VEH_ROOF_20260921_180355.mp4",30,"2026-09-21 18:03:55.50206","VEH_009","motorcycle","UNK","UNK","UNK","gray","0.00","UNK","2026-09-22 04:19:55.197972","2026-09-22 04:19:55.197972"
"S25U","INFER_S25U_VEH_ROOF_20260921_180355.mp4",30,"2026-09-21 18:03:55.50206","VEH_010","motorcycle","UNK","UNK","UNK","gray","0.00","UNK","2026-09-22 04:19:55.197972","2026-09-22 04:19:55.197972"
"S25U","INFER_S25U_VEH_ROOF_20260921_180355.mp4",30,"2026-09-21 18:03:55.50206","VEH_011","motorcycle","UNK","UNK","UNK","gray","0.00","UNK","2026-09-22 04:19:55.197972","2026-09-22 04:19:55.197972"
"S25U","INFER_S25U_VEH_ROOF_20260921_180355.mp4",30,"2026-09-21 18:03:55.50206","VEH_012","motorcycle","UNK","UNK","UNK","gray","0.00","UNK","2026-09-22 04:19:55.197972","2026-09-22 04:19:55.197972"
"S25U","INFER_S25U_VEH_ROOF_20260921_180355.mp4",30,"2026-09-21 18:03:55.50206","VEH_013","motorcycle","UNK","UNK","UNK","gray","0.00","UNK","2026-09-22 04:19:55.197972","2026-09-22 04:19:55.197972"
"S25U","INFER_S25U_VEH_ROOF_20260921_180355.mp4",30,"2026-09-21 18:03:55.50206","VEH_014","motorcycle","UNK","UNK","UNK","black","0.00","UNK","2026-09-22 04:19:55.197972","2026-09-22 04:19:55.197972"
"S25U","INFER_S25U_VEH_ROOF_20260921_180355.mp4",30,"2026-09-21 18:03:55.50206","VEH_015","motorcycle","UNK","UNK","UNK","gray","0.00","UNK","2026-09-22 04:19:55.197972","2026-09-22 04:19:55.197972"
"S25U","INFER_S25U_VEH_ROOF_20260921_180355.mp4",30,"2026-09-21 18:03:55.50206","VEH_016","motorcycle","UNK","UNK","UNK","black","0.00","UNK","2026-09-22 04:19:55.197972","2026-09-22 04:19:55.197972"
"S25U","INFER_S25U_VEH_ROOF_20260921_180355.mp4",30,"2026-09-21 18:03:55.50206","VEH_017","motorcycle","UNK","UNK","UNK","gray","0.00","UNK","2026-09-22 04:19:55.197972","2026-09-22 04:19:55.197972"
"S25U","INFER_S25U_VEH_ROOF_20260921_180355.mp4",30,"2026-09-21 18:03:55.50206","VEH_018","motorcycle","UNK","UNK","UNK","black","0.00","UNK","2026-09-22 04:19:55.197972","2026-09-22 04:19:55.197972"
"S25U","INFER_S25U_VEH_ROOF_20260921_180355.mp4",30,"2026-09-21 18:03:55.50206","VEH_019","motorcycle","UNK","UNK","UNK","gray","0.00","UNK","2026-09-22 04:19:55.197972","2026-09-22 04:19:55.197972"
"S25U","INFER_S25U_VEH_ROOF_20260921_180355.mp4",30,"2026-09-21 18:03:55.50206","VEH_020","motorcycle","UNK","UNK","UNK","black","0.00","UNK","2026-09-22 04:19:55.197972","2026-09-22 04:19:55.197972"
"S25U","INFER_S25U_VEH_ROOF_20260921_180355.mp4",30,"2026-09-21 18:03:55.50206","VEH_021","motorcycle","UNK","UNK","UNK","black","0.00","UNK","2026-09-22 04:19:55.197972","2026-09-22 04:19:55.197972"
"S25U","INFER_S25U_VEH_ROOF_20260921_180355.mp4",30,"2026-09-21 18:03:55.50206","VEH_022","motorcycle","UNK","UNK","UNK","gray","0.00","UNK","2026-09-22 04:19:55.197972","2026-09-22 04:19:55.197972"
"S25U","INFER_S25U_VEH_ROOF_20260921_180355.mp4",30,"2026-09-21 18:03:55.50206","VEH_023","motorcycle","UNK","UNK","UNK","UNK","0.00","UNK","2026-09-22 04:19:55.197972","2026-09-22 04:19:55.197972"
"S25U","INFER_S25U_VEH_ROOF_20260921_180355.mp4",30,"2026-09-21 18:03:55.50206","VEH_024","motorcycle","UNK","UNK","UNK","gray","0.00","UNK","2026-09-22 04:19:55.197972","2026-09-22 04:19:55.197972"
"S25U","INFER_S25U_VEH_ROOF_20260921_180355.mp4",30,"2026-09-21 18:03:55.50206","VEH_025","motorcycle","UNK","UNK","UNK","gray","0.00","UNK","2026-09-22 04:19:55.197972","2026-09-22 04:19:55.197972"
"S25U","INFER_S25U_VEH_ROOF_20260921_180355.mp4",30,"2026-09-21 18:03:55.50206","VEH_026","motorcycle","UNK","UNK","UNK","gray","0.00","UNK","2026-09-22 04:19:55.197972","2026-09-22 04:19:55.197972"
"S25U","INFER_S25U_VEH_ROOF_20260921_180355.mp4",30,"2026-09-21 18:03:55.50206","VEH_027","motorcycle","UNK","UNK","UNK","gray","0.00","UNK","2026-09-22 04:19:55.197972","2026-09-22 04:19:55.197972"
"S25U","INFER_S25U_VEH_ROOF_20260921_180355.mp4",30,"2026-09-21 18:03:55.50206","VEH_028","motorcycle","UNK","UNK","UNK","black","0.00","UNK","2026-09-22 04:19:55.197972","2026-09-22 04:19:55.197972"
"S25U","INFER_S25U_VEH_ROOF_20260921_180355.mp4",30,"2026-09-21 18:03:55.50206","VEH_029","motorcycle","UNK","UNK","UNK","UNK","0.00","UNK","2026-09-22 04:19:55.197972","2026-09-22 04:19:55.197972"
"S25U","INFER_S25U_VEH_ROOF_20260921_180355.mp4",30,"2026-09-21 18:03:55.50206","VEH_030","motorcycle","UNK","UNK","UNK","UNK","0.00","UNK","2026-09-22 04:19:55.197972","2026-09-22 04:19:55.197972"
"S25U","INFER_S25U_VEH_ROOF_20260921_180355.mp4",30,"2026-09-21 18:03:55.50206","VEH_031","motorcycle","UNK","UNK","UNK","UNK","0.00","UNK","2026-09-22 04:19:55.197972","2026-09-22 04:19:55.197972"
"S25U","INFER_S25U_VEH_ROOF_20260921_180355.mp4",30,"2026-09-21 18:03:55.50206","VEH_032","motorcycle","UNK","UNK","UNK","gray","0.00","UNK","2026-09-22 04:19:55.197972","2026-09-22 04:19:55.197972"
"S25U","INFER_S25U_VEH_ROOF_20260921_180355.mp4",30,"2026-09-21 18:03:55.50206","VEH_033","motorcycle","UNK","UNK","UNK","gray","0.00","UNK","2026-09-22 04:19:55.197972","2026-09-22 04:19:55.197972"
"S25U","INFER_S25U_VEH_ROOF_20260921_180355.mp4",30,"2026-09-21 18:03:55.50206","VEH_034","motorcycle","UNK","UNK","UNK","gray","0.00","UNK","2026-09-22 04:19:55.197972","2026-09-22 04:19:55.197972"
"S25U","INFER_S25U_VEH_ROOF_20260921_180355.mp4",30,"2026-09-21 18:03:55.50206","VEH_035","motorcycle","UNK","UNK","UNK","gray","0.00","UNK","2026-09-22 04:19:55.197972","2026-09-22 04:19:55.197972"
"S25U","INFER_S25U_VEH_ROOF_20260921_180355.mp4",30,"2026-09-21 18:03:55.50206","VEH_036","motorcycle","UNK","UNK","UNK","UNK","0.00","UNK","2026-09-22 04:19:55.197972","2026-09-22 04:19:55.197972"
"S25U","INFER_S25U_VEH_ROOF_20260921_180355.mp4",30,"2026-09-21 18:03:55.50206","VEH_037","motorcycle","UNK","UNK","UNK","UNK","0.00","UNK","2026-09-22 04:19:55.197972","2026-09-22 04:19:55.197972"
"S25U","INFER_S25U_VEH_ROOF_20260921_180355.mp4",30,"2026-09-21 18:03:55.50206","VEH_038","motorcycle","UNK","UNK","UNK","gray","0.00","UNK","2026-09-22 04:19:55.197972","2026-09-22 04:19:55.197972"
"S25U","INFER_S25U_VEH_ROOF_20260921_180355.mp4",30,"2026-09-21 18:03:55.50206","VEH_039","motorcycle","UNK","UNK","UNK","gray","0.00","UNK","2026-09-22 04:19:55.197972","2026-09-22 04:19:55.197972"
"S25U","INFER_S25U_VEH_ROOF_20260921_180355.mp4",30,"2026-09-21 18:03:55.50206","VEH_040","bus","UNK","UNK","UNK","gray","0.00","UNK","2026-09-22 04:19:55.197972","2026-09-22 04:19:55.197972"
"S25U","INFER_S25U_VEH_ROOF_20260921_180355.mp4",30,"2026-09-21 18:03:55.50206","VEH_041","motorcycle","UNK","UNK","UNK","gray","0.00","UNK","2026-09-22 04:19:55.197972","2026-09-22 04:19:55.197972"
"S25U","INFER_S25U_VEH_ROOF_20260921_180355.mp4",30,"2026-09-21 18:03:55.50206","VEH_042","motorcycle","UNK","UNK","UNK","UNK","0.00","UNK","2026-09-22 04:19:55.197972","2026-09-22 04:19:55.197972"
"S25U","INFER_S25U_VEH_ROOF_20260921_180355.mp4",30,"2026-09-21 18:03:55.50206","VEH_043","bus","UNK","UNK","UNK","gray","0.00","UNK","2026-09-22 04:19:55.197972","2026-09-22 04:19:55.197972"
"S25U","INFER_S25U_VEH_ROOF_20260921_180355.mp4",30,"2026-09-21 18:03:55.50206","VEH_044","bus","UNK","UNK","UNK","gray","0.00","UNK","2026-09-22 04:19:55.197972","2026-09-22 04:19:55.197972"
"S25U","INFER_S25U_VEH_ROOF_20260921_180355.mp4",40,"2026-09-21 18:03:55.669414","VEH_001","motorcycle","UNK","UNK","UNK","gray","0.00","UNK","2026-09-22 04:19:57.258336","2026-09-22 04:19:57.258336"
"S25U","INFER_S25U_VEH_ROOF_20260921_180355.mp4",40,"2026-09-21 18:03:55.669414","VEH_002","motorcycle","UNK","UNK","UNK","gray","0.00","UNK","2026-09-22 04:19:57.258336","2026-09-22 04:19:57.258336"
"S25U","INFER_S25U_VEH_ROOF_20260921_180355.mp4",40,"2026-09-21 18:03:55.669414","VEH_003","motorcycle","UNK","UNK","UNK","gray","0.00","UNK","2026-09-22 04:19:57.258336","2026-09-22 04:19:57.258336"
"S25U","INFER_S25U_VEH_ROOF_20260921_180355.mp4",40,"2026-09-21 18:03:55.669414","VEH_004","motorcycle","UNK","UNK","UNK","gray","0.00","UNK","2026-09-22 04:19:57.258336","2026-09-22 04:19:57.258336"
"S25U","INFER_S25U_VEH_ROOF_20260921_180355.mp4",40,"2026-09-21 18:03:55.669414","VEH_005","motorcycle","UNK","UNK","UNK","gray","0.00","UNK","2026-09-22 04:19:57.258336","2026-09-22 04:19:57.258336"
"S25U","INFER_S25U_VEH_ROOF_20260921_180355.mp4",40,"2026-09-21 18:03:55.669414","VEH_006","motorcycle","UNK","UNK","UNK","black","0.00","UNK","2026-09-22 04:19:57.258336","2026-09-22 04:19:57.258336"
"S25U","INFER_S25U_VEH_ROOF_20260921_180355.mp4",40,"2026-09-21 18:03:55.669414","VEH_007","motorcycle","UNK","UNK","UNK","gray","0.00","UNK","2026-09-22 04:19:57.258336","2026-09-22 04:19:57.258336"
"S25U","INFER_S25U_VEH_ROOF_20260921_180355.mp4",40,"2026-09-21 18:03:55.669414","VEH_008","motorcycle","UNK","UNK","UNK","gray","0.00","UNK","2026-09-22 04:19:57.258336","2026-09-22 04:19:57.258336"
"S25U","INFER_S25U_VEH_ROOF_20260921_180355.mp4",40,"2026-09-21 18:03:55.669414","VEH_009","motorcycle","UNK","UNK","UNK","black","0.00","UNK","2026-09-22 04:19:57.258336","2026-09-22 04:19:57.258336"
"S25U","INFER_S25U_VEH_ROOF_20260921_180355.mp4",40,"2026-09-21 18:03:55.669414","VEH_010","motorcycle","UNK","UNK","UNK","gray","0.00","UNK","2026-09-22 04:19:57.258336","2026-09-22 04:19:57.258336"
"S25U","INFER_S25U_VEH_ROOF_20260921_180355.mp4",40,"2026-09-21 18:03:55.669414","VEH_011","motorcycle","UNK","UNK","UNK","gray","0.00","UNK","2026-09-22 04:19:57.258336","2026-09-22 04:19:57.258336"
"S25U","INFER_S25U_VEH_ROOF_20260921_180355.mp4",40,"2026-09-21 18:03:55.669414","VEH_012","motorcycle","UNK","UNK","UNK","gray","0.00","UNK","2026-09-22 04:19:57.258336","2026-09-22 04:19:57.258336"
"S25U","INFER_S25U_VEH_ROOF_20260921_180355.mp4",40,"2026-09-21 18:03:55.669414","VEH_013","motorcycle","UNK","UNK","UNK","gray","0.00","UNK","2026-09-22 04:19:57.258336","2026-09-22 04:19:57.258336"
"S25U","INFER_S25U_VEH_ROOF_20260921_180355.mp4",40,"2026-09-21 18:03:55.669414","VEH_014","motorcycle","UNK","UNK","UNK","black","0.00","UNK","2026-09-22 04:19:57.258336","2026-09-22 04:19:57.258336"
"S25U","INFER_S25U_VEH_ROOF_20260921_180355.mp4",40,"2026-09-21 18:03:55.669414","VEH_015","motorcycle","UNK","UNK","UNK","gray","0.00","UNK","2026-09-22 04:19:57.258336","2026-09-22 04:19:57.258336"
"S25U","INFER_S25U_VEH_ROOF_20260921_180355.mp4",40,"2026-09-21 18:03:55.669414","VEH_016","motorcycle","UNK","UNK","UNK","UNK","0.00","UNK","2026-09-22 04:19:57.258336","2026-09-22 04:19:57.258336"
"S25U","INFER_S25U_VEH_ROOF_20260921_180355.mp4",40,"2026-09-21 18:03:55.669414","VEH_017","motorcycle","UNK","UNK","UNK","gray","0.00","UNK","2026-09-22 04:19:57.258336","2026-09-22 04:19:57.258336"
"S25U","INFER_S25U_VEH_ROOF_20260921_180355.mp4",40,"2026-09-21 18:03:55.669414","VEH_018","motorcycle","UNK","UNK","UNK","gray","0.00","UNK","2026-09-22 04:19:57.258336","2026-09-22 04:19:57.258336"
"S25U","INFER_S25U_VEH_ROOF_20260921_180355.mp4",40,"2026-09-21 18:03:55.669414","VEH_019","motorcycle","UNK","UNK","UNK","gray","0.00","UNK","2026-09-22 04:19:57.258336","2026-09-22 04:19:57.258336"
"S25U","INFER_S25U_VEH_ROOF_20260921_180355.mp4",40,"2026-09-21 18:03:55.669414","VEH_020","motorcycle","UNK","UNK","UNK","gray","0.00","UNK","2026-09-22 04:19:57.258336","2026-09-22 04:19:57.258336"
"S25U","INFER_S25U_VEH_ROOF_20260921_180355.mp4",40,"2026-09-21 18:03:55.669414","VEH_021","motorcycle","UNK","UNK","UNK","gray","0.00","UNK","2026-09-22 04:19:57.258336","2026-09-22 04:19:57.258336"
"S25U","INFER_S25U_VEH_ROOF_20260921_180355.mp4",40,"2026-09-21 18:03:55.669414","VEH_022","motorcycle","UNK","UNK","UNK","gray","0.00","UNK","2026-09-22 04:19:57.258336","2026-09-22 04:19:57.258336"
"S25U","INFER_S25U_VEH_ROOF_20260921_180355.mp4",40,"2026-09-21 18:03:55.669414","VEH_023","motorcycle","UNK","UNK","UNK","gray","0.00","UNK","2026-09-22 04:19:57.258336","2026-09-22 04:19:57.258336"
"S25U","INFER_S25U_VEH_ROOF_20260921_180355.mp4",40,"2026-09-21 18:03:55.669414","VEH_024","motorcycle","UNK","UNK","UNK","gray","0.00","UNK","2026-09-22 04:19:57.258336","2026-09-22 04:19:57.258336"
"S25U","INFER_S25U_VEH_ROOF_20260921_180355.mp4",40,"2026-09-21 18:03:55.669414","VEH_025","motorcycle","UNK","UNK","UNK","gray","0.00","UNK","2026-09-22 04:19:57.258336","2026-09-22 04:19:57.258336"
"S25U","INFER_S25U_VEH_ROOF_20260921_180355.mp4",40,"2026-09-21 18:03:55.669414","VEH_026","motorcycle","UNK","UNK","UNK","gray","0.00","UNK","2026-09-22 04:19:57.258336","2026-09-22 04:19:57.258336"
"S25U","INFER_S25U_VEH_ROOF_20260921_180355.mp4",40,"2026-09-21 18:03:55.669414","VEH_027","motorcycle","UNK","UNK","UNK","black","0.00","UNK","2026-09-22 04:19:57.258336","2026-09-22 04:19:57.258336"
"S25U","INFER_S25U_VEH_ROOF_20260921_180355.mp4",40,"2026-09-21 18:03:55.669414","VEH_028","motorcycle","UNK","UNK","UNK","UNK","0.00","UNK","2026-09-22 04:19:57.258336","2026-09-22 04:19:57.258336"
"S25U","INFER_S25U_VEH_ROOF_20260921_180355.mp4",40,"2026-09-21 18:03:55.669414","VEH_029","motorcycle","UNK","UNK","UNK","UNK","0.00","UNK","2026-09-22 04:19:57.258336","2026-09-22 04:19:57.258336"
"S25U","INFER_S25U_VEH_ROOF_20260921_180355.mp4",40,"2026-09-21 18:03:55.669414","VEH_030","motorcycle","UNK","UNK","UNK","UNK","0.00","UNK","2026-09-22 04:19:57.258336","2026-09-22 04:19:57.258336"
"S25U","INFER_S25U_VEH_ROOF_20260921_180355.mp4",40,"2026-09-21 18:03:55.669414","VEH_031","motorcycle","UNK","UNK","UNK","UNK","0.00","UNK","2026-09-22 04:19:57.258336","2026-09-22 04:19:57.258336"
"S25U","INFER_S25U_VEH_ROOF_20260921_180355.mp4",40,"2026-09-21 18:03:55.669414","VEH_032","motorcycle","UNK","UNK","UNK","gray","0.00","UNK","2026-09-22 04:19:57.258336","2026-09-22 04:19:57.258336"
"S25U","INFER_S25U_VEH_ROOF_20260921_180355.mp4",40,"2026-09-21 18:03:55.669414","VEH_033","motorcycle","UNK","UNK","UNK","gray","0.00","UNK","2026-09-22 04:19:57.258336","2026-09-22 04:19:57.258336"
"S25U","INFER_S25U_VEH_ROOF_20260921_180355.mp4",40,"2026-09-21 18:03:55.669414","VEH_034","motorcycle","UNK","UNK","UNK","gray","0.00","UNK","2026-09-22 04:19:57.258336","2026-09-22 04:19:57.258336"
"S25U","INFER_S25U_VEH_ROOF_20260921_180355.mp4",40,"2026-09-21 18:03:55.669414","VEH_035","motorcycle","UNK","UNK","UNK","gray","0.00","UNK","2026-09-22 04:19:57.258336","2026-09-22 04:19:57.258336"
"S25U","INFER_S25U_VEH_ROOF_20260921_180355.mp4",40,"2026-09-21 18:03:55.669414","VEH_036","motorcycle","UNK","UNK","UNK","gray","0.00","UNK","2026-09-22 04:19:57.258336","2026-09-22 04:19:57.258336"
"S25U","INFER_S25U_VEH_ROOF_20260921_180355.mp4",40,"2026-09-21 18:03:55.669414","VEH_037","motorcycle","UNK","UNK","UNK","UNK","0.00","UNK","2026-09-22 04:19:57.258336","2026-09-22 04:19:57.258336"
"S25U","INFER_S25U_VEH_ROOF_20260921_180355.mp4",40,"2026-09-21 18:03:55.669414","VEH_038","motorcycle","UNK","UNK","UNK","UNK","0.00","UNK","2026-09-22 04:19:57.258336","2026-09-22 04:19:57.258336"
"S25U","INFER_S25U_VEH_ROOF_20260921_180355.mp4",40,"2026-09-21 18:03:55.669414","VEH_039","motorcycle","UNK","UNK","UNK","UNK","0.00","UNK","2026-09-22 04:19:57.258336","2026-09-22 04:19:57.258336"
"S25U","INFER_S25U_VEH_ROOF_20260921_180355.mp4",40,"2026-09-21 18:03:55.669414","VEH_040","motorcycle","UNK","UNK","UNK","black","0.00","UNK","2026-09-22 04:19:57.258336","2026-09-22 04:19:57.258336"
"S25U","INFER_S25U_VEH_ROOF_20260921_180355.mp4",40,"2026-09-21 18:03:55.669414","VEH_041","motorcycle","UNK","UNK","UNK","gray","0.00","UNK","2026-09-22 04:19:57.258336","2026-09-22 04:19:57.258336"
"S25U","INFER_S25U_VEH_ROOF_20260921_180355.mp4",40,"2026-09-21 18:03:55.669414","VEH_042","truck","UNK","UNK","UNK","UNK","0.00","UNK","2026-09-22 04:19:57.258336","2026-09-22 04:19:57.258336"
"S25U","INFER_S25U_VEH_ROOF_20260921_180355.mp4",40,"2026-09-21 18:03:55.669414","VEH_043","bus","UNK","UNK","UNK","gray","0.00","UNK","2026-09-22 04:19:57.258336","2026-09-22 04:19:57.258336"
"S25U","INFER_S25U_VEH_ROOF_20260921_180355.mp4",50,"2026-09-21 18:03:55.836767","VEH_001","motorcycle","UNK","UNK","UNK","gray","0.00","UNK","2026-09-22 04:19:59.202986","2026-09-22 04:19:59.202986"
"S25U","INFER_S25U_VEH_ROOF_20260921_180355.mp4",50,"2026-09-21 18:03:55.836767","VEH_002","motorcycle","UNK","UNK","UNK","gray","0.00","UNK","2026-09-22 04:19:59.202986","2026-09-22 04:19:59.202986"
"S25U","INFER_S25U_VEH_ROOF_20260921_180355.mp4",50,"2026-09-21 18:03:55.836767","VEH_003","motorcycle","UNK","UNK","UNK","gray","0.00","UNK","2026-09-22 04:19:59.202986","2026-09-22 04:19:59.202986"
"S25U","INFER_S25U_VEH_ROOF_20260921_180355.mp4",50,"2026-09-21 18:03:55.836767","VEH_004","motorcycle","UNK","UNK","UNK","black","0.00","UNK","2026-09-22 04:19:59.202986","2026-09-22 04:19:59.202986"
"S25U","INFER_S25U_VEH_ROOF_20260921_180355.mp4",50,"2026-09-21 18:03:55.836767","VEH_005","motorcycle","UNK","UNK","UNK","gray","0.00","UNK","2026-09-22 04:19:59.202986","2026-09-22 04:19:59.202986"
"S25U","INFER_S25U_VEH_ROOF_20260921_180355.mp4",50,"2026-09-21 18:03:55.836767","VEH_006","motorcycle","UNK","UNK","UNK","gray","0.00","UNK","2026-09-22 04:19:59.202986","2026-09-22 04:19:59.202986"
"S25U","INFER_S25U_VEH_ROOF_20260921_180355.mp4",50,"2026-09-21 18:03:55.836767","VEH_007","motorcycle","UNK","UNK","UNK","gray","0.00","UNK","2026-09-22 04:19:59.202986","2026-09-22 04:19:59.202986"
"S25U","INFER_S25U_VEH_ROOF_20260921_180355.mp4",50,"2026-09-21 18:03:55.836767","VEH_008","motorcycle","UNK","UNK","UNK","gray","0.00","UNK","2026-09-22 04:19:59.202986","2026-09-22 04:19:59.202986"
"S25U","INFER_S25U_VEH_ROOF_20260921_180355.mp4",50,"2026-09-21 18:03:55.836767","VEH_009","motorcycle","UNK","UNK","UNK","gray","0.00","UNK","2026-09-22 04:19:59.202986","2026-09-22 04:19:59.202986"
"S25U","INFER_S25U_VEH_ROOF_20260921_180355.mp4",50,"2026-09-21 18:03:55.836767","VEH_010","motorcycle","UNK","UNK","UNK","gray","0.00","UNK","2026-09-22 04:19:59.202986","2026-09-22 04:19:59.202986"
"S25U","INFER_S25U_VEH_ROOF_20260921_180355.mp4",50,"2026-09-21 18:03:55.836767","VEH_011","motorcycle","UNK","UNK","UNK","gray","0.00","UNK","2026-09-22 04:19:59.202986","2026-09-22 04:19:59.202986"
"S25U","INFER_S25U_VEH_ROOF_20260921_180355.mp4",50,"2026-09-21 18:03:55.836767","VEH_012","motorcycle","UNK","UNK","UNK","gray","0.00","UNK","2026-09-22 04:19:59.202986","2026-09-22 04:19:59.202986"
"S25U","INFER_S25U_VEH_ROOF_20260921_180355.mp4",50,"2026-09-21 18:03:55.836767","VEH_013","motorcycle","UNK","UNK","UNK","gray","0.00","UNK","2026-09-22 04:19:59.202986","2026-09-22 04:19:59.202986"
"S25U","INFER_S25U_VEH_ROOF_20260921_180355.mp4",50,"2026-09-21 18:03:55.836767","VEH_014","motorcycle","UNK","UNK","UNK","gray","0.00","UNK","2026-09-22 04:19:59.202986","2026-09-22 04:19:59.202986"
"S25U","INFER_S25U_VEH_ROOF_20260921_180355.mp4",50,"2026-09-21 18:03:55.836767","VEH_015","motorcycle","UNK","UNK","UNK","black","0.00","UNK","2026-09-22 04:19:59.202986","2026-09-22 04:19:59.202986"
"S25U","INFER_S25U_VEH_ROOF_20260921_180355.mp4",50,"2026-09-21 18:03:55.836767","VEH_016","motorcycle","UNK","UNK","UNK","gray","0.00","UNK","2026-09-22 04:19:59.202986","2026-09-22 04:19:59.202986"
"S25U","INFER_S25U_VEH_ROOF_20260921_180355.mp4",50,"2026-09-21 18:03:55.836767","VEH_017","motorcycle","UNK","UNK","UNK","black","0.00","UNK","2026-09-22 04:19:59.202986","2026-09-22 04:19:59.202986"
"S25U","INFER_S25U_VEH_ROOF_20260921_180355.mp4",50,"2026-09-21 18:03:55.836767","VEH_018","motorcycle","UNK","UNK","UNK","UNK","0.00","UNK","2026-09-22 04:19:59.202986","2026-09-22 04:19:59.202986"
"S25U","INFER_S25U_VEH_ROOF_20260921_180355.mp4",50,"2026-09-21 18:03:55.836767","VEH_019","motorcycle","UNK","UNK","UNK","UNK","0.00","UNK","2026-09-22 04:19:59.202986","2026-09-22 04:19:59.202986"
"S25U","INFER_S25U_VEH_ROOF_20260921_180355.mp4",50,"2026-09-21 18:03:55.836767","VEH_020","motorcycle","UNK","UNK","UNK","gray","0.00","UNK","2026-09-22 04:19:59.202986","2026-09-22 04:19:59.202986"
"S25U","INFER_S25U_VEH_ROOF_20260921_180355.mp4",50,"2026-09-21 18:03:55.836767","VEH_021","motorcycle","UNK","UNK","UNK","black","0.00","UNK","2026-09-22 04:19:59.202986","2026-09-22 04:19:59.202986"
"S25U","INFER_S25U_VEH_ROOF_20260921_180355.mp4",50,"2026-09-21 18:03:55.836767","VEH_022","motorcycle","UNK","UNK","UNK","gray","0.00","UNK","2026-09-22 04:19:59.202986","2026-09-22 04:19:59.202986"
"S25U","INFER_S25U_VEH_ROOF_20260921_180355.mp4",50,"2026-09-21 18:03:55.836767","VEH_023","motorcycle","UNK","UNK","UNK","gray","0.00","UNK","2026-09-22 04:19:59.202986","2026-09-22 04:19:59.202986"
"S25U","INFER_S25U_VEH_ROOF_20260921_180355.mp4",50,"2026-09-21 18:03:55.836767","VEH_024","motorcycle","UNK","UNK","UNK","gray","0.00","UNK","2026-09-22 04:19:59.202986","2026-09-22 04:19:59.202986"
"S25U","INFER_S25U_VEH_ROOF_20260921_180355.mp4",50,"2026-09-21 18:03:55.836767","VEH_025","motorcycle","UNK","UNK","UNK","black","0.00","UNK","2026-09-22 04:19:59.202986","2026-09-22 04:19:59.202986"
"S25U","INFER_S25U_VEH_ROOF_20260921_180355.mp4",50,"2026-09-21 18:03:55.836767","VEH_026","motorcycle","UNK","UNK","UNK","black","0.00","UNK","2026-09-22 04:19:59.202986","2026-09-22 04:19:59.202986"
"S25U","INFER_S25U_VEH_ROOF_20260921_180355.mp4",50,"2026-09-21 18:03:55.836767","VEH_027","motorcycle","UNK","UNK","UNK","UNK","0.00","UNK","2026-09-22 04:19:59.202986","2026-09-22 04:19:59.202986"
"S25U","INFER_S25U_VEH_ROOF_20260921_180355.mp4",50,"2026-09-21 18:03:55.836767","VEH_028","motorcycle","UNK","UNK","UNK","UNK","0.00","UNK","2026-09-22 04:19:59.202986","2026-09-22 04:19:59.202986"
"S25U","INFER_S25U_VEH_ROOF_20260921_180355.mp4",50,"2026-09-21 18:03:55.836767","VEH_029","motorcycle","UNK","UNK","UNK","UNK","0.00","UNK","2026-09-22 04:19:59.202986","2026-09-22 04:19:59.202986"
"S25U","INFER_S25U_VEH_ROOF_20260921_180355.mp4",50,"2026-09-21 18:03:55.836767","VEH_030","motorcycle","UNK","UNK","UNK","UNK","0.00","UNK","2026-09-22 04:19:59.202986","2026-09-22 04:19:59.202986"
"S25U","INFER_S25U_VEH_ROOF_20260921_180355.mp4",50,"2026-09-21 18:03:55.836767","VEH_031","motorcycle","UNK","UNK","UNK","gray","0.00","UNK","2026-09-22 04:19:59.202986","2026-09-22 04:19:59.202986"
"S25U","INFER_S25U_VEH_ROOF_20260921_180355.mp4",50,"2026-09-21 18:03:55.836767","VEH_032","motorcycle","UNK","UNK","UNK","gray","0.00","UNK","2026-09-22 04:19:59.202986","2026-09-22 04:19:59.202986"
"S25U","INFER_S25U_VEH_ROOF_20260921_180355.mp4",50,"2026-09-21 18:03:55.836767","VEH_033","motorcycle","UNK","UNK","UNK","gray","0.00","UNK","2026-09-22 04:19:59.202986","2026-09-22 04:19:59.202986"
"S25U","INFER_S25U_VEH_ROOF_20260921_180355.mp4",50,"2026-09-21 18:03:55.836767","VEH_034","motorcycle","UNK","UNK","UNK","gray","0.00","UNK","2026-09-22 04:19:59.202986","2026-09-22 04:19:59.202986"
"S25U","INFER_S25U_VEH_ROOF_20260921_180355.mp4",50,"2026-09-21 18:03:55.836767","VEH_035","motorcycle","UNK","UNK","UNK","gray","0.00","UNK","2026-09-22 04:19:59.202986","2026-09-22 04:19:59.202986"
"S25U","INFER_S25U_VEH_ROOF_20260921_180355.mp4",50,"2026-09-21 18:03:55.836767","VEH_036","motorcycle","UNK","UNK","UNK","gray","0.00","UNK","2026-09-22 04:19:59.202986","2026-09-22 04:19:59.202986"
"S25U","INFER_S25U_VEH_ROOF_20260921_180355.mp4",50,"2026-09-21 18:03:55.836767","VEH_037","motorcycle","UNK","UNK","UNK","black","0.00","UNK","2026-09-22 04:19:59.202986","2026-09-22 04:19:59.202986"
"S25U","INFER_S25U_VEH_ROOF_20260921_180355.mp4",50,"2026-09-21 18:03:55.836767","VEH_038","motorcycle","UNK","UNK","UNK","UNK","0.00","UNK","2026-09-22 04:19:59.202986","2026-09-22 04:19:59.202986"
"S25U","INFER_S25U_VEH_ROOF_20260921_180355.mp4",50,"2026-09-21 18:03:55.836767","VEH_039","motorcycle","UNK","UNK","UNK","gray","0.00","UNK","2026-09-22 04:19:59.202986","2026-09-22 04:19:59.202986"
"S25U","INFER_S25U_VEH_ROOF_20260921_180355.mp4",50,"2026-09-21 18:03:55.836767","VEH_040","motorcycle","UNK","UNK","UNK","gray","0.00","UNK","2026-09-22 04:19:59.202986","2026-09-22 04:19:59.202986"
"S25U","INFER_S25U_VEH_ROOF_20260921_180355.mp4",50,"2026-09-21 18:03:55.836767","VEH_041","bus","UNK","UNK","UNK","gray","0.00","UNK","2026-09-22 04:19:59.202986","2026-09-22 04:19:59.202986"
"S25U","INFER_S25U_VEH_ROOF_20260921_180355.mp4",60,"2026-09-21 18:03:56.004121","VEH_001","motorcycle","UNK","UNK","UNK","gray","0.00","UNK","2026-09-22 04:20:01.256654","2026-09-22 04:20:01.256654"
"S25U","INFER_S25U_VEH_ROOF_20260921_180355.mp4",60,"2026-09-21 18:03:56.004121","VEH_002","motorcycle","UNK","UNK","UNK","gray","0.00","UNK","2026-09-22 04:20:01.256654","2026-09-22 04:20:01.256654"
"S25U","INFER_S25U_VEH_ROOF_20260921_180355.mp4",60,"2026-09-21 18:03:56.004121","VEH_003","motorcycle","UNK","UNK","UNK","black","0.00","UNK","2026-09-22 04:20:01.256654","2026-09-22 04:20:01.256654"
"S25U","INFER_S25U_VEH_ROOF_20260921_180355.mp4",60,"2026-09-21 18:03:56.004121","VEH_004","motorcycle","UNK","UNK","UNK","gray","0.00","UNK","2026-09-22 04:20:01.256654","2026-09-22 04:20:01.256654"
"S25U","INFER_S25U_VEH_ROOF_20260921_180355.mp4",60,"2026-09-21 18:03:56.004121","VEH_005","motorcycle","UNK","UNK","UNK","gray","0.00","UNK","2026-09-22 04:20:01.256654","2026-09-22 04:20:01.256654"
"S25U","INFER_S25U_VEH_ROOF_20260921_180355.mp4",60,"2026-09-21 18:03:56.004121","VEH_006","motorcycle","UNK","UNK","UNK","gray","0.00","UNK","2026-09-22 04:20:01.256654","2026-09-22 04:20:01.256654"
"S25U","INFER_S25U_VEH_ROOF_20260921_180355.mp4",60,"2026-09-21 18:03:56.004121","VEH_007","motorcycle","UNK","UNK","UNK","black","0.00","UNK","2026-09-22 04:20:01.256654","2026-09-22 04:20:01.256654"
"S25U","INFER_S25U_VEH_ROOF_20260921_180355.mp4",60,"2026-09-21 18:03:56.004121","VEH_008","motorcycle","UNK","UNK","UNK","UNK","0.00","UNK","2026-09-22 04:20:01.256654","2026-09-22 04:20:01.256654"
"S25U","INFER_S25U_VEH_ROOF_20260921_180355.mp4",60,"2026-09-21 18:03:56.004121","VEH_009","motorcycle","UNK","UNK","UNK","gray","0.00","UNK","2026-09-22 04:20:01.256654","2026-09-22 04:20:01.256654"
"S25U","INFER_S25U_VEH_ROOF_20260921_180355.mp4",60,"2026-09-21 18:03:56.004121","VEH_010","motorcycle","UNK","UNK","UNK","gray","0.00","UNK","2026-09-22 04:20:01.256654","2026-09-22 04:20:01.256654"
"S25U","INFER_S25U_VEH_ROOF_20260921_180355.mp4",60,"2026-09-21 18:03:56.004121","VEH_011","motorcycle","UNK","UNK","UNK","gray","0.00","UNK","2026-09-22 04:20:01.256654","2026-09-22 04:20:01.256654"
"S25U","INFER_S25U_VEH_ROOF_20260921_180355.mp4",60,"2026-09-21 18:03:56.004121","VEH_012","motorcycle","UNK","UNK","UNK","gray","0.00","UNK","2026-09-22 04:20:01.256654","2026-09-22 04:20:01.256654"
"S25U","INFER_S25U_VEH_ROOF_20260921_180355.mp4",60,"2026-09-21 18:03:56.004121","VEH_013","motorcycle","UNK","UNK","UNK","gray","0.00","UNK","2026-09-22 04:20:01.256654","2026-09-22 04:20:01.256654"
"S25U","INFER_S25U_VEH_ROOF_20260921_180355.mp4",60,"2026-09-21 18:03:56.004121","VEH_014","motorcycle","UNK","UNK","UNK","gray","0.00","UNK","2026-09-22 04:20:01.256654","2026-09-22 04:20:01.256654"
"S25U","INFER_S25U_VEH_ROOF_20260921_180355.mp4",60,"2026-09-21 18:03:56.004121","VEH_015","motorcycle","UNK","UNK","UNK","black","0.00","UNK","2026-09-22 04:20:01.256654","2026-09-22 04:20:01.256654"
"S25U","INFER_S25U_VEH_ROOF_20260921_180355.mp4",60,"2026-09-21 18:03:56.004121","VEH_016","motorcycle","UNK","UNK","UNK","UNK","0.00","UNK","2026-09-22 04:20:01.256654","2026-09-22 04:20:01.256654"
"S25U","INFER_S25U_VEH_ROOF_20260921_180355.mp4",60,"2026-09-21 18:03:56.004121","VEH_017","motorcycle","UNK","UNK","UNK","gray","0.00","UNK","2026-09-22 04:20:01.256654","2026-09-22 04:20:01.256654"
"S25U","INFER_S25U_VEH_ROOF_20260921_180355.mp4",60,"2026-09-21 18:03:56.004121","VEH_018","motorcycle","UNK","UNK","UNK","gray","0.00","UNK","2026-09-22 04:20:01.256654","2026-09-22 04:20:01.256654"
"S25U","INFER_S25U_VEH_ROOF_20260921_180355.mp4",60,"2026-09-21 18:03:56.004121","VEH_019","motorcycle","UNK","UNK","UNK","gray","0.00","UNK","2026-09-22 04:20:01.256654","2026-09-22 04:20:01.256654"
"S25U","INFER_S25U_VEH_ROOF_20260921_180355.mp4",60,"2026-09-21 18:03:56.004121","VEH_020","motorcycle","UNK","UNK","UNK","gray","0.00","UNK","2026-09-22 04:20:01.256654","2026-09-22 04:20:01.256654"
"S25U","INFER_S25U_VEH_ROOF_20260921_180355.mp4",60,"2026-09-21 18:03:56.004121","VEH_021","motorcycle","UNK","UNK","UNK","gray","0.00","UNK","2026-09-22 04:20:01.256654","2026-09-22 04:20:01.256654"
"S25U","INFER_S25U_VEH_ROOF_20260921_180355.mp4",60,"2026-09-21 18:03:56.004121","VEH_022","motorcycle","UNK","UNK","UNK","gray","0.00","UNK","2026-09-22 04:20:01.256654","2026-09-22 04:20:01.256654"
"S25U","INFER_S25U_VEH_ROOF_20260921_180355.mp4",60,"2026-09-21 18:03:56.004121","VEH_023","motorcycle","UNK","UNK","UNK","gray","0.00","UNK","2026-09-22 04:20:01.256654","2026-09-22 04:20:01.256654"
"S25U","INFER_S25U_VEH_ROOF_20260921_180355.mp4",60,"2026-09-21 18:03:56.004121","VEH_024","motorcycle","UNK","UNK","UNK","black","0.00","UNK","2026-09-22 04:20:01.256654","2026-09-22 04:20:01.256654"
"S25U","INFER_S25U_VEH_ROOF_20260921_180355.mp4",60,"2026-09-21 18:03:56.004121","VEH_025","motorcycle","UNK","UNK","UNK","black","0.00","UNK","2026-09-22 04:20:01.256654","2026-09-22 04:20:01.256654"
"S25U","INFER_S25U_VEH_ROOF_20260921_180355.mp4",60,"2026-09-21 18:03:56.004121","VEH_026","motorcycle","UNK","UNK","UNK","black","0.00","UNK","2026-09-22 04:20:01.256654","2026-09-22 04:20:01.256654"
"S25U","INFER_S25U_VEH_ROOF_20260921_180355.mp4",60,"2026-09-21 18:03:56.004121","VEH_027","motorcycle","UNK","UNK","UNK","black","0.00","UNK","2026-09-22 04:20:01.256654","2026-09-22 04:20:01.256654"
"S25U","INFER_S25U_VEH_ROOF_20260921_180355.mp4",60,"2026-09-21 18:03:56.004121","VEH_028","motorcycle","UNK","UNK","UNK","black","0.00","UNK","2026-09-22 04:20:01.256654","2026-09-22 04:20:01.256654"
"S25U","INFER_S25U_VEH_ROOF_20260921_180355.mp4",60,"2026-09-21 18:03:56.004121","VEH_029","motorcycle","UNK","UNK","UNK","UNK","0.00","UNK","2026-09-22 04:20:01.256654","2026-09-22 04:20:01.256654"
"S25U","INFER_S25U_VEH_ROOF_20260921_180355.mp4",60,"2026-09-21 18:03:56.004121","VEH_030","motorcycle","UNK","UNK","UNK","UNK","0.00","UNK","2026-09-22 04:20:01.256654","2026-09-22 04:20:01.256654"
"S25U","INFER_S25U_VEH_ROOF_20260921_180355.mp4",60,"2026-09-21 18:03:56.004121","VEH_031","motorcycle","UNK","UNK","UNK","UNK","0.00","UNK","2026-09-22 04:20:01.256654","2026-09-22 04:20:01.256654"
"S25U","INFER_S25U_VEH_ROOF_20260921_180355.mp4",60,"2026-09-21 18:03:56.004121","VEH_032","motorcycle","UNK","UNK","UNK","gray","0.00","UNK","2026-09-22 04:20:01.256654","2026-09-22 04:20:01.256654"
"S25U","INFER_S25U_VEH_ROOF_20260921_180355.mp4",60,"2026-09-21 18:03:56.004121","VEH_033","motorcycle","UNK","UNK","UNK","gray","0.00","UNK","2026-09-22 04:20:01.256654","2026-09-22 04:20:01.256654"
"S25U","INFER_S25U_VEH_ROOF_20260921_180355.mp4",60,"2026-09-21 18:03:56.004121","VEH_034","bus","UNK","UNK","UNK","gray","0.00","UNK","2026-09-22 04:20:01.256654","2026-09-22 04:20:01.256654"
"S25U","INFER_S25U_VEH_ROOF_20260921_180355.mp4",60,"2026-09-21 18:03:56.004121","VEH_035","motorcycle","UNK","UNK","UNK","gray","0.00","UNK","2026-09-22 04:20:01.256654","2026-09-22 04:20:01.256654"
"S25U","INFER_S25U_VEH_ROOF_20260921_180355.mp4",60,"2026-09-21 18:03:56.004121","VEH_036","motorcycle","UNK","UNK","UNK","gray","0.00","UNK","2026-09-22 04:20:01.256654","2026-09-22 04:20:01.256654"
"S25U","INFER_S25U_VEH_ROOF_20260921_180355.mp4",60,"2026-09-21 18:03:56.004121","VEH_037","motorcycle","UNK","UNK","UNK","UNK","0.00","UNK","2026-09-22 04:20:01.256654","2026-09-22 04:20:01.256654"
"S25U","INFER_S25U_VEH_ROOF_20260921_180355.mp4",60,"2026-09-21 18:03:56.004121","VEH_038","motorcycle","UNK","UNK","UNK","UNK","0.00","UNK","2026-09-22 04:20:01.256654","2026-09-22 04:20:01.256654"
"S25U","INFER_S25U_VEH_ROOF_20260921_180355.mp4",60,"2026-09-21 18:03:56.004121","VEH_039","motorcycle","UNK","UNK","UNK","gray","0.00","UNK","2026-09-22 04:20:01.256654","2026-09-22 04:20:01.256654"
"S25U","INFER_S25U_VEH_ROOF_20260921_180355.mp4",60,"2026-09-21 18:03:56.004121","VEH_040","motorcycle","UNK","UNK","UNK","gray","0.00","UNK","2026-09-22 04:20:01.256654","2026-09-22 04:20:01.256654"
"S25U","INFER_S25U_VEH_ROOF_20260921_180355.mp4",60,"2026-09-21 18:03:56.004121","VEH_041","motorcycle","UNK","UNK","UNK","UNK","0.00","UNK","2026-09-22 04:20:01.256654","2026-09-22 04:20:01.256654"
"S25U","INFER_S25U_VEH_ROOF_20260921_180355.mp4",60,"2026-09-21 18:03:56.004121","VEH_042","bus","UNK","UNK","UNK","black","0.00","UNK","2026-09-22 04:20:01.256654","2026-09-22 04:20:01.256654"
"S25U","INFER_S25U_VEH_ROOF_20260921_180355.mp4",70,"2026-09-21 18:03:56.171474","VEH_001","motorcycle","UNK","UNK","UNK","gray","0.00","UNK","2026-09-22 04:20:03.403857","2026-09-22 04:20:03.403857"
"S25U","INFER_S25U_VEH_ROOF_20260921_180355.mp4",70,"2026-09-21 18:03:56.171474","VEH_002","motorcycle","UNK","UNK","UNK","gray","0.00","UNK","2026-09-22 04:20:03.403857","2026-09-22 04:20:03.403857"
"S25U","INFER_S25U_VEH_ROOF_20260921_180355.mp4",70,"2026-09-21 18:03:56.171474","VEH_003","motorcycle","UNK","UNK","UNK","gray","0.00","UNK","2026-09-22 04:20:03.403857","2026-09-22 04:20:03.403857"
"S25U","INFER_S25U_VEH_ROOF_20260921_180355.mp4",70,"2026-09-21 18:03:56.171474","VEH_004","motorcycle","UNK","UNK","UNK","black","0.00","UNK","2026-09-22 04:20:03.403857","2026-09-22 04:20:03.403857"
"S25U","INFER_S25U_VEH_ROOF_20260921_180355.mp4",70,"2026-09-21 18:03:56.171474","VEH_005","motorcycle","UNK","UNK","UNK","UNK","0.00","UNK","2026-09-22 04:20:03.403857","2026-09-22 04:20:03.403857"
"S25U","INFER_S25U_VEH_ROOF_20260921_180355.mp4",70,"2026-09-21 18:03:56.171474","VEH_006","motorcycle","UNK","UNK","UNK","gray","0.00","UNK","2026-09-22 04:20:03.403857","2026-09-22 04:20:03.403857"
"S25U","INFER_S25U_VEH_ROOF_20260921_180355.mp4",70,"2026-09-21 18:03:56.171474","VEH_007","motorcycle","UNK","UNK","UNK","gray","0.00","UNK","2026-09-22 04:20:03.403857","2026-09-22 04:20:03.403857"
"S25U","INFER_S25U_VEH_ROOF_20260921_180355.mp4",70,"2026-09-21 18:03:56.171474","VEH_008","motorcycle","UNK","UNK","UNK","gray","0.00","UNK","2026-09-22 04:20:03.403857","2026-09-22 04:20:03.403857"
"S25U","INFER_S25U_VEH_ROOF_20260921_180355.mp4",70,"2026-09-21 18:03:56.171474","VEH_009","motorcycle","UNK","UNK","UNK","gray","0.00","UNK","2026-09-22 04:20:03.403857","2026-09-22 04:20:03.403857"
"S25U","INFER_S25U_VEH_ROOF_20260921_180355.mp4",70,"2026-09-21 18:03:56.171474","VEH_010","motorcycle","UNK","UNK","UNK","gray","0.00","UNK","2026-09-22 04:20:03.403857","2026-09-22 04:20:03.403857"
"S25U","INFER_S25U_VEH_ROOF_20260921_180355.mp4",70,"2026-09-21 18:03:56.171474","VEH_011","motorcycle","UNK","UNK","UNK","gray","0.00","UNK","2026-09-22 04:20:03.403857","2026-09-22 04:20:03.403857"
"S25U","INFER_S25U_VEH_ROOF_20260921_180355.mp4",70,"2026-09-21 18:03:56.171474","VEH_012","motorcycle","UNK","UNK","UNK","black","0.00","UNK","2026-09-22 04:20:03.403857","2026-09-22 04:20:03.403857"
"S25U","INFER_S25U_VEH_ROOF_20260921_180355.mp4",70,"2026-09-21 18:03:56.171474","VEH_013","motorcycle","UNK","UNK","UNK","gray","0.00","UNK","2026-09-22 04:20:03.403857","2026-09-22 04:20:03.403857"
"S25U","INFER_S25U_VEH_ROOF_20260921_180355.mp4",70,"2026-09-21 18:03:56.171474","VEH_014","motorcycle","UNK","UNK","UNK","black","0.00","UNK","2026-09-22 04:20:03.403857","2026-09-22 04:20:03.403857"
"S25U","INFER_S25U_VEH_ROOF_20260921_180355.mp4",70,"2026-09-21 18:03:56.171474","VEH_015","motorcycle","UNK","UNK","UNK","black","0.00","UNK","2026-09-22 04:20:03.403857","2026-09-22 04:20:03.403857"
"S25U","INFER_S25U_VEH_ROOF_20260921_180355.mp4",70,"2026-09-21 18:03:56.171474","VEH_016","motorcycle","UNK","UNK","UNK","UNK","0.00","UNK","2026-09-22 04:20:03.403857","2026-09-22 04:20:03.403857"
"S25U","INFER_S25U_VEH_ROOF_20260921_180355.mp4",70,"2026-09-21 18:03:56.171474","VEH_017","motorcycle","UNK","UNK","UNK","gray","0.00","UNK","2026-09-22 04:20:03.403857","2026-09-22 04:20:03.403857"
"S25U","INFER_S25U_VEH_ROOF_20260921_180355.mp4",70,"2026-09-21 18:03:56.171474","VEH_018","motorcycle","UNK","UNK","UNK","gray","0.00","UNK","2026-09-22 04:20:03.403857","2026-09-22 04:20:03.403857"
"S25U","INFER_S25U_VEH_ROOF_20260921_180355.mp4",70,"2026-09-21 18:03:56.171474","VEH_019","motorcycle","UNK","UNK","UNK","gray","0.00","UNK","2026-09-22 04:20:03.403857","2026-09-22 04:20:03.403857"
"S25U","INFER_S25U_VEH_ROOF_20260921_180355.mp4",70,"2026-09-21 18:03:56.171474","VEH_020","motorcycle","UNK","UNK","UNK","gray","0.00","UNK","2026-09-22 04:20:03.403857","2026-09-22 04:20:03.403857"
"S25U","INFER_S25U_VEH_ROOF_20260921_180355.mp4",70,"2026-09-21 18:03:56.171474","VEH_021","motorcycle","UNK","UNK","UNK","gray","0.00","UNK","2026-09-22 04:20:03.403857","2026-09-22 04:20:03.403857"
"S25U","INFER_S25U_VEH_ROOF_20260921_180355.mp4",70,"2026-09-21 18:03:56.171474","VEH_022","motorcycle","UNK","UNK","UNK","black","0.00","UNK","2026-09-22 04:20:03.403857","2026-09-22 04:20:03.403857"
"S25U","INFER_S25U_VEH_ROOF_20260921_180355.mp4",70,"2026-09-21 18:03:56.171474","VEH_023","motorcycle","UNK","UNK","UNK","black","0.00","UNK","2026-09-22 04:20:03.403857","2026-09-22 04:20:03.403857"
"S25U","INFER_S25U_VEH_ROOF_20260921_180355.mp4",70,"2026-09-21 18:03:56.171474","VEH_024","motorcycle","UNK","UNK","UNK","gray","0.00","UNK","2026-09-22 04:20:03.403857","2026-09-22 04:20:03.403857"
"S25U","INFER_S25U_VEH_ROOF_20260921_180355.mp4",70,"2026-09-21 18:03:56.171474","VEH_025","motorcycle","UNK","UNK","UNK","black","0.00","UNK","2026-09-22 04:20:03.403857","2026-09-22 04:20:03.403857"
"S25U","INFER_S25U_VEH_ROOF_20260921_180355.mp4",70,"2026-09-21 18:03:56.171474","VEH_026","motorcycle","UNK","UNK","UNK","UNK","0.00","UNK","2026-09-22 04:20:03.403857","2026-09-22 04:20:03.403857"
"S25U","INFER_S25U_VEH_ROOF_20260921_180355.mp4",70,"2026-09-21 18:03:56.171474","VEH_027","motorcycle","UNK","UNK","UNK","UNK","0.00","UNK","2026-09-22 04:20:03.403857","2026-09-22 04:20:03.403857"
"S25U","INFER_S25U_VEH_ROOF_20260921_180355.mp4",70,"2026-09-21 18:03:56.171474","VEH_028","motorcycle","UNK","UNK","UNK","UNK","0.00","UNK","2026-09-22 04:20:03.403857","2026-09-22 04:20:03.403857"
"S25U","INFER_S25U_VEH_ROOF_20260921_180355.mp4",70,"2026-09-21 18:03:56.171474","VEH_029","motorcycle","UNK","UNK","UNK","UNK","0.00","UNK","2026-09-22 04:20:03.403857","2026-09-22 04:20:03.403857"
"S25U","INFER_S25U_VEH_ROOF_20260921_180355.mp4",70,"2026-09-21 18:03:56.171474","VEH_030","motorcycle","UNK","UNK","UNK","gray","0.00","UNK","2026-09-22 04:20:03.403857","2026-09-22 04:20:03.403857"
"S25U","INFER_S25U_VEH_ROOF_20260921_180355.mp4",70,"2026-09-21 18:03:56.171474","VEH_031","motorcycle","UNK","UNK","UNK","gray","0.00","UNK","2026-09-22 04:20:03.403857","2026-09-22 04:20:03.403857"
"S25U","INFER_S25U_VEH_ROOF_20260921_180355.mp4",70,"2026-09-21 18:03:56.171474","VEH_032","motorcycle","UNK","UNK","UNK","gray","0.00","UNK","2026-09-22 04:20:03.403857","2026-09-22 04:20:03.403857"
"S25U","INFER_S25U_VEH_ROOF_20260921_180355.mp4",70,"2026-09-21 18:03:56.171474","VEH_033","motorcycle","UNK","UNK","UNK","gray","0.00","UNK","2026-09-22 04:20:03.403857","2026-09-22 04:20:03.403857"
"S25U","INFER_S25U_VEH_ROOF_20260921_180355.mp4",70,"2026-09-21 18:03:56.171474","VEH_034","motorcycle","UNK","UNK","UNK","UNK","0.00","UNK","2026-09-22 04:20:03.403857","2026-09-22 04:20:03.403857"
"S25U","INFER_S25U_VEH_ROOF_20260921_180355.mp4",70,"2026-09-21 18:03:56.171474","VEH_035","motorcycle","UNK","UNK","UNK","gray","0.00","UNK","2026-09-22 04:20:03.403857","2026-09-22 04:20:03.403857"
"S25U","INFER_S25U_VEH_ROOF_20260921_180355.mp4",70,"2026-09-21 18:03:56.171474","VEH_036","motorcycle","UNK","UNK","UNK","black","0.00","UNK","2026-09-22 04:20:03.403857","2026-09-22 04:20:03.403857"
"S25U","INFER_S25U_VEH_ROOF_20260921_180355.mp4",70,"2026-09-21 18:03:56.171474","VEH_037","motorcycle","UNK","UNK","UNK","UNK","0.00","UNK","2026-09-22 04:20:03.403857","2026-09-22 04:20:03.403857"
"S25U","INFER_S25U_VEH_ROOF_20260921_180355.mp4",70,"2026-09-21 18:03:56.171474","VEH_038","bus","UNK","UNK","UNK","gray","0.00","UNK","2026-09-22 04:20:03.403857","2026-09-22 04:20:03.403857"
"S25U","INFER_S25U_VEH_ROOF_20260921_180355.mp4",80,"2026-09-21 18:03:56.338828","VEH_001","motorcycle","UNK","UNK","UNK","gray","0.00","UNK","2026-09-22 04:20:05.471526","2026-09-22 04:20:05.471526"
"S25U","INFER_S25U_VEH_ROOF_20260921_180355.mp4",80,"2026-09-21 18:03:56.338828","VEH_002","motorcycle","UNK","UNK","UNK","black","0.00","UNK","2026-09-22 04:20:05.471526","2026-09-22 04:20:05.471526"
"S25U","INFER_S25U_VEH_ROOF_20260921_180355.mp4",80,"2026-09-21 18:03:56.338828","VEH_003","motorcycle","UNK","UNK","UNK","gray","0.00","UNK","2026-09-22 04:20:05.471526","2026-09-22 04:20:05.471526"
"S25U","INFER_S25U_VEH_ROOF_20260921_180355.mp4",80,"2026-09-21 18:03:56.338828","VEH_004","motorcycle","UNK","UNK","UNK","gray","0.00","UNK","2026-09-22 04:20:05.471526","2026-09-22 04:20:05.471526"
"S25U","INFER_S25U_VEH_ROOF_20260921_180355.mp4",80,"2026-09-21 18:03:56.338828","VEH_005","motorcycle","UNK","UNK","UNK","gray","0.00","UNK","2026-09-22 04:20:05.471526","2026-09-22 04:20:05.471526"
"S25U","INFER_S25U_VEH_ROOF_20260921_180355.mp4",80,"2026-09-21 18:03:56.338828","VEH_006","motorcycle","UNK","UNK","UNK","gray","0.00","UNK","2026-09-22 04:20:05.471526","2026-09-22 04:20:05.471526"
"S25U","INFER_S25U_VEH_ROOF_20260921_180355.mp4",80,"2026-09-21 18:03:56.338828","VEH_007","motorcycle","UNK","UNK","UNK","black","0.00","UNK","2026-09-22 04:20:05.471526","2026-09-22 04:20:05.471526"
"S25U","INFER_S25U_VEH_ROOF_20260921_180355.mp4",80,"2026-09-21 18:03:56.338828","VEH_008","motorcycle","UNK","UNK","UNK","gray","0.00","UNK","2026-09-22 04:20:05.471526","2026-09-22 04:20:05.471526"
"S25U","INFER_S25U_VEH_ROOF_20260921_180355.mp4",80,"2026-09-21 18:03:56.338828","VEH_009","motorcycle","UNK","UNK","UNK","gray","0.00","UNK","2026-09-22 04:20:05.471526","2026-09-22 04:20:05.471526"
"S25U","INFER_S25U_VEH_ROOF_20260921_180355.mp4",80,"2026-09-21 18:03:56.338828","VEH_010","motorcycle","UNK","UNK","UNK","gray","0.00","UNK","2026-09-22 04:20:05.471526","2026-09-22 04:20:05.471526"
"S25U","INFER_S25U_VEH_ROOF_20260921_180355.mp4",80,"2026-09-21 18:03:56.338828","VEH_011","motorcycle","UNK","UNK","UNK","gray","0.00","UNK","2026-09-22 04:20:05.471526","2026-09-22 04:20:05.471526"
"S25U","INFER_S25U_VEH_ROOF_20260921_180355.mp4",80,"2026-09-21 18:03:56.338828","VEH_012","motorcycle","UNK","UNK","UNK","gray","0.00","UNK","2026-09-22 04:20:05.471526","2026-09-22 04:20:05.471526"
"S25U","INFER_S25U_VEH_ROOF_20260921_180355.mp4",80,"2026-09-21 18:03:56.338828","VEH_013","motorcycle","UNK","UNK","UNK","gray","0.00","UNK","2026-09-22 04:20:05.471526","2026-09-22 04:20:05.471526"
"S25U","INFER_S25U_VEH_ROOF_20260921_180355.mp4",80,"2026-09-21 18:03:56.338828","VEH_014","motorcycle","UNK","UNK","UNK","black","0.00","UNK","2026-09-22 04:20:05.471526","2026-09-22 04:20:05.471526"
"S25U","INFER_S25U_VEH_ROOF_20260921_180355.mp4",80,"2026-09-21 18:03:56.338828","VEH_015","motorcycle","UNK","UNK","UNK","black","0.00","UNK","2026-09-22 04:20:05.471526","2026-09-22 04:20:05.471526"
"S25U","INFER_S25U_VEH_ROOF_20260921_180355.mp4",80,"2026-09-21 18:03:56.338828","VEH_016","motorcycle","UNK","UNK","UNK","gray","0.00","UNK","2026-09-22 04:20:05.471526","2026-09-22 04:20:05.471526"
"S25U","INFER_S25U_VEH_ROOF_20260921_180355.mp4",80,"2026-09-21 18:03:56.338828","VEH_017","motorcycle","UNK","UNK","UNK","gray","0.00","UNK","2026-09-22 04:20:05.471526","2026-09-22 04:20:05.471526"
"S25U","INFER_S25U_VEH_ROOF_20260921_180355.mp4",80,"2026-09-21 18:03:56.338828","VEH_018","motorcycle","UNK","UNK","UNK","gray","0.00","UNK","2026-09-22 04:20:05.471526","2026-09-22 04:20:05.471526"
"S25U","INFER_S25U_VEH_ROOF_20260921_180355.mp4",80,"2026-09-21 18:03:56.338828","VEH_019","motorcycle","UNK","UNK","UNK","gray","0.00","UNK","2026-09-22 04:20:05.471526","2026-09-22 04:20:05.471526"
"S25U","INFER_S25U_VEH_ROOF_20260921_180355.mp4",80,"2026-09-21 18:03:56.338828","VEH_020","motorcycle","UNK","UNK","UNK","gray","0.00","UNK","2026-09-22 04:20:05.471526","2026-09-22 04:20:05.471526"
"S25U","INFER_S25U_VEH_ROOF_20260921_180355.mp4",80,"2026-09-21 18:03:56.338828","VEH_021","motorcycle","UNK","UNK","UNK","black","0.00","UNK","2026-09-22 04:20:05.471526","2026-09-22 04:20:05.471526"
"S25U","INFER_S25U_VEH_ROOF_20260921_180355.mp4",80,"2026-09-21 18:03:56.338828","VEH_022","motorcycle","UNK","UNK","UNK","black","0.00","UNK","2026-09-22 04:20:05.471526","2026-09-22 04:20:05.471526"
"S25U","INFER_S25U_VEH_ROOF_20260921_180355.mp4",80,"2026-09-21 18:03:56.338828","VEH_023","motorcycle","UNK","UNK","UNK","black","0.00","UNK","2026-09-22 04:20:05.471526","2026-09-22 04:20:05.471526"
"S25U","INFER_S25U_VEH_ROOF_20260921_180355.mp4",80,"2026-09-21 18:03:56.338828","VEH_024","motorcycle","UNK","UNK","UNK","gray","0.00","UNK","2026-09-22 04:20:05.471526","2026-09-22 04:20:05.471526"
"S25U","INFER_S25U_VEH_ROOF_20260921_180355.mp4",80,"2026-09-21 18:03:56.338828","VEH_025","motorcycle","UNK","UNK","UNK","gray","0.00","UNK","2026-09-22 04:20:05.471526","2026-09-22 04:20:05.471526"
"S25U","INFER_S25U_VEH_ROOF_20260921_180355.mp4",80,"2026-09-21 18:03:56.338828","VEH_026","motorcycle","UNK","UNK","UNK","black","0.00","UNK","2026-09-22 04:20:05.471526","2026-09-22 04:20:05.471526"
"S25U","INFER_S25U_VEH_ROOF_20260921_180355.mp4",80,"2026-09-21 18:03:56.338828","VEH_027","motorcycle","UNK","UNK","UNK","UNK","0.00","UNK","2026-09-22 04:20:05.471526","2026-09-22 04:20:05.471526"
"S25U","INFER_S25U_VEH_ROOF_20260921_180355.mp4",80,"2026-09-21 18:03:56.338828","VEH_028","motorcycle","UNK","UNK","UNK","UNK","0.00","UNK","2026-09-22 04:20:05.471526","2026-09-22 04:20:05.471526"
"S25U","INFER_S25U_VEH_ROOF_20260921_180355.mp4",80,"2026-09-21 18:03:56.338828","VEH_029","motorcycle","UNK","UNK","UNK","UNK","0.00","UNK","2026-09-22 04:20:05.471526","2026-09-22 04:20:05.471526"
"S25U","INFER_S25U_VEH_ROOF_20260921_180355.mp4",80,"2026-09-21 18:03:56.338828","VEH_030","motorcycle","UNK","UNK","UNK","UNK","0.00","UNK","2026-09-22 04:20:05.471526","2026-09-22 04:20:05.471526"
"S25U","INFER_S25U_VEH_ROOF_20260921_180355.mp4",80,"2026-09-21 18:03:56.338828","VEH_031","motorcycle","UNK","UNK","UNK","gray","0.00","UNK","2026-09-22 04:20:05.471526","2026-09-22 04:20:05.471526"
"S25U","INFER_S25U_VEH_ROOF_20260921_180355.mp4",80,"2026-09-21 18:03:56.338828","VEH_032","motorcycle","UNK","UNK","UNK","gray","0.00","UNK","2026-09-22 04:20:05.471526","2026-09-22 04:20:05.471526"
"S25U","INFER_S25U_VEH_ROOF_20260921_180355.mp4",80,"2026-09-21 18:03:56.338828","VEH_033","motorcycle","UNK","UNK","UNK","UNK","0.00","UNK","2026-09-22 04:20:05.471526","2026-09-22 04:20:05.471526"
"S25U","INFER_S25U_VEH_ROOF_20260921_180355.mp4",80,"2026-09-21 18:03:56.338828","VEH_034","motorcycle","UNK","UNK","UNK","UNK","0.00","UNK","2026-09-22 04:20:05.471526","2026-09-22 04:20:05.471526"
"S25U","INFER_S25U_VEH_ROOF_20260921_180355.mp4",80,"2026-09-21 18:03:56.338828","VEH_035","motorcycle","UNK","UNK","UNK","gray","0.00","UNK","2026-09-22 04:20:05.471526","2026-09-22 04:20:05.471526"
"S25U","INFER_S25U_VEH_ROOF_20260921_180355.mp4",80,"2026-09-21 18:03:56.338828","VEH_036","bus","UNK","UNK","UNK","gray","0.00","UNK","2026-09-22 04:20:05.471526","2026-09-22 04:20:05.471526"
"S25U","INFER_S25U_VEH_ROOF_20260921_180355.mp4",80,"2026-09-21 18:03:56.338828","VEH_037","bus","UNK","UNK","UNK","gray","0.00","UNK","2026-09-22 04:20:05.471526","2026-09-22 04:20:05.471526"
"S25U","INFER_S25U_VEH_ROOF_20260921_180355.mp4",90,"2026-09-21 18:03:56.506181","VEH_001","motorcycle","UNK","UNK","UNK","UNK","0.00","UNK","2026-09-22 04:20:07.570368","2026-09-22 04:20:07.570368"
"S25U","INFER_S25U_VEH_ROOF_20260921_180355.mp4",90,"2026-09-21 18:03:56.506181","VEH_002","motorcycle","UNK","UNK","UNK","gray","0.00","UNK","2026-09-22 04:20:07.570368","2026-09-22 04:20:07.570368"
"S25U","INFER_S25U_VEH_ROOF_20260921_180355.mp4",90,"2026-09-21 18:03:56.506181","VEH_003","motorcycle","UNK","UNK","UNK","gray","0.00","UNK","2026-09-22 04:20:07.570368","2026-09-22 04:20:07.570368"
"S25U","INFER_S25U_VEH_ROOF_20260921_180355.mp4",90,"2026-09-21 18:03:56.506181","VEH_004","motorcycle","UNK","UNK","UNK","gray","0.00","UNK","2026-09-22 04:20:07.570368","2026-09-22 04:20:07.570368"
"S25U","INFER_S25U_VEH_ROOF_20260921_180355.mp4",90,"2026-09-21 18:03:56.506181","VEH_005","motorcycle","UNK","UNK","UNK","gray","0.00","UNK","2026-09-22 04:20:07.570368","2026-09-22 04:20:07.570368"
"S25U","INFER_S25U_VEH_ROOF_20260921_180355.mp4",90,"2026-09-21 18:03:56.506181","VEH_006","motorcycle","UNK","UNK","UNK","black","0.00","UNK","2026-09-22 04:20:07.570368","2026-09-22 04:20:07.570368"
"S25U","INFER_S25U_VEH_ROOF_20260921_180355.mp4",90,"2026-09-21 18:03:56.506181","VEH_007","motorcycle","UNK","UNK","UNK","black","0.00","UNK","2026-09-22 04:20:07.570368","2026-09-22 04:20:07.570368"
"S25U","INFER_S25U_VEH_ROOF_20260921_180355.mp4",90,"2026-09-21 18:03:56.506181","VEH_008","motorcycle","UNK","UNK","UNK","gray","0.00","UNK","2026-09-22 04:20:07.570368","2026-09-22 04:20:07.570368"
"S25U","INFER_S25U_VEH_ROOF_20260921_180355.mp4",90,"2026-09-21 18:03:56.506181","VEH_009","motorcycle","UNK","UNK","UNK","gray","0.00","UNK","2026-09-22 04:20:07.570368","2026-09-22 04:20:07.570368"
"S25U","INFER_S25U_VEH_ROOF_20260921_180355.mp4",90,"2026-09-21 18:03:56.506181","VEH_010","motorcycle","UNK","UNK","UNK","gray","0.00","UNK","2026-09-22 04:20:07.570368","2026-09-22 04:20:07.570368"
"S25U","INFER_S25U_VEH_ROOF_20260921_180355.mp4",90,"2026-09-21 18:03:56.506181","VEH_011","motorcycle","UNK","UNK","UNK","gray","0.00","UNK","2026-09-22 04:20:07.570368","2026-09-22 04:20:07.570368"
"S25U","INFER_S25U_VEH_ROOF_20260921_180355.mp4",90,"2026-09-21 18:03:56.506181","VEH_012","motorcycle","UNK","UNK","UNK","gray","0.00","UNK","2026-09-22 04:20:07.570368","2026-09-22 04:20:07.570368"
"S25U","INFER_S25U_VEH_ROOF_20260921_180355.mp4",90,"2026-09-21 18:03:56.506181","VEH_013","motorcycle","UNK","UNK","UNK","gray","0.00","UNK","2026-09-22 04:20:07.570368","2026-09-22 04:20:07.570368"
"S25U","INFER_S25U_VEH_ROOF_20260921_180355.mp4",90,"2026-09-21 18:03:56.506181","VEH_014","motorcycle","UNK","UNK","UNK","UNK","0.00","UNK","2026-09-22 04:20:07.570368","2026-09-22 04:20:07.570368"
"S25U","INFER_S25U_VEH_ROOF_20260921_180355.mp4",90,"2026-09-21 18:03:56.506181","VEH_015","motorcycle","UNK","UNK","UNK","gray","0.00","UNK","2026-09-22 04:20:07.570368","2026-09-22 04:20:07.570368"
"S25U","INFER_S25U_VEH_ROOF_20260921_180355.mp4",90,"2026-09-21 18:03:56.506181","VEH_016","motorcycle","UNK","UNK","UNK","gray","0.00","UNK","2026-09-22 04:20:07.570368","2026-09-22 04:20:07.570368"
"S25U","INFER_S25U_VEH_ROOF_20260921_180355.mp4",90,"2026-09-21 18:03:56.506181","VEH_017","motorcycle","UNK","UNK","UNK","gray","0.00","UNK","2026-09-22 04:20:07.570368","2026-09-22 04:20:07.570368"
"S25U","INFER_S25U_VEH_ROOF_20260921_180355.mp4",90,"2026-09-21 18:03:56.506181","VEH_018","motorcycle","UNK","UNK","UNK","black","0.00","UNK","2026-09-22 04:20:07.570368","2026-09-22 04:20:07.570368"
"S25U","INFER_S25U_VEH_ROOF_20260921_180355.mp4",90,"2026-09-21 18:03:56.506181","VEH_019","motorcycle","UNK","UNK","UNK","gray","0.00","UNK","2026-09-22 04:20:07.570368","2026-09-22 04:20:07.570368"
"S25U","INFER_S25U_VEH_ROOF_20260921_180355.mp4",90,"2026-09-21 18:03:56.506181","VEH_020","motorcycle","UNK","UNK","UNK","black","0.00","UNK","2026-09-22 04:20:07.570368","2026-09-22 04:20:07.570368"
"S25U","INFER_S25U_VEH_ROOF_20260921_180355.mp4",90,"2026-09-21 18:03:56.506181","VEH_021","motorcycle","UNK","UNK","UNK","UNK","0.00","UNK","2026-09-22 04:20:07.570368","2026-09-22 04:20:07.570368"
"S25U","INFER_S25U_VEH_ROOF_20260921_180355.mp4",90,"2026-09-21 18:03:56.506181","VEH_022","motorcycle","UNK","UNK","UNK","UNK","0.00","UNK","2026-09-22 04:20:07.570368","2026-09-22 04:20:07.570368"
"S25U","INFER_S25U_VEH_ROOF_20260921_180355.mp4",90,"2026-09-21 18:03:56.506181","VEH_023","motorcycle","UNK","UNK","UNK","UNK","0.00","UNK","2026-09-22 04:20:07.570368","2026-09-22 04:20:07.570368"
"S25U","INFER_S25U_VEH_ROOF_20260921_180355.mp4",90,"2026-09-21 18:03:56.506181","VEH_024","motorcycle","UNK","UNK","UNK","UNK","0.00","UNK","2026-09-22 04:20:07.570368","2026-09-22 04:20:07.570368"
"S25U","INFER_S25U_VEH_ROOF_20260921_180355.mp4",90,"2026-09-21 18:03:56.506181","VEH_025","motorcycle","UNK","UNK","UNK","gray","0.00","UNK","2026-09-22 04:20:07.570368","2026-09-22 04:20:07.570368"
"S25U","INFER_S25U_VEH_ROOF_20260921_180355.mp4",90,"2026-09-21 18:03:56.506181","VEH_026","motorcycle","UNK","UNK","UNK","gray","0.00","UNK","2026-09-22 04:20:07.570368","2026-09-22 04:20:07.570368"
"S25U","INFER_S25U_VEH_ROOF_20260921_180355.mp4",90,"2026-09-21 18:03:56.506181","VEH_027","motorcycle","UNK","UNK","UNK","gray","0.00","UNK","2026-09-22 04:20:07.570368","2026-09-22 04:20:07.570368"
"S25U","INFER_S25U_VEH_ROOF_20260921_180355.mp4",90,"2026-09-21 18:03:56.506181","VEH_028","motorcycle","UNK","UNK","UNK","gray","0.00","UNK","2026-09-22 04:20:07.570368","2026-09-22 04:20:07.570368"
"S25U","INFER_S25U_VEH_ROOF_20260921_180355.mp4",90,"2026-09-21 18:03:56.506181","VEH_029","motorcycle","UNK","UNK","UNK","gray","0.00","UNK","2026-09-22 04:20:07.570368","2026-09-22 04:20:07.570368"
"S25U","INFER_S25U_VEH_ROOF_20260921_180355.mp4",90,"2026-09-21 18:03:56.506181","VEH_030","motorcycle","UNK","UNK","UNK","gray","0.00","UNK","2026-09-22 04:20:07.570368","2026-09-22 04:20:07.570368"
"S25U","INFER_S25U_VEH_ROOF_20260921_180355.mp4",90,"2026-09-21 18:03:56.506181","VEH_031","motorcycle","UNK","UNK","UNK","gray","0.00","UNK","2026-09-22 04:20:07.570368","2026-09-22 04:20:07.570368"
"S25U","INFER_S25U_VEH_ROOF_20260921_180355.mp4",90,"2026-09-21 18:03:56.506181","VEH_032","motorcycle","UNK","UNK","UNK","UNK","0.00","UNK","2026-09-22 04:20:07.570368","2026-09-22 04:20:07.570368"
"S25U","INFER_S25U_VEH_ROOF_20260921_180355.mp4",90,"2026-09-21 18:03:56.506181","VEH_033","motorcycle","UNK","UNK","UNK","UNK","0.00","UNK","2026-09-22 04:20:07.570368","2026-09-22 04:20:07.570368"
"S25U","INFER_S25U_VEH_ROOF_20260921_180355.mp4",90,"2026-09-21 18:03:56.506181","VEH_034","motorcycle","UNK","UNK","UNK","gray","0.00","UNK","2026-09-22 04:20:07.570368","2026-09-22 04:20:07.570368"
"S25U","INFER_S25U_VEH_ROOF_20260921_180355.mp4",90,"2026-09-21 18:03:56.506181","VEH_035","motorcycle","UNK","UNK","UNK","gray","0.00","UNK","2026-09-22 04:20:07.570368","2026-09-22 04:20:07.570368"
"S25U","INFER_S25U_VEH_ROOF_20260921_180355.mp4",90,"2026-09-21 18:03:56.506181","VEH_036","bus","UNK","UNK","UNK","gray","0.00","UNK","2026-09-22 04:20:07.570368","2026-09-22 04:20:07.570368"
"S25U","INFER_S25U_VEH_ROOF_20260921_180355.mp4",90,"2026-09-21 18:03:56.506181","VEH_037","motorcycle","UNK","UNK","UNK","gray","0.00","UNK","2026-09-22 04:20:07.570368","2026-09-22 04:20:07.570368"
"S25U","INFER_S25U_VEH_ROOF_20260921_180355.mp4",90,"2026-09-21 18:03:56.506181","VEH_038","bus","UNK","UNK","UNK","gray","0.00","UNK","2026-09-22 04:20:07.570368","2026-09-22 04:20:07.570368"
"S25U","INFER_S25U_VEH_ROOF_20260921_180355.mp4",90,"2026-09-21 18:03:56.506181","VEH_039","bus","UNK","UNK","UNK","gray","0.00","UNK","2026-09-22 04:20:07.570368","2026-09-22 04:20:07.570368"
"S25U","INFER_S25U_VEH_ROOF_20260921_180355.mp4",100,"2026-09-21 18:03:56.673535","VEH_001","motorcycle","UNK","UNK","UNK","gray","0.00","UNK","2026-09-22 04:20:09.703738","2026-09-22 04:20:09.703738"
"S25U","INFER_S25U_VEH_ROOF_20260921_180355.mp4",100,"2026-09-21 18:03:56.673535","VEH_002","motorcycle","UNK","UNK","UNK","black","0.00","UNK","2026-09-22 04:20:09.703738","2026-09-22 04:20:09.703738"
"S25U","INFER_S25U_VEH_ROOF_20260921_180355.mp4",100,"2026-09-21 18:03:56.673535","VEH_003","motorcycle","UNK","UNK","UNK","gray","0.00","UNK","2026-09-22 04:20:09.703738","2026-09-22 04:20:09.703738"
"S25U","INFER_S25U_VEH_ROOF_20260921_180355.mp4",100,"2026-09-21 18:03:56.673535","VEH_004","motorcycle","UNK","UNK","UNK","gray","0.00","UNK","2026-09-22 04:20:09.703738","2026-09-22 04:20:09.703738"
"S25U","INFER_S25U_VEH_ROOF_20260921_180355.mp4",100,"2026-09-21 18:03:56.673535","VEH_005","motorcycle","UNK","UNK","UNK","gray","0.00","UNK","2026-09-22 04:20:09.703738","2026-09-22 04:20:09.703738"
"S25U","INFER_S25U_VEH_ROOF_20260921_180355.mp4",100,"2026-09-21 18:03:56.673535","VEH_006","motorcycle","UNK","UNK","UNK","gray","0.00","UNK","2026-09-22 04:20:09.703738","2026-09-22 04:20:09.703738"
"S25U","INFER_S25U_VEH_ROOF_20260921_180355.mp4",100,"2026-09-21 18:03:56.673535","VEH_007","motorcycle","UNK","UNK","UNK","gray","0.00","UNK","2026-09-22 04:20:09.703738","2026-09-22 04:20:09.703738"
"S25U","INFER_S25U_VEH_ROOF_20260921_180355.mp4",100,"2026-09-21 18:03:56.673535","VEH_008","motorcycle","UNK","UNK","UNK","gray","0.00","UNK","2026-09-22 04:20:09.703738","2026-09-22 04:20:09.703738"
"S25U","INFER_S25U_VEH_ROOF_20260921_180355.mp4",100,"2026-09-21 18:03:56.673535","VEH_009","motorcycle","UNK","UNK","UNK","gray","0.00","UNK","2026-09-22 04:20:09.703738","2026-09-22 04:20:09.703738"
"S25U","INFER_S25U_VEH_ROOF_20260921_180355.mp4",100,"2026-09-21 18:03:56.673535","VEH_010","motorcycle","UNK","UNK","UNK","gray","0.00","UNK","2026-09-22 04:20:09.703738","2026-09-22 04:20:09.703738"
"S25U","INFER_S25U_VEH_ROOF_20260921_180355.mp4",100,"2026-09-21 18:03:56.673535","VEH_011","motorcycle","UNK","UNK","UNK","gray","0.00","UNK","2026-09-22 04:20:09.703738","2026-09-22 04:20:09.703738"
"S25U","INFER_S25U_VEH_ROOF_20260921_180355.mp4",100,"2026-09-21 18:03:56.673535","VEH_012","motorcycle","UNK","UNK","UNK","gray","0.00","UNK","2026-09-22 04:20:09.703738","2026-09-22 04:20:09.703738"
"S25U","INFER_S25U_VEH_ROOF_20260921_180355.mp4",100,"2026-09-21 18:03:56.673535","VEH_013","motorcycle","UNK","UNK","UNK","gray","0.00","UNK","2026-09-22 04:20:09.703738","2026-09-22 04:20:09.703738"
"S25U","INFER_S25U_VEH_ROOF_20260921_180355.mp4",100,"2026-09-21 18:03:56.673535","VEH_014","motorcycle","UNK","UNK","UNK","gray","0.00","UNK","2026-09-22 04:20:09.703738","2026-09-22 04:20:09.703738"
"S25U","INFER_S25U_VEH_ROOF_20260921_180355.mp4",100,"2026-09-21 18:03:56.673535","VEH_015","motorcycle","UNK","UNK","UNK","black","0.00","UNK","2026-09-22 04:20:09.703738","2026-09-22 04:20:09.703738"
"S25U","INFER_S25U_VEH_ROOF_20260921_180355.mp4",100,"2026-09-21 18:03:56.673535","VEH_016","motorcycle","UNK","UNK","UNK","gray","0.00","UNK","2026-09-22 04:20:09.703738","2026-09-22 04:20:09.703738"
"S25U","INFER_S25U_VEH_ROOF_20260921_180355.mp4",100,"2026-09-21 18:03:56.673535","VEH_017","motorcycle","UNK","UNK","UNK","gray","0.00","UNK","2026-09-22 04:20:09.703738","2026-09-22 04:20:09.703738"
"S25U","INFER_S25U_VEH_ROOF_20260921_180355.mp4",100,"2026-09-21 18:03:56.673535","VEH_018","motorcycle","UNK","UNK","UNK","gray","0.00","UNK","2026-09-22 04:20:09.703738","2026-09-22 04:20:09.703738"
"S25U","INFER_S25U_VEH_ROOF_20260921_180355.mp4",100,"2026-09-21 18:03:56.673535","VEH_019","motorcycle","UNK","UNK","UNK","gray","0.00","UNK","2026-09-22 04:20:09.703738","2026-09-22 04:20:09.703738"
"S25U","INFER_S25U_VEH_ROOF_20260921_180355.mp4",100,"2026-09-21 18:03:56.673535","VEH_020","motorcycle","UNK","UNK","UNK","gray","0.00","UNK","2026-09-22 04:20:09.703738","2026-09-22 04:20:09.703738"
"S25U","INFER_S25U_VEH_ROOF_20260921_180355.mp4",100,"2026-09-21 18:03:56.673535","VEH_021","motorcycle","UNK","UNK","UNK","black","0.00","UNK","2026-09-22 04:20:09.703738","2026-09-22 04:20:09.703738"
"S25U","INFER_S25U_VEH_ROOF_20260921_180355.mp4",100,"2026-09-21 18:03:56.673535","VEH_022","motorcycle","UNK","UNK","UNK","gray","0.00","UNK","2026-09-22 04:20:09.703738","2026-09-22 04:20:09.703738"
"S25U","INFER_S25U_VEH_ROOF_20260921_180355.mp4",100,"2026-09-21 18:03:56.673535","VEH_023","motorcycle","UNK","UNK","UNK","black","0.00","UNK","2026-09-22 04:20:09.703738","2026-09-22 04:20:09.703738"
"S25U","INFER_S25U_VEH_ROOF_20260921_180355.mp4",100,"2026-09-21 18:03:56.673535","VEH_024","motorcycle","UNK","UNK","UNK","black","0.00","UNK","2026-09-22 04:20:09.703738","2026-09-22 04:20:09.703738"
"S25U","INFER_S25U_VEH_ROOF_20260921_180355.mp4",100,"2026-09-21 18:03:56.673535","VEH_025","motorcycle","UNK","UNK","UNK","UNK","0.00","UNK","2026-09-22 04:20:09.703738","2026-09-22 04:20:09.703738"
"S25U","INFER_S25U_VEH_ROOF_20260921_180355.mp4",100,"2026-09-21 18:03:56.673535","VEH_026","motorcycle","UNK","UNK","UNK","UNK","0.00","UNK","2026-09-22 04:20:09.703738","2026-09-22 04:20:09.703738"
"S25U","INFER_S25U_VEH_ROOF_20260921_180355.mp4",100,"2026-09-21 18:03:56.673535","VEH_027","motorcycle","UNK","UNK","UNK","UNK","0.00","UNK","2026-09-22 04:20:09.703738","2026-09-22 04:20:09.703738"
"S25U","INFER_S25U_VEH_ROOF_20260921_180355.mp4",100,"2026-09-21 18:03:56.673535","VEH_028","motorcycle","UNK","UNK","UNK","UNK","0.00","UNK","2026-09-22 04:20:09.703738","2026-09-22 04:20:09.703738"
"S25U","INFER_S25U_VEH_ROOF_20260921_180355.mp4",100,"2026-09-21 18:03:56.673535","VEH_029","motorcycle","UNK","UNK","UNK","gray","0.00","UNK","2026-09-22 04:20:09.703738","2026-09-22 04:20:09.703738"
"S25U","INFER_S25U_VEH_ROOF_20260921_180355.mp4",100,"2026-09-21 18:03:56.673535","VEH_030","motorcycle","UNK","UNK","UNK","gray","0.00","UNK","2026-09-22 04:20:09.703738","2026-09-22 04:20:09.703738"
"S25U","INFER_S25U_VEH_ROOF_20260921_180355.mp4",100,"2026-09-21 18:03:56.673535","VEH_031","motorcycle","UNK","UNK","UNK","gray","0.00","UNK","2026-09-22 04:20:09.703738","2026-09-22 04:20:09.703738"
"S25U","INFER_S25U_VEH_ROOF_20260921_180355.mp4",100,"2026-09-21 18:03:56.673535","VEH_032","bus","UNK","UNK","UNK","gray","0.00","UNK","2026-09-22 04:20:09.703738","2026-09-22 04:20:09.703738"
"S25U","INFER_S25U_VEH_ROOF_20260921_180355.mp4",100,"2026-09-21 18:03:56.673535","VEH_033","motorcycle","UNK","UNK","UNK","UNK","0.00","UNK","2026-09-22 04:20:09.703738","2026-09-22 04:20:09.703738"
"S25U","INFER_S25U_VEH_ROOF_20260921_180355.mp4",100,"2026-09-21 18:03:56.673535","VEH_034","motorcycle","UNK","UNK","UNK","UNK","0.00","UNK","2026-09-22 04:20:09.703738","2026-09-22 04:20:09.703738"
"S25U","INFER_S25U_VEH_ROOF_20260921_180355.mp4",100,"2026-09-21 18:03:56.673535","VEH_035","motorcycle","UNK","UNK","UNK","gray","0.00","UNK","2026-09-22 04:20:09.703738","2026-09-22 04:20:09.703738"
"S25U","INFER_S25U_VEH_ROOF_20260921_180355.mp4",100,"2026-09-21 18:03:56.673535","VEH_036","motorcycle","UNK","UNK","UNK","gray","0.00","UNK","2026-09-22 04:20:09.703738","2026-09-22 04:20:09.703738"
"S25U","INFER_S25U_VEH_ROOF_20260921_180355.mp4",100,"2026-09-21 18:03:56.673535","VEH_037","motorcycle","UNK","UNK","UNK","gray","0.00","UNK","2026-09-22 04:20:09.703738","2026-09-22 04:20:09.703738"
"S25U","INFER_S25U_VEH_ROOF_20260921_180355.mp4",100,"2026-09-21 18:03:56.673535","VEH_038","motorcycle","UNK","UNK","UNK","UNK","0.00","UNK","2026-09-22 04:20:09.703738","2026-09-22 04:20:09.703738"
"S25U","INFER_S25U_VEH_ROOF_20260921_180355.mp4",100,"2026-09-21 18:03:56.673535","VEH_039","motorcycle","UNK","UNK","UNK","gray","0.00","UNK","2026-09-22 04:20:09.703738","2026-09-22 04:20:09.703738"
"S25U","INFER_S25U_VEH_ROOF_20260921_180355.mp4",100,"2026-09-21 18:03:56.673535","VEH_040","truck","UNK","UNK","UNK","gray","0.00","UNK","2026-09-22 04:20:09.703738","2026-09-22 04:20:09.703738"
"S25U","INFER_S25U_VEH_ROOF_20260921_180355.mp4",110,"2026-09-21 18:03:56.840888","VEH_001","motorcycle","UNK","UNK","UNK","gray","0.00","UNK","2026-09-22 04:20:11.645257","2026-09-22 04:20:11.645257"
"S25U","INFER_S25U_VEH_ROOF_20260921_180355.mp4",110,"2026-09-21 18:03:56.840888","VEH_002","motorcycle","UNK","UNK","UNK","UNK","0.00","UNK","2026-09-22 04:20:11.645257","2026-09-22 04:20:11.645257"
"S25U","INFER_S25U_VEH_ROOF_20260921_180355.mp4",110,"2026-09-21 18:03:56.840888","VEH_003","motorcycle","UNK","UNK","UNK","black","0.00","UNK","2026-09-22 04:20:11.645257","2026-09-22 04:20:11.645257"
"S25U","INFER_S25U_VEH_ROOF_20260921_180355.mp4",110,"2026-09-21 18:03:56.840888","VEH_004","motorcycle","UNK","UNK","UNK","gray","0.00","UNK","2026-09-22 04:20:11.645257","2026-09-22 04:20:11.645257"
"S25U","INFER_S25U_VEH_ROOF_20260921_180355.mp4",110,"2026-09-21 18:03:56.840888","VEH_005","motorcycle","UNK","UNK","UNK","gray","0.00","UNK","2026-09-22 04:20:11.645257","2026-09-22 04:20:11.645257"
"S25U","INFER_S25U_VEH_ROOF_20260921_180355.mp4",110,"2026-09-21 18:03:56.840888","VEH_006","motorcycle","UNK","UNK","UNK","gray","0.00","UNK","2026-09-22 04:20:11.645257","2026-09-22 04:20:11.645257"
"S25U","INFER_S25U_VEH_ROOF_20260921_180355.mp4",110,"2026-09-21 18:03:56.840888","VEH_007","motorcycle","UNK","UNK","UNK","gray","0.00","UNK","2026-09-22 04:20:11.645257","2026-09-22 04:20:11.645257"
"S25U","INFER_S25U_VEH_ROOF_20260921_180355.mp4",110,"2026-09-21 18:03:56.840888","VEH_008","motorcycle","UNK","UNK","UNK","gray","0.00","UNK","2026-09-22 04:20:11.645257","2026-09-22 04:20:11.645257"
"S25U","INFER_S25U_VEH_ROOF_20260921_180355.mp4",110,"2026-09-21 18:03:56.840888","VEH_009","motorcycle","UNK","UNK","UNK","gray","0.00","UNK","2026-09-22 04:20:11.645257","2026-09-22 04:20:11.645257"
"S25U","INFER_S25U_VEH_ROOF_20260921_180355.mp4",110,"2026-09-21 18:03:56.840888","VEH_010","motorcycle","UNK","UNK","UNK","gray","0.00","UNK","2026-09-22 04:20:11.645257","2026-09-22 04:20:11.645257"
"S25U","INFER_S25U_VEH_ROOF_20260921_180355.mp4",110,"2026-09-21 18:03:56.840888","VEH_011","motorcycle","UNK","UNK","UNK","gray","0.00","UNK","2026-09-22 04:20:11.645257","2026-09-22 04:20:11.645257"
"S25U","INFER_S25U_VEH_ROOF_20260921_180355.mp4",110,"2026-09-21 18:03:56.840888","VEH_012","motorcycle","UNK","UNK","UNK","gray","0.00","UNK","2026-09-22 04:20:11.645257","2026-09-22 04:20:11.645257"
"S25U","INFER_S25U_VEH_ROOF_20260921_180355.mp4",110,"2026-09-21 18:03:56.840888","VEH_013","motorcycle","UNK","UNK","UNK","gray","0.00","UNK","2026-09-22 04:20:11.645257","2026-09-22 04:20:11.645257"
"S25U","INFER_S25U_VEH_ROOF_20260921_180355.mp4",110,"2026-09-21 18:03:56.840888","VEH_014","motorcycle","UNK","UNK","UNK","black","0.00","UNK","2026-09-22 04:20:11.645257","2026-09-22 04:20:11.645257"
"S25U","INFER_S25U_VEH_ROOF_20260921_180355.mp4",110,"2026-09-21 18:03:56.840888","VEH_015","motorcycle","UNK","UNK","UNK","black","0.00","UNK","2026-09-22 04:20:11.645257","2026-09-22 04:20:11.645257"
"S25U","INFER_S25U_VEH_ROOF_20260921_180355.mp4",110,"2026-09-21 18:03:56.840888","VEH_016","motorcycle","UNK","UNK","UNK","gray","0.00","UNK","2026-09-22 04:20:11.645257","2026-09-22 04:20:11.645257"
"S25U","INFER_S25U_VEH_ROOF_20260921_180355.mp4",110,"2026-09-21 18:03:56.840888","VEH_017","motorcycle","UNK","UNK","UNK","gray","0.00","UNK","2026-09-22 04:20:11.645257","2026-09-22 04:20:11.645257"
"S25U","INFER_S25U_VEH_ROOF_20260921_180355.mp4",110,"2026-09-21 18:03:56.840888","VEH_018","motorcycle","UNK","UNK","UNK","gray","0.00","UNK","2026-09-22 04:20:11.645257","2026-09-22 04:20:11.645257"
"S25U","INFER_S25U_VEH_ROOF_20260921_180355.mp4",110,"2026-09-21 18:03:56.840888","VEH_019","motorcycle","UNK","UNK","UNK","gray","0.00","UNK","2026-09-22 04:20:11.645257","2026-09-22 04:20:11.645257"
"S25U","INFER_S25U_VEH_ROOF_20260921_180355.mp4",110,"2026-09-21 18:03:56.840888","VEH_020","motorcycle","UNK","UNK","UNK","gray","0.00","UNK","2026-09-22 04:20:11.645257","2026-09-22 04:20:11.645257"
"S25U","INFER_S25U_VEH_ROOF_20260921_180355.mp4",110,"2026-09-21 18:03:56.840888","VEH_021","motorcycle","UNK","UNK","UNK","gray","0.00","UNK","2026-09-22 04:20:11.645257","2026-09-22 04:20:11.645257"
"S25U","INFER_S25U_VEH_ROOF_20260921_180355.mp4",110,"2026-09-21 18:03:56.840888","VEH_022","motorcycle","UNK","UNK","UNK","gray","0.00","UNK","2026-09-22 04:20:11.645257","2026-09-22 04:20:11.645257"
"S25U","INFER_S25U_VEH_ROOF_20260921_180355.mp4",110,"2026-09-21 18:03:56.840888","VEH_023","motorcycle","UNK","UNK","UNK","gray","0.00","UNK","2026-09-22 04:20:11.645257","2026-09-22 04:20:11.645257"
"S25U","INFER_S25U_VEH_ROOF_20260921_180355.mp4",110,"2026-09-21 18:03:56.840888","VEH_024","motorcycle","UNK","UNK","UNK","gray","0.00","UNK","2026-09-22 04:20:11.645257","2026-09-22 04:20:11.645257"
"S25U","INFER_S25U_VEH_ROOF_20260921_180355.mp4",110,"2026-09-21 18:03:56.840888","VEH_025","motorcycle","UNK","UNK","UNK","gray","0.00","UNK","2026-09-22 04:20:11.645257","2026-09-22 04:20:11.645257"
"S25U","INFER_S25U_VEH_ROOF_20260921_180355.mp4",110,"2026-09-21 18:03:56.840888","VEH_026","motorcycle","UNK","UNK","UNK","black","0.00","UNK","2026-09-22 04:20:11.645257","2026-09-22 04:20:11.645257"
"S25U","INFER_S25U_VEH_ROOF_20260921_180355.mp4",110,"2026-09-21 18:03:56.840888","VEH_027","motorcycle","UNK","UNK","UNK","gray","0.00","UNK","2026-09-22 04:20:11.645257","2026-09-22 04:20:11.645257"
"S25U","INFER_S25U_VEH_ROOF_20260921_180355.mp4",110,"2026-09-21 18:03:56.840888","VEH_028","motorcycle","UNK","UNK","UNK","black","0.00","UNK","2026-09-22 04:20:11.645257","2026-09-22 04:20:11.645257"
"S25U","INFER_S25U_VEH_ROOF_20260921_180355.mp4",110,"2026-09-21 18:03:56.840888","VEH_029","motorcycle","UNK","UNK","UNK","UNK","0.00","UNK","2026-09-22 04:20:11.645257","2026-09-22 04:20:11.645257"
"S25U","INFER_S25U_VEH_ROOF_20260921_180355.mp4",110,"2026-09-21 18:03:56.840888","VEH_030","motorcycle","UNK","UNK","UNK","UNK","0.00","UNK","2026-09-22 04:20:11.645257","2026-09-22 04:20:11.645257"
"S25U","INFER_S25U_VEH_ROOF_20260921_180355.mp4",110,"2026-09-21 18:03:56.840888","VEH_031","motorcycle","UNK","UNK","UNK","UNK","0.00","UNK","2026-09-22 04:20:11.645257","2026-09-22 04:20:11.645257"
"S25U","INFER_S25U_VEH_ROOF_20260921_180355.mp4",110,"2026-09-21 18:03:56.840888","VEH_032","motorcycle","UNK","UNK","UNK","UNK","0.00","UNK","2026-09-22 04:20:11.645257","2026-09-22 04:20:11.645257"
"S25U","INFER_S25U_VEH_ROOF_20260921_180355.mp4",110,"2026-09-21 18:03:56.840888","VEH_033","motorcycle","UNK","UNK","UNK","UNK","0.00","UNK","2026-09-22 04:20:11.645257","2026-09-22 04:20:11.645257"
"S25U","INFER_S25U_VEH_ROOF_20260921_180355.mp4",110,"2026-09-21 18:03:56.840888","VEH_034","motorcycle","UNK","UNK","UNK","gray","0.00","UNK","2026-09-22 04:20:11.645257","2026-09-22 04:20:11.645257"
"S25U","INFER_S25U_VEH_ROOF_20260921_180355.mp4",110,"2026-09-21 18:03:56.840888","VEH_035","motorcycle","UNK","UNK","UNK","UNK","0.00","UNK","2026-09-22 04:20:11.645257","2026-09-22 04:20:11.645257"
"S25U","INFER_S25U_VEH_ROOF_20260921_180355.mp4",110,"2026-09-21 18:03:56.840888","VEH_036","motorcycle","UNK","UNK","UNK","gray","0.00","UNK","2026-09-22 04:20:11.645257","2026-09-22 04:20:11.645257"
"S25U","INFER_S25U_VEH_ROOF_20260921_180355.mp4",110,"2026-09-21 18:03:56.840888","VEH_037","bus","UNK","UNK","UNK","gray","0.00","UNK","2026-09-22 04:20:11.645257","2026-09-22 04:20:11.645257"
"S25U","INFER_S25U_VEH_ROOF_20260921_180355.mp4",110,"2026-09-21 18:03:56.840888","VEH_038","motorcycle","UNK","UNK","UNK","gray","0.00","UNK","2026-09-22 04:20:11.645257","2026-09-22 04:20:11.645257"
"S25U","INFER_S25U_VEH_ROOF_20260921_180355.mp4",110,"2026-09-21 18:03:56.840888","VEH_039","motorcycle","UNK","UNK","UNK","gray","0.00","UNK","2026-09-22 04:20:11.645257","2026-09-22 04:20:11.645257"
"S25U","INFER_S25U_VEH_ROOF_20260921_180355.mp4",110,"2026-09-21 18:03:56.840888","VEH_040","bus","UNK","UNK","UNK","gray","0.00","UNK","2026-09-22 04:20:11.645257","2026-09-22 04:20:11.645257"
"S25U","INFER_S25U_VEH_ROOF_20260921_180355.mp4",120,"2026-09-21 18:03:57.008241","VEH_001","motorcycle","UNK","UNK","UNK","gray","0.00","UNK","2026-09-22 04:20:13.478491","2026-09-22 04:20:13.478491"
"S25U","INFER_S25U_VEH_ROOF_20260921_180355.mp4",120,"2026-09-21 18:03:57.008241","VEH_002","motorcycle","UNK","UNK","UNK","gray","0.00","UNK","2026-09-22 04:20:13.478491","2026-09-22 04:20:13.478491"
"S25U","INFER_S25U_VEH_ROOF_20260921_180355.mp4",120,"2026-09-21 18:03:57.008241","VEH_003","motorcycle","UNK","UNK","UNK","gray","0.00","UNK","2026-09-22 04:20:13.478491","2026-09-22 04:20:13.478491"
"S25U","INFER_S25U_VEH_ROOF_20260921_180355.mp4",120,"2026-09-21 18:03:57.008241","VEH_004","motorcycle","UNK","UNK","UNK","black","0.00","UNK","2026-09-22 04:20:13.478491","2026-09-22 04:20:13.478491"
"S25U","INFER_S25U_VEH_ROOF_20260921_180355.mp4",120,"2026-09-21 18:03:57.008241","VEH_005","motorcycle","UNK","UNK","UNK","gray","0.00","UNK","2026-09-22 04:20:13.478491","2026-09-22 04:20:13.478491"
"S25U","INFER_S25U_VEH_ROOF_20260921_180355.mp4",120,"2026-09-21 18:03:57.008241","VEH_006","motorcycle","UNK","UNK","UNK","gray","0.00","UNK","2026-09-22 04:20:13.478491","2026-09-22 04:20:13.478491"
"S25U","INFER_S25U_VEH_ROOF_20260921_180355.mp4",120,"2026-09-21 18:03:57.008241","VEH_007","motorcycle","UNK","UNK","UNK","gray","0.00","UNK","2026-09-22 04:20:13.478491","2026-09-22 04:20:13.478491"
"S25U","INFER_S25U_VEH_ROOF_20260921_180355.mp4",120,"2026-09-21 18:03:57.008241","VEH_008","motorcycle","UNK","UNK","UNK","gray","0.00","UNK","2026-09-22 04:20:13.478491","2026-09-22 04:20:13.478491"
"S25U","INFER_S25U_VEH_ROOF_20260921_180355.mp4",120,"2026-09-21 18:03:57.008241","VEH_009","motorcycle","UNK","UNK","UNK","gray","0.00","UNK","2026-09-22 04:20:13.478491","2026-09-22 04:20:13.478491"
"S25U","INFER_S25U_VEH_ROOF_20260921_180355.mp4",120,"2026-09-21 18:03:57.008241","VEH_010","motorcycle","UNK","UNK","UNK","gray","0.00","UNK","2026-09-22 04:20:13.478491","2026-09-22 04:20:13.478491"
"S25U","INFER_S25U_VEH_ROOF_20260921_180355.mp4",120,"2026-09-21 18:03:57.008241","VEH_011","motorcycle","UNK","UNK","UNK","gray","0.00","UNK","2026-09-22 04:20:13.478491","2026-09-22 04:20:13.478491"
"S25U","INFER_S25U_VEH_ROOF_20260921_180355.mp4",120,"2026-09-21 18:03:57.008241","VEH_012","motorcycle","UNK","UNK","UNK","gray","0.00","UNK","2026-09-22 04:20:13.478491","2026-09-22 04:20:13.478491"
"S25U","INFER_S25U_VEH_ROOF_20260921_180355.mp4",120,"2026-09-21 18:03:57.008241","VEH_013","motorcycle","UNK","UNK","UNK","black","0.00","UNK","2026-09-22 04:20:13.478491","2026-09-22 04:20:13.478491"
"S25U","INFER_S25U_VEH_ROOF_20260921_180355.mp4",120,"2026-09-21 18:03:57.008241","VEH_014","motorcycle","UNK","UNK","UNK","gray","0.00","UNK","2026-09-22 04:20:13.478491","2026-09-22 04:20:13.478491"
"S25U","INFER_S25U_VEH_ROOF_20260921_180355.mp4",120,"2026-09-21 18:03:57.008241","VEH_015","motorcycle","UNK","UNK","UNK","black","0.00","UNK","2026-09-22 04:20:13.478491","2026-09-22 04:20:13.478491"
"S25U","INFER_S25U_VEH_ROOF_20260921_180355.mp4",120,"2026-09-21 18:03:57.008241","VEH_016","motorcycle","UNK","UNK","UNK","gray","0.00","UNK","2026-09-22 04:20:13.478491","2026-09-22 04:20:13.478491"
"S25U","INFER_S25U_VEH_ROOF_20260921_180355.mp4",120,"2026-09-21 18:03:57.008241","VEH_017","motorcycle","UNK","UNK","UNK","gray","0.00","UNK","2026-09-22 04:20:13.478491","2026-09-22 04:20:13.478491"
"S25U","INFER_S25U_VEH_ROOF_20260921_180355.mp4",120,"2026-09-21 18:03:57.008241","VEH_018","motorcycle","UNK","UNK","UNK","gray","0.00","UNK","2026-09-22 04:20:13.478491","2026-09-22 04:20:13.478491"
"S25U","INFER_S25U_VEH_ROOF_20260921_180355.mp4",120,"2026-09-21 18:03:57.008241","VEH_019","motorcycle","UNK","UNK","UNK","gray","0.00","UNK","2026-09-22 04:20:13.478491","2026-09-22 04:20:13.478491"
"S25U","INFER_S25U_VEH_ROOF_20260921_180355.mp4",120,"2026-09-21 18:03:57.008241","VEH_020","motorcycle","UNK","UNK","UNK","gray","0.00","UNK","2026-09-22 04:20:13.478491","2026-09-22 04:20:13.478491"
"S25U","INFER_S25U_VEH_ROOF_20260921_180355.mp4",120,"2026-09-21 18:03:57.008241","VEH_021","motorcycle","UNK","UNK","UNK","gray","0.00","UNK","2026-09-22 04:20:13.478491","2026-09-22 04:20:13.478491"
"S25U","INFER_S25U_VEH_ROOF_20260921_180355.mp4",120,"2026-09-21 18:03:57.008241","VEH_022","motorcycle","UNK","UNK","UNK","black","0.00","UNK","2026-09-22 04:20:13.478491","2026-09-22 04:20:13.478491"
"S25U","INFER_S25U_VEH_ROOF_20260921_180355.mp4",120,"2026-09-21 18:03:57.008241","VEH_023","motorcycle","UNK","UNK","UNK","gray","0.00","UNK","2026-09-22 04:20:13.478491","2026-09-22 04:20:13.478491"
"S25U","INFER_S25U_VEH_ROOF_20260921_180355.mp4",120,"2026-09-21 18:03:57.008241","VEH_024","motorcycle","UNK","UNK","UNK","gray","0.00","UNK","2026-09-22 04:20:13.478491","2026-09-22 04:20:13.478491"
"S25U","INFER_S25U_VEH_ROOF_20260921_180355.mp4",120,"2026-09-21 18:03:57.008241","VEH_025","motorcycle","UNK","UNK","UNK","black","0.00","UNK","2026-09-22 04:20:13.478491","2026-09-22 04:20:13.478491"
"S25U","INFER_S25U_VEH_ROOF_20260921_180355.mp4",120,"2026-09-21 18:03:57.008241","VEH_026","motorcycle","UNK","UNK","UNK","UNK","0.00","UNK","2026-09-22 04:20:13.478491","2026-09-22 04:20:13.478491"
"S25U","INFER_S25U_VEH_ROOF_20260921_180355.mp4",120,"2026-09-21 18:03:57.008241","VEH_027","motorcycle","UNK","UNK","UNK","UNK","0.00","UNK","2026-09-22 04:20:13.478491","2026-09-22 04:20:13.478491"
"S25U","INFER_S25U_VEH_ROOF_20260921_180355.mp4",120,"2026-09-21 18:03:57.008241","VEH_028","motorcycle","UNK","UNK","UNK","UNK","0.00","UNK","2026-09-22 04:20:13.478491","2026-09-22 04:20:13.478491"
"S25U","INFER_S25U_VEH_ROOF_20260921_180355.mp4",120,"2026-09-21 18:03:57.008241","VEH_029","motorcycle","UNK","UNK","UNK","UNK","0.00","UNK","2026-09-22 04:20:13.478491","2026-09-22 04:20:13.478491"
"S25U","INFER_S25U_VEH_ROOF_20260921_180355.mp4",120,"2026-09-21 18:03:57.008241","VEH_030","motorcycle","UNK","UNK","UNK","gray","0.00","UNK","2026-09-22 04:20:13.478491","2026-09-22 04:20:13.478491"
"S25U","INFER_S25U_VEH_ROOF_20260921_180355.mp4",120,"2026-09-21 18:03:57.008241","VEH_031","motorcycle","UNK","UNK","UNK","gray","0.00","UNK","2026-09-22 04:20:13.478491","2026-09-22 04:20:13.478491"
"S25U","INFER_S25U_VEH_ROOF_20260921_180355.mp4",120,"2026-09-21 18:03:57.008241","VEH_032","motorcycle","UNK","UNK","UNK","UNK","0.00","UNK","2026-09-22 04:20:13.478491","2026-09-22 04:20:13.478491"
"S25U","INFER_S25U_VEH_ROOF_20260921_180355.mp4",120,"2026-09-21 18:03:57.008241","VEH_033","motorcycle","UNK","UNK","UNK","gray","0.00","UNK","2026-09-22 04:20:13.478491","2026-09-22 04:20:13.478491"
"S25U","INFER_S25U_VEH_ROOF_20260921_180355.mp4",120,"2026-09-21 18:03:57.008241","VEH_034","motorcycle","UNK","UNK","UNK","gray","0.00","UNK","2026-09-22 04:20:13.478491","2026-09-22 04:20:13.478491"
"S25U","INFER_S25U_VEH_ROOF_20260921_180355.mp4",120,"2026-09-21 18:03:57.008241","VEH_035","motorcycle","UNK","UNK","UNK","gray","0.00","UNK","2026-09-22 04:20:13.478491","2026-09-22 04:20:13.478491"
"S25U","INFER_S25U_VEH_ROOF_20260921_180355.mp4",120,"2026-09-21 18:03:57.008241","VEH_036","motorcycle","UNK","UNK","UNK","gray","0.00","UNK","2026-09-22 04:20:13.478491","2026-09-22 04:20:13.478491"
"S25U","INFER_S25U_VEH_ROOF_20260921_180355.mp4",130,"2026-09-21 18:03:57.175595","VEH_001","motorcycle","UNK","UNK","UNK","gray","0.00","UNK","2026-09-22 04:20:15.27619","2026-09-22 04:20:15.27619"
"S25U","INFER_S25U_VEH_ROOF_20260921_180355.mp4",130,"2026-09-21 18:03:57.175595","VEH_002","motorcycle","UNK","UNK","UNK","gray","0.00","UNK","2026-09-22 04:20:15.27619","2026-09-22 04:20:15.27619"
"S25U","INFER_S25U_VEH_ROOF_20260921_180355.mp4",130,"2026-09-21 18:03:57.175595","VEH_003","motorcycle","UNK","UNK","UNK","black","0.00","UNK","2026-09-22 04:20:15.27619","2026-09-22 04:20:15.27619"
"S25U","INFER_S25U_VEH_ROOF_20260921_180355.mp4",130,"2026-09-21 18:03:57.175595","VEH_004","motorcycle","UNK","UNK","UNK","gray","0.00","UNK","2026-09-22 04:20:15.27619","2026-09-22 04:20:15.27619"
"S25U","INFER_S25U_VEH_ROOF_20260921_180355.mp4",130,"2026-09-21 18:03:57.175595","VEH_005","motorcycle","UNK","UNK","UNK","black","0.00","UNK","2026-09-22 04:20:15.27619","2026-09-22 04:20:15.27619"
"S25U","INFER_S25U_VEH_ROOF_20260921_180355.mp4",130,"2026-09-21 18:03:57.175595","VEH_006","motorcycle","UNK","UNK","UNK","gray","0.00","UNK","2026-09-22 04:20:15.27619","2026-09-22 04:20:15.27619"
"S25U","INFER_S25U_VEH_ROOF_20260921_180355.mp4",130,"2026-09-21 18:03:57.175595","VEH_007","motorcycle","UNK","UNK","UNK","gray","0.00","UNK","2026-09-22 04:20:15.27619","2026-09-22 04:20:15.27619"
"S25U","INFER_S25U_VEH_ROOF_20260921_180355.mp4",130,"2026-09-21 18:03:57.175595","VEH_008","motorcycle","UNK","UNK","UNK","gray","0.00","UNK","2026-09-22 04:20:15.27619","2026-09-22 04:20:15.27619"
"S25U","INFER_S25U_VEH_ROOF_20260921_180355.mp4",130,"2026-09-21 18:03:57.175595","VEH_009","motorcycle","UNK","UNK","UNK","black","0.00","UNK","2026-09-22 04:20:15.27619","2026-09-22 04:20:15.27619"
"S25U","INFER_S25U_VEH_ROOF_20260921_180355.mp4",130,"2026-09-21 18:03:57.175595","VEH_010","motorcycle","UNK","UNK","UNK","gray","0.00","UNK","2026-09-22 04:20:15.27619","2026-09-22 04:20:15.27619"
"S25U","INFER_S25U_VEH_ROOF_20260921_180355.mp4",130,"2026-09-21 18:03:57.175595","VEH_011","motorcycle","UNK","UNK","UNK","gray","0.00","UNK","2026-09-22 04:20:15.27619","2026-09-22 04:20:15.27619"
"S25U","INFER_S25U_VEH_ROOF_20260921_180355.mp4",130,"2026-09-21 18:03:57.175595","VEH_012","motorcycle","UNK","UNK","UNK","gray","0.00","UNK","2026-09-22 04:20:15.27619","2026-09-22 04:20:15.27619"
"S25U","INFER_S25U_VEH_ROOF_20260921_180355.mp4",130,"2026-09-21 18:03:57.175595","VEH_013","motorcycle","UNK","UNK","UNK","gray","0.00","UNK","2026-09-22 04:20:15.27619","2026-09-22 04:20:15.27619"
"S25U","INFER_S25U_VEH_ROOF_20260921_180355.mp4",130,"2026-09-21 18:03:57.175595","VEH_014","motorcycle","UNK","UNK","UNK","gray","0.00","UNK","2026-09-22 04:20:15.27619","2026-09-22 04:20:15.27619"
"S25U","INFER_S25U_VEH_ROOF_20260921_180355.mp4",130,"2026-09-21 18:03:57.175595","VEH_015","motorcycle","UNK","UNK","UNK","black","0.00","UNK","2026-09-22 04:20:15.27619","2026-09-22 04:20:15.27619"
"S25U","INFER_S25U_VEH_ROOF_20260921_180355.mp4",130,"2026-09-21 18:03:57.175595","VEH_016","motorcycle","UNK","UNK","UNK","gray","0.00","UNK","2026-09-22 04:20:15.27619","2026-09-22 04:20:15.27619"
"S25U","INFER_S25U_VEH_ROOF_20260921_180355.mp4",130,"2026-09-21 18:03:57.175595","VEH_017","motorcycle","UNK","UNK","UNK","gray","0.00","UNK","2026-09-22 04:20:15.27619","2026-09-22 04:20:15.27619"
"S25U","INFER_S25U_VEH_ROOF_20260921_180355.mp4",130,"2026-09-21 18:03:57.175595","VEH_018","motorcycle","UNK","UNK","UNK","gray","0.00","UNK","2026-09-22 04:20:15.27619","2026-09-22 04:20:15.27619"
"S25U","INFER_S25U_VEH_ROOF_20260921_180355.mp4",130,"2026-09-21 18:03:57.175595","VEH_019","motorcycle","UNK","UNK","UNK","gray","0.00","UNK","2026-09-22 04:20:15.27619","2026-09-22 04:20:15.27619"
"S25U","INFER_S25U_VEH_ROOF_20260921_180355.mp4",130,"2026-09-21 18:03:57.175595","VEH_020","motorcycle","UNK","UNK","UNK","gray","0.00","UNK","2026-09-22 04:20:15.27619","2026-09-22 04:20:15.27619"
"S25U","INFER_S25U_VEH_ROOF_20260921_180355.mp4",130,"2026-09-21 18:03:57.175595","VEH_021","motorcycle","UNK","UNK","UNK","gray","0.00","UNK","2026-09-22 04:20:15.27619","2026-09-22 04:20:15.27619"
"S25U","INFER_S25U_VEH_ROOF_20260921_180355.mp4",130,"2026-09-21 18:03:57.175595","VEH_022","motorcycle","UNK","UNK","UNK","gray","0.00","UNK","2026-09-22 04:20:15.27619","2026-09-22 04:20:15.27619"
"S25U","INFER_S25U_VEH_ROOF_20260921_180355.mp4",130,"2026-09-21 18:03:57.175595","VEH_023","motorcycle","UNK","UNK","UNK","black","0.00","UNK","2026-09-22 04:20:15.27619","2026-09-22 04:20:15.27619"
"S25U","INFER_S25U_VEH_ROOF_20260921_180355.mp4",130,"2026-09-21 18:03:57.175595","VEH_024","motorcycle","UNK","UNK","UNK","black","0.00","UNK","2026-09-22 04:20:15.27619","2026-09-22 04:20:15.27619"
"S25U","INFER_S25U_VEH_ROOF_20260921_180355.mp4",130,"2026-09-21 18:03:57.175595","VEH_025","motorcycle","UNK","UNK","UNK","UNK","0.00","UNK","2026-09-22 04:20:15.27619","2026-09-22 04:20:15.27619"
"S25U","INFER_S25U_VEH_ROOF_20260921_180355.mp4",130,"2026-09-21 18:03:57.175595","VEH_026","motorcycle","UNK","UNK","UNK","UNK","0.00","UNK","2026-09-22 04:20:15.27619","2026-09-22 04:20:15.27619"
"S25U","INFER_S25U_VEH_ROOF_20260921_180355.mp4",130,"2026-09-21 18:03:57.175595","VEH_027","motorcycle","UNK","UNK","UNK","UNK","0.00","UNK","2026-09-22 04:20:15.27619","2026-09-22 04:20:15.27619"
"S25U","INFER_S25U_VEH_ROOF_20260921_180355.mp4",130,"2026-09-21 18:03:57.175595","VEH_028","motorcycle","UNK","UNK","UNK","UNK","0.00","UNK","2026-09-22 04:20:15.27619","2026-09-22 04:20:15.27619"
"S25U","INFER_S25U_VEH_ROOF_20260921_180355.mp4",130,"2026-09-21 18:03:57.175595","VEH_029","motorcycle","UNK","UNK","UNK","gray","0.00","UNK","2026-09-22 04:20:15.27619","2026-09-22 04:20:15.27619"
"S25U","INFER_S25U_VEH_ROOF_20260921_180355.mp4",130,"2026-09-21 18:03:57.175595","VEH_030","motorcycle","UNK","UNK","UNK","black","0.00","UNK","2026-09-22 04:20:15.27619","2026-09-22 04:20:15.27619"
"S25U","INFER_S25U_VEH_ROOF_20260921_180355.mp4",130,"2026-09-21 18:03:57.175595","VEH_031","motorcycle","UNK","UNK","UNK","UNK","0.00","UNK","2026-09-22 04:20:15.27619","2026-09-22 04:20:15.27619"
"S25U","INFER_S25U_VEH_ROOF_20260921_180355.mp4",130,"2026-09-21 18:03:57.175595","VEH_032","motorcycle","UNK","UNK","UNK","UNK","0.00","UNK","2026-09-22 04:20:15.27619","2026-09-22 04:20:15.27619"
"S25U","INFER_S25U_VEH_ROOF_20260921_180355.mp4",130,"2026-09-21 18:03:57.175595","VEH_033","motorcycle","UNK","UNK","UNK","gray","0.00","UNK","2026-09-22 04:20:15.27619","2026-09-22 04:20:15.27619"
"S25U","INFER_S25U_VEH_ROOF_20260921_180355.mp4",130,"2026-09-21 18:03:57.175595","VEH_034","motorcycle","UNK","UNK","UNK","gray","0.00","UNK","2026-09-22 04:20:15.27619","2026-09-22 04:20:15.27619"
"S25U","INFER_S25U_VEH_ROOF_20260921_180355.mp4",130,"2026-09-21 18:03:57.175595","VEH_035","motorcycle","UNK","UNK","UNK","gray","0.00","UNK","2026-09-22 04:20:15.27619","2026-09-22 04:20:15.27619"
"S25U","INFER_S25U_VEH_ROOF_20260921_180355.mp4",140,"2026-09-21 18:03:57.342948","VEH_001","motorcycle","UNK","UNK","UNK","gray","0.00","UNK","2026-09-22 04:20:17.088365","2026-09-22 04:20:17.088365"
"S25U","INFER_S25U_VEH_ROOF_20260921_180355.mp4",140,"2026-09-21 18:03:57.342948","VEH_002","motorcycle","UNK","UNK","UNK","gray","0.00","UNK","2026-09-22 04:20:17.088365","2026-09-22 04:20:17.088365"
"S25U","INFER_S25U_VEH_ROOF_20260921_180355.mp4",140,"2026-09-21 18:03:57.342948","VEH_003","motorcycle","UNK","UNK","UNK","UNK","0.00","UNK","2026-09-22 04:20:17.088365","2026-09-22 04:20:17.088365"
"S25U","INFER_S25U_VEH_ROOF_20260921_180355.mp4",140,"2026-09-21 18:03:57.342948","VEH_004","motorcycle","UNK","UNK","UNK","black","0.00","UNK","2026-09-22 04:20:17.088365","2026-09-22 04:20:17.088365"
"S25U","INFER_S25U_VEH_ROOF_20260921_180355.mp4",140,"2026-09-21 18:03:57.342948","VEH_005","motorcycle","UNK","UNK","UNK","gray","0.00","UNK","2026-09-22 04:20:17.088365","2026-09-22 04:20:17.088365"
"S25U","INFER_S25U_VEH_ROOF_20260921_180355.mp4",140,"2026-09-21 18:03:57.342948","VEH_006","motorcycle","UNK","UNK","UNK","gray","0.00","UNK","2026-09-22 04:20:17.088365","2026-09-22 04:20:17.088365"
"S25U","INFER_S25U_VEH_ROOF_20260921_180355.mp4",140,"2026-09-21 18:03:57.342948","VEH_007","motorcycle","UNK","UNK","UNK","gray","0.00","UNK","2026-09-22 04:20:17.088365","2026-09-22 04:20:17.088365"
"S25U","INFER_S25U_VEH_ROOF_20260921_180355.mp4",140,"2026-09-21 18:03:57.342948","VEH_008","motorcycle","UNK","UNK","UNK","gray","0.00","UNK","2026-09-22 04:20:17.088365","2026-09-22 04:20:17.088365"
"S25U","INFER_S25U_VEH_ROOF_20260921_180355.mp4",140,"2026-09-21 18:03:57.342948","VEH_009","motorcycle","UNK","UNK","UNK","gray","0.00","UNK","2026-09-22 04:20:17.088365","2026-09-22 04:20:17.088365"
"S25U","INFER_S25U_VEH_ROOF_20260921_180355.mp4",140,"2026-09-21 18:03:57.342948","VEH_010","motorcycle","UNK","UNK","UNK","gray","0.00","UNK","2026-09-22 04:20:17.088365","2026-09-22 04:20:17.088365"
"S25U","INFER_S25U_VEH_ROOF_20260921_180355.mp4",140,"2026-09-21 18:03:57.342948","VEH_011","motorcycle","UNK","UNK","UNK","gray","0.00","UNK","2026-09-22 04:20:17.088365","2026-09-22 04:20:17.088365"
"S25U","INFER_S25U_VEH_ROOF_20260921_180355.mp4",140,"2026-09-21 18:03:57.342948","VEH_012","motorcycle","UNK","UNK","UNK","gray","0.00","UNK","2026-09-22 04:20:17.088365","2026-09-22 04:20:17.088365"
"S25U","INFER_S25U_VEH_ROOF_20260921_180355.mp4",140,"2026-09-21 18:03:57.342948","VEH_013","motorcycle","UNK","UNK","UNK","black","0.00","UNK","2026-09-22 04:20:17.088365","2026-09-22 04:20:17.088365"
"S25U","INFER_S25U_VEH_ROOF_20260921_180355.mp4",140,"2026-09-21 18:03:57.342948","VEH_014","motorcycle","UNK","UNK","UNK","black","0.00","UNK","2026-09-22 04:20:17.088365","2026-09-22 04:20:17.088365"
"S25U","INFER_S25U_VEH_ROOF_20260921_180355.mp4",140,"2026-09-21 18:03:57.342948","VEH_015","motorcycle","UNK","UNK","UNK","gray","0.00","UNK","2026-09-22 04:20:17.088365","2026-09-22 04:20:17.088365"
"S25U","INFER_S25U_VEH_ROOF_20260921_180355.mp4",140,"2026-09-21 18:03:57.342948","VEH_016","motorcycle","UNK","UNK","UNK","gray","0.00","UNK","2026-09-22 04:20:17.088365","2026-09-22 04:20:17.088365"
"S25U","INFER_S25U_VEH_ROOF_20260921_180355.mp4",140,"2026-09-21 18:03:57.342948","VEH_017","motorcycle","UNK","UNK","UNK","gray","0.00","UNK","2026-09-22 04:20:17.088365","2026-09-22 04:20:17.088365"
"S25U","INFER_S25U_VEH_ROOF_20260921_180355.mp4",140,"2026-09-21 18:03:57.342948","VEH_018","motorcycle","UNK","UNK","UNK","gray","0.00","UNK","2026-09-22 04:20:17.088365","2026-09-22 04:20:17.088365"
"S25U","INFER_S25U_VEH_ROOF_20260921_180355.mp4",140,"2026-09-21 18:03:57.342948","VEH_019","motorcycle","UNK","UNK","UNK","gray","0.00","UNK","2026-09-22 04:20:17.088365","2026-09-22 04:20:17.088365"
"S25U","INFER_S25U_VEH_ROOF_20260921_180355.mp4",140,"2026-09-21 18:03:57.342948","VEH_020","motorcycle","UNK","UNK","UNK","gray","0.00","UNK","2026-09-22 04:20:17.088365","2026-09-22 04:20:17.088365"
"S25U","INFER_S25U_VEH_ROOF_20260921_180355.mp4",140,"2026-09-21 18:03:57.342948","VEH_021","motorcycle","UNK","UNK","UNK","gray","0.00","UNK","2026-09-22 04:20:17.088365","2026-09-22 04:20:17.088365"
"S25U","INFER_S25U_VEH_ROOF_20260921_180355.mp4",140,"2026-09-21 18:03:57.342948","VEH_022","motorcycle","UNK","UNK","UNK","gray","0.00","UNK","2026-09-22 04:20:17.088365","2026-09-22 04:20:17.088365"
"S25U","INFER_S25U_VEH_ROOF_20260921_180355.mp4",140,"2026-09-21 18:03:57.342948","VEH_023","motorcycle","UNK","UNK","UNK","gray","0.00","UNK","2026-09-22 04:20:17.088365","2026-09-22 04:20:17.088365"
"S25U","INFER_S25U_VEH_ROOF_20260921_180355.mp4",140,"2026-09-21 18:03:57.342948","VEH_024","motorcycle","UNK","UNK","UNK","black","0.00","UNK","2026-09-22 04:20:17.088365","2026-09-22 04:20:17.088365"
"S25U","INFER_S25U_VEH_ROOF_20260921_180355.mp4",140,"2026-09-21 18:03:57.342948","VEH_025","motorcycle","UNK","UNK","UNK","gray","0.00","UNK","2026-09-22 04:20:17.088365","2026-09-22 04:20:17.088365"
"S25U","INFER_S25U_VEH_ROOF_20260921_180355.mp4",140,"2026-09-21 18:03:57.342948","VEH_026","motorcycle","UNK","UNK","UNK","yellow","0.00","UNK","2026-09-22 04:20:17.088365","2026-09-22 04:20:17.088365"
"S25U","INFER_S25U_VEH_ROOF_20260921_180355.mp4",140,"2026-09-21 18:03:57.342948","VEH_027","motorcycle","UNK","UNK","UNK","black","0.00","UNK","2026-09-22 04:20:17.088365","2026-09-22 04:20:17.088365"
"S25U","INFER_S25U_VEH_ROOF_20260921_180355.mp4",140,"2026-09-21 18:03:57.342948","VEH_028","motorcycle","UNK","UNK","UNK","UNK","0.00","UNK","2026-09-22 04:20:17.088365","2026-09-22 04:20:17.088365"
"S25U","INFER_S25U_VEH_ROOF_20260921_180355.mp4",140,"2026-09-21 18:03:57.342948","VEH_029","motorcycle","UNK","UNK","UNK","UNK","0.00","UNK","2026-09-22 04:20:17.088365","2026-09-22 04:20:17.088365"
"S25U","INFER_S25U_VEH_ROOF_20260921_180355.mp4",140,"2026-09-21 18:03:57.342948","VEH_030","motorcycle","UNK","UNK","UNK","UNK","0.00","UNK","2026-09-22 04:20:17.088365","2026-09-22 04:20:17.088365"
"S25U","INFER_S25U_VEH_ROOF_20260921_180355.mp4",140,"2026-09-21 18:03:57.342948","VEH_031","motorcycle","UNK","UNK","UNK","UNK","0.00","UNK","2026-09-22 04:20:17.088365","2026-09-22 04:20:17.088365"
"S25U","INFER_S25U_VEH_ROOF_20260921_180355.mp4",140,"2026-09-21 18:03:57.342948","VEH_032","motorcycle","UNK","UNK","UNK","UNK","0.00","UNK","2026-09-22 04:20:17.088365","2026-09-22 04:20:17.088365"
"S25U","INFER_S25U_VEH_ROOF_20260921_180355.mp4",140,"2026-09-21 18:03:57.342948","VEH_033","motorcycle","UNK","UNK","UNK","black","0.00","UNK","2026-09-22 04:20:17.088365","2026-09-22 04:20:17.088365"
"S25U","INFER_S25U_VEH_ROOF_20260921_180355.mp4",140,"2026-09-21 18:03:57.342948","VEH_034","motorcycle","UNK","UNK","UNK","gray","0.00","UNK","2026-09-22 04:20:17.088365","2026-09-22 04:20:17.088365"
"S25U","INFER_S25U_VEH_ROOF_20260921_180355.mp4",140,"2026-09-21 18:03:57.342948","VEH_035","motorcycle","UNK","UNK","UNK","black","0.00","UNK","2026-09-22 04:20:17.088365","2026-09-22 04:20:17.088365"
"S25U","INFER_S25U_VEH_ROOF_20260921_180355.mp4",140,"2026-09-21 18:03:57.342948","VEH_036","motorcycle","UNK","UNK","UNK","gray","0.00","UNK","2026-09-22 04:20:17.088365","2026-09-22 04:20:17.088365"
"S25U","INFER_S25U_VEH_ROOF_20260921_180355.mp4",140,"2026-09-21 18:03:57.342948","VEH_037","motorcycle","UNK","UNK","UNK","UNK","0.00","UNK","2026-09-22 04:20:17.088365","2026-09-22 04:20:17.088365"
"S25U","INFER_S25U_VEH_ROOF_20260921_180355.mp4",140,"2026-09-21 18:03:57.342948","VEH_038","bus","UNK","UNK","UNK","gray","0.00","UNK","2026-09-22 04:20:17.088365","2026-09-22 04:20:17.088365"
"S25U","INFER_S25U_VEH_ROOF_20260921_180355.mp4",150,"2026-09-21 18:03:57.510302","VEH_001","motorcycle","UNK","UNK","UNK","gray","0.00","UNK","2026-09-22 04:20:19.217863","2026-09-22 04:20:19.217863"
"S25U","INFER_S25U_VEH_ROOF_20260921_180355.mp4",150,"2026-09-21 18:03:57.510302","VEH_002","motorcycle","UNK","UNK","UNK","UNK","0.00","UNK","2026-09-22 04:20:19.217863","2026-09-22 04:20:19.217863"
"S25U","INFER_S25U_VEH_ROOF_20260921_180355.mp4",150,"2026-09-21 18:03:57.510302","VEH_003","motorcycle","UNK","UNK","UNK","gray","0.00","UNK","2026-09-22 04:20:19.217863","2026-09-22 04:20:19.217863"
"S25U","INFER_S25U_VEH_ROOF_20260921_180355.mp4",150,"2026-09-21 18:03:57.510302","VEH_004","motorcycle","UNK","UNK","UNK","black","0.00","UNK","2026-09-22 04:20:19.217863","2026-09-22 04:20:19.217863"
"S25U","INFER_S25U_VEH_ROOF_20260921_180355.mp4",150,"2026-09-21 18:03:57.510302","VEH_005","motorcycle","UNK","UNK","UNK","gray","0.00","UNK","2026-09-22 04:20:19.217863","2026-09-22 04:20:19.217863"
"S25U","INFER_S25U_VEH_ROOF_20260921_180355.mp4",150,"2026-09-21 18:03:57.510302","VEH_006","motorcycle","UNK","UNK","UNK","gray","0.00","UNK","2026-09-22 04:20:19.217863","2026-09-22 04:20:19.217863"
"S25U","INFER_S25U_VEH_ROOF_20260921_180355.mp4",150,"2026-09-21 18:03:57.510302","VEH_007","motorcycle","UNK","UNK","UNK","gray","0.00","UNK","2026-09-22 04:20:19.217863","2026-09-22 04:20:19.217863"
"S25U","INFER_S25U_VEH_ROOF_20260921_180355.mp4",150,"2026-09-21 18:03:57.510302","VEH_008","motorcycle","UNK","UNK","UNK","gray","0.00","UNK","2026-09-22 04:20:19.217863","2026-09-22 04:20:19.217863"
"S25U","INFER_S25U_VEH_ROOF_20260921_180355.mp4",150,"2026-09-21 18:03:57.510302","VEH_009","motorcycle","UNK","UNK","UNK","gray","0.00","UNK","2026-09-22 04:20:19.217863","2026-09-22 04:20:19.217863"
"S25U","INFER_S25U_VEH_ROOF_20260921_180355.mp4",150,"2026-09-21 18:03:57.510302","VEH_010","motorcycle","UNK","UNK","UNK","black","0.00","UNK","2026-09-22 04:20:19.217863","2026-09-22 04:20:19.217863"
"S25U","INFER_S25U_VEH_ROOF_20260921_180355.mp4",150,"2026-09-21 18:03:57.510302","VEH_011","motorcycle","UNK","UNK","UNK","gray","0.00","UNK","2026-09-22 04:20:19.217863","2026-09-22 04:20:19.217863"
"S25U","INFER_S25U_VEH_ROOF_20260921_180355.mp4",150,"2026-09-21 18:03:57.510302","VEH_012","motorcycle","UNK","UNK","UNK","gray","0.00","UNK","2026-09-22 04:20:19.217863","2026-09-22 04:20:19.217863"
"S25U","INFER_S25U_VEH_ROOF_20260921_180355.mp4",150,"2026-09-21 18:03:57.510302","VEH_013","motorcycle","UNK","UNK","UNK","gray","0.00","UNK","2026-09-22 04:20:19.217863","2026-09-22 04:20:19.217863"
"S25U","INFER_S25U_VEH_ROOF_20260921_180355.mp4",150,"2026-09-21 18:03:57.510302","VEH_014","motorcycle","UNK","UNK","UNK","gray","0.00","UNK","2026-09-22 04:20:19.217863","2026-09-22 04:20:19.217863"
"S25U","INFER_S25U_VEH_ROOF_20260921_180355.mp4",150,"2026-09-21 18:03:57.510302","VEH_015","motorcycle","UNK","UNK","UNK","gray","0.00","UNK","2026-09-22 04:20:19.217863","2026-09-22 04:20:19.217863"
"S25U","INFER_S25U_VEH_ROOF_20260921_180355.mp4",150,"2026-09-21 18:03:57.510302","VEH_016","motorcycle","UNK","UNK","UNK","gray","0.00","UNK","2026-09-22 04:20:19.217863","2026-09-22 04:20:19.217863"
"S25U","INFER_S25U_VEH_ROOF_20260921_180355.mp4",150,"2026-09-21 18:03:57.510302","VEH_017","motorcycle","UNK","UNK","UNK","black","0.00","UNK","2026-09-22 04:20:19.217863","2026-09-22 04:20:19.217863"
"S25U","INFER_S25U_VEH_ROOF_20260921_180355.mp4",150,"2026-09-21 18:03:57.510302","VEH_018","motorcycle","UNK","UNK","UNK","gray","0.00","UNK","2026-09-22 04:20:19.217863","2026-09-22 04:20:19.217863"
"S25U","INFER_S25U_VEH_ROOF_20260921_180355.mp4",150,"2026-09-21 18:03:57.510302","VEH_019","motorcycle","UNK","UNK","UNK","gray","0.00","UNK","2026-09-22 04:20:19.217863","2026-09-22 04:20:19.217863"
"S25U","INFER_S25U_VEH_ROOF_20260921_180355.mp4",150,"2026-09-21 18:03:57.510302","VEH_020","motorcycle","UNK","UNK","UNK","gray","0.00","UNK","2026-09-22 04:20:19.217863","2026-09-22 04:20:19.217863"
"S25U","INFER_S25U_VEH_ROOF_20260921_180355.mp4",150,"2026-09-21 18:03:57.510302","VEH_021","motorcycle","UNK","UNK","UNK","gray","0.00","UNK","2026-09-22 04:20:19.217863","2026-09-22 04:20:19.217863"
"S25U","INFER_S25U_VEH_ROOF_20260921_180355.mp4",150,"2026-09-21 18:03:57.510302","VEH_022","motorcycle","UNK","UNK","UNK","gray","0.00","UNK","2026-09-22 04:20:19.217863","2026-09-22 04:20:19.217863"
"S25U","INFER_S25U_VEH_ROOF_20260921_180355.mp4",150,"2026-09-21 18:03:57.510302","VEH_023","motorcycle","UNK","UNK","UNK","gray","0.00","UNK","2026-09-22 04:20:19.217863","2026-09-22 04:20:19.217863"
"S25U","INFER_S25U_VEH_ROOF_20260921_180355.mp4",150,"2026-09-21 18:03:57.510302","VEH_024","motorcycle","UNK","UNK","UNK","gray","0.00","UNK","2026-09-22 04:20:19.217863","2026-09-22 04:20:19.217863"
"S25U","INFER_S25U_VEH_ROOF_20260921_180355.mp4",150,"2026-09-21 18:03:57.510302","VEH_025","motorcycle","UNK","UNK","UNK","gray","0.00","UNK","2026-09-22 04:20:19.217863","2026-09-22 04:20:19.217863"
"S25U","INFER_S25U_VEH_ROOF_20260921_180355.mp4",150,"2026-09-21 18:03:57.510302","VEH_026","motorcycle","UNK","UNK","UNK","black","0.00","UNK","2026-09-22 04:20:19.217863","2026-09-22 04:20:19.217863"
"S25U","INFER_S25U_VEH_ROOF_20260921_180355.mp4",150,"2026-09-21 18:03:57.510302","VEH_027","motorcycle","UNK","UNK","UNK","black","0.00","UNK","2026-09-22 04:20:19.217863","2026-09-22 04:20:19.217863"
"S25U","INFER_S25U_VEH_ROOF_20260921_180355.mp4",150,"2026-09-21 18:03:57.510302","VEH_028","motorcycle","UNK","UNK","UNK","black","0.00","UNK","2026-09-22 04:20:19.217863","2026-09-22 04:20:19.217863"
"S25U","INFER_S25U_VEH_ROOF_20260921_180355.mp4",150,"2026-09-21 18:03:57.510302","VEH_029","motorcycle","UNK","UNK","UNK","UNK","0.00","UNK","2026-09-22 04:20:19.217863","2026-09-22 04:20:19.217863"
"S25U","INFER_S25U_VEH_ROOF_20260921_180355.mp4",150,"2026-09-21 18:03:57.510302","VEH_030","motorcycle","UNK","UNK","UNK","UNK","0.00","UNK","2026-09-22 04:20:19.217863","2026-09-22 04:20:19.217863"
"S25U","INFER_S25U_VEH_ROOF_20260921_180355.mp4",150,"2026-09-21 18:03:57.510302","VEH_031","motorcycle","UNK","UNK","UNK","UNK","0.00","UNK","2026-09-22 04:20:19.217863","2026-09-22 04:20:19.217863"
"S25U","INFER_S25U_VEH_ROOF_20260921_180355.mp4",150,"2026-09-21 18:03:57.510302","VEH_032","motorcycle","UNK","UNK","UNK","UNK","0.00","UNK","2026-09-22 04:20:19.217863","2026-09-22 04:20:19.217863"
"S25U","INFER_S25U_VEH_ROOF_20260921_180355.mp4",150,"2026-09-21 18:03:57.510302","VEH_033","motorcycle","UNK","UNK","UNK","UNK","0.00","UNK","2026-09-22 04:20:19.217863","2026-09-22 04:20:19.217863"
"S25U","INFER_S25U_VEH_ROOF_20260921_180355.mp4",150,"2026-09-21 18:03:57.510302","VEH_034","motorcycle","UNK","UNK","UNK","gray","0.00","UNK","2026-09-22 04:20:19.217863","2026-09-22 04:20:19.217863"
"S25U","INFER_S25U_VEH_ROOF_20260921_180355.mp4",150,"2026-09-21 18:03:57.510302","VEH_035","motorcycle","UNK","UNK","UNK","gray","0.00","UNK","2026-09-22 04:20:19.217863","2026-09-22 04:20:19.217863"
"S25U","INFER_S25U_VEH_ROOF_20260921_180355.mp4",150,"2026-09-21 18:03:57.510302","VEH_036","motorcycle","UNK","UNK","UNK","UNK","0.00","UNK","2026-09-22 04:20:19.217863","2026-09-22 04:20:19.217863"
"S25U","INFER_S25U_VEH_ROOF_20260921_180355.mp4",150,"2026-09-21 18:03:57.510302","VEH_037","motorcycle","UNK","UNK","UNK","black","0.00","UNK","2026-09-22 04:20:19.217863","2026-09-22 04:20:19.217863"
"S25U","INFER_S25U_VEH_ROOF_20260921_180355.mp4",150,"2026-09-21 18:03:57.510302","VEH_038","motorcycle","UNK","UNK","UNK","black","0.00","UNK","2026-09-22 04:20:19.217863","2026-09-22 04:20:19.217863"
"S25U","INFER_S25U_VEH_ROOF_20260921_180355.mp4",150,"2026-09-21 18:03:57.510302","VEH_039","motorcycle","UNK","UNK","UNK","UNK","0.00","UNK","2026-09-22 04:20:19.217863","2026-09-22 04:20:19.217863"
"S25U","INFER_S25U_VEH_ROOF_20260921_180355.mp4",150,"2026-09-21 18:03:57.510302","VEH_040","motorcycle","UNK","UNK","UNK","gray","0.00","UNK","2026-09-22 04:20:19.217863","2026-09-22 04:20:19.217863"
"S25U","INFER_S25U_VEH_ROOF_20260921_180355.mp4",150,"2026-09-21 18:03:57.510302","VEH_041","motorcycle","UNK","UNK","UNK","gray","0.00","UNK","2026-09-22 04:20:19.217863","2026-09-22 04:20:19.217863"
"S25U","INFER_S25U_VEH_ROOF_20260921_180355.mp4",150,"2026-09-21 18:03:57.510302","VEH_042","motorcycle","UNK","UNK","UNK","UNK","0.00","UNK","2026-09-22 04:20:19.217863","2026-09-22 04:20:19.217863"
"S25U","INFER_S25U_VEH_ROOF_20260921_180355.mp4",150,"2026-09-21 18:03:57.510302","VEH_043","bus","UNK","UNK","UNK","gray","0.00","UNK","2026-09-22 04:20:19.217863","2026-09-22 04:20:19.217863"
"S25U","INFER_S25U_VEH_ROOF_20260921_180355.mp4",160,"2026-09-21 18:03:57.677655","VEH_001","motorcycle","UNK","UNK","UNK","gray","0.00","UNK","2026-09-22 04:20:21.297818","2026-09-22 04:20:21.297818"
"S25U","INFER_S25U_VEH_ROOF_20260921_180355.mp4",160,"2026-09-21 18:03:57.677655","VEH_002","motorcycle","UNK","UNK","UNK","black","0.00","UNK","2026-09-22 04:20:21.297818","2026-09-22 04:20:21.297818"
"S25U","INFER_S25U_VEH_ROOF_20260921_180355.mp4",160,"2026-09-21 18:03:57.677655","VEH_003","motorcycle","UNK","UNK","UNK","gray","0.00","UNK","2026-09-22 04:20:21.297818","2026-09-22 04:20:21.297818"
"S25U","INFER_S25U_VEH_ROOF_20260921_180355.mp4",160,"2026-09-21 18:03:57.677655","VEH_004","motorcycle","UNK","UNK","UNK","gray","0.00","UNK","2026-09-22 04:20:21.297818","2026-09-22 04:20:21.297818"
"S25U","INFER_S25U_VEH_ROOF_20260921_180355.mp4",160,"2026-09-21 18:03:57.677655","VEH_005","motorcycle","UNK","UNK","UNK","black","0.00","UNK","2026-09-22 04:20:21.297818","2026-09-22 04:20:21.297818"
"S25U","INFER_S25U_VEH_ROOF_20260921_180355.mp4",160,"2026-09-21 18:03:57.677655","VEH_006","motorcycle","UNK","UNK","UNK","gray","0.00","UNK","2026-09-22 04:20:21.297818","2026-09-22 04:20:21.297818"
"S25U","INFER_S25U_VEH_ROOF_20260921_180355.mp4",160,"2026-09-21 18:03:57.677655","VEH_007","motorcycle","UNK","UNK","UNK","gray","0.00","UNK","2026-09-22 04:20:21.297818","2026-09-22 04:20:21.297818"
"S25U","INFER_S25U_VEH_ROOF_20260921_180355.mp4",160,"2026-09-21 18:03:57.677655","VEH_008","motorcycle","UNK","UNK","UNK","gray","0.00","UNK","2026-09-22 04:20:21.297818","2026-09-22 04:20:21.297818"
"S25U","INFER_S25U_VEH_ROOF_20260921_180355.mp4",160,"2026-09-21 18:03:57.677655","VEH_009","motorcycle","UNK","UNK","UNK","gray","0.00","UNK","2026-09-22 04:20:21.297818","2026-09-22 04:20:21.297818"
"S25U","INFER_S25U_VEH_ROOF_20260921_180355.mp4",160,"2026-09-21 18:03:57.677655","VEH_010","motorcycle","UNK","UNK","UNK","black","0.00","UNK","2026-09-22 04:20:21.297818","2026-09-22 04:20:21.297818"
"S25U","INFER_S25U_VEH_ROOF_20260921_180355.mp4",160,"2026-09-21 18:03:57.677655","VEH_011","motorcycle","UNK","UNK","UNK","gray","0.00","UNK","2026-09-22 04:20:21.297818","2026-09-22 04:20:21.297818"
"S25U","INFER_S25U_VEH_ROOF_20260921_180355.mp4",160,"2026-09-21 18:03:57.677655","VEH_012","motorcycle","UNK","UNK","UNK","gray","0.00","UNK","2026-09-22 04:20:21.297818","2026-09-22 04:20:21.297818"
"S25U","INFER_S25U_VEH_ROOF_20260921_180355.mp4",160,"2026-09-21 18:03:57.677655","VEH_013","motorcycle","UNK","UNK","UNK","gray","0.00","UNK","2026-09-22 04:20:21.297818","2026-09-22 04:20:21.297818"
"S25U","INFER_S25U_VEH_ROOF_20260921_180355.mp4",160,"2026-09-21 18:03:57.677655","VEH_014","motorcycle","UNK","UNK","UNK","gray","0.00","UNK","2026-09-22 04:20:21.297818","2026-09-22 04:20:21.297818"
"S25U","INFER_S25U_VEH_ROOF_20260921_180355.mp4",160,"2026-09-21 18:03:57.677655","VEH_015","motorcycle","UNK","UNK","UNK","gray","0.00","UNK","2026-09-22 04:20:21.297818","2026-09-22 04:20:21.297818"
"S25U","INFER_S25U_VEH_ROOF_20260921_180355.mp4",160,"2026-09-21 18:03:57.677655","VEH_016","motorcycle","UNK","UNK","UNK","yellow","0.00","UNK","2026-09-22 04:20:21.297818","2026-09-22 04:20:21.297818"
"S25U","INFER_S25U_VEH_ROOF_20260921_180355.mp4",160,"2026-09-21 18:03:57.677655","VEH_017","motorcycle","UNK","UNK","UNK","gray","0.00","UNK","2026-09-22 04:20:21.297818","2026-09-22 04:20:21.297818"
"S25U","INFER_S25U_VEH_ROOF_20260921_180355.mp4",160,"2026-09-21 18:03:57.677655","VEH_018","motorcycle","UNK","UNK","UNK","UNK","0.00","UNK","2026-09-22 04:20:21.297818","2026-09-22 04:20:21.297818"
"S25U","INFER_S25U_VEH_ROOF_20260921_180355.mp4",160,"2026-09-21 18:03:57.677655","VEH_019","motorcycle","UNK","UNK","UNK","gray","0.00","UNK","2026-09-22 04:20:21.297818","2026-09-22 04:20:21.297818"
"S25U","INFER_S25U_VEH_ROOF_20260921_180355.mp4",160,"2026-09-21 18:03:57.677655","VEH_020","motorcycle","UNK","UNK","UNK","gray","0.00","UNK","2026-09-22 04:20:21.297818","2026-09-22 04:20:21.297818"
"S25U","INFER_S25U_VEH_ROOF_20260921_180355.mp4",160,"2026-09-21 18:03:57.677655","VEH_021","motorcycle","UNK","UNK","UNK","gray","0.00","UNK","2026-09-22 04:20:21.297818","2026-09-22 04:20:21.297818"
"S25U","INFER_S25U_VEH_ROOF_20260921_180355.mp4",160,"2026-09-21 18:03:57.677655","VEH_022","motorcycle","UNK","UNK","UNK","gray","0.00","UNK","2026-09-22 04:20:21.297818","2026-09-22 04:20:21.297818"
"S25U","INFER_S25U_VEH_ROOF_20260921_180355.mp4",160,"2026-09-21 18:03:57.677655","VEH_023","motorcycle","UNK","UNK","UNK","gray","0.00","UNK","2026-09-22 04:20:21.297818","2026-09-22 04:20:21.297818"
"S25U","INFER_S25U_VEH_ROOF_20260921_180355.mp4",160,"2026-09-21 18:03:57.677655","VEH_024","motorcycle","UNK","UNK","UNK","gray","0.00","UNK","2026-09-22 04:20:21.297818","2026-09-22 04:20:21.297818"
"S25U","INFER_S25U_VEH_ROOF_20260921_180355.mp4",160,"2026-09-21 18:03:57.677655","VEH_025","motorcycle","UNK","UNK","UNK","gray","0.00","UNK","2026-09-22 04:20:21.297818","2026-09-22 04:20:21.297818"
"S25U","INFER_S25U_VEH_ROOF_20260921_180355.mp4",160,"2026-09-21 18:03:57.677655","VEH_026","motorcycle","UNK","UNK","UNK","black","0.00","UNK","2026-09-22 04:20:21.297818","2026-09-22 04:20:21.297818"
"S25U","INFER_S25U_VEH_ROOF_20260921_180355.mp4",160,"2026-09-21 18:03:57.677655","VEH_027","motorcycle","UNK","UNK","UNK","UNK","0.00","UNK","2026-09-22 04:20:21.297818","2026-09-22 04:20:21.297818"
"S25U","INFER_S25U_VEH_ROOF_20260921_180355.mp4",160,"2026-09-21 18:03:57.677655","VEH_028","motorcycle","UNK","UNK","UNK","UNK","0.00","UNK","2026-09-22 04:20:21.297818","2026-09-22 04:20:21.297818"
"S25U","INFER_S25U_VEH_ROOF_20260921_180355.mp4",160,"2026-09-21 18:03:57.677655","VEH_029","motorcycle","UNK","UNK","UNK","UNK","0.00","UNK","2026-09-22 04:20:21.297818","2026-09-22 04:20:21.297818"
"S25U","INFER_S25U_VEH_ROOF_20260921_180355.mp4",160,"2026-09-21 18:03:57.677655","VEH_030","motorcycle","UNK","UNK","UNK","gray","0.00","UNK","2026-09-22 04:20:21.297818","2026-09-22 04:20:21.297818"
"S25U","INFER_S25U_VEH_ROOF_20260921_180355.mp4",160,"2026-09-21 18:03:57.677655","VEH_031","bus","UNK","UNK","UNK","gray","0.00","UNK","2026-09-22 04:20:21.297818","2026-09-22 04:20:21.297818"
"S25U","INFER_S25U_VEH_ROOF_20260921_180355.mp4",160,"2026-09-21 18:03:57.677655","VEH_032","motorcycle","UNK","UNK","UNK","black","0.00","UNK","2026-09-22 04:20:21.297818","2026-09-22 04:20:21.297818"
"S25U","INFER_S25U_VEH_ROOF_20260921_180355.mp4",160,"2026-09-21 18:03:57.677655","VEH_033","motorcycle","UNK","UNK","UNK","UNK","0.00","UNK","2026-09-22 04:20:21.297818","2026-09-22 04:20:21.297818"
"S25U","INFER_S25U_VEH_ROOF_20260921_180355.mp4",160,"2026-09-21 18:03:57.677655","VEH_034","bus","UNK","UNK","UNK","gray","0.00","UNK","2026-09-22 04:20:21.297818","2026-09-22 04:20:21.297818"
"S25U","INFER_S25U_VEH_ROOF_20260921_180355.mp4",160,"2026-09-21 18:03:57.677655","VEH_035","motorcycle","UNK","UNK","UNK","black","0.00","UNK","2026-09-22 04:20:21.297818","2026-09-22 04:20:21.297818"
"S25U","INFER_S25U_VEH_ROOF_20260921_180355.mp4",160,"2026-09-21 18:03:57.677655","VEH_036","motorcycle","UNK","UNK","UNK","UNK","0.00","UNK","2026-09-22 04:20:21.297818","2026-09-22 04:20:21.297818"
"S25U","INFER_S25U_VEH_ROOF_20260921_180355.mp4",160,"2026-09-21 18:03:57.677655","VEH_037","motorcycle","UNK","UNK","UNK","gray","0.00","UNK","2026-09-22 04:20:21.297818","2026-09-22 04:20:21.297818"
"S25U","INFER_S25U_VEH_ROOF_20260921_180355.mp4",160,"2026-09-21 18:03:57.677655","VEH_038","motorcycle","UNK","UNK","UNK","black","0.00","UNK","2026-09-22 04:20:21.297818","2026-09-22 04:20:21.297818"
"S25U","INFER_S25U_VEH_ROOF_20260921_180355.mp4",160,"2026-09-21 18:03:57.677655","VEH_039","motorcycle","UNK","UNK","UNK","gray","0.00","UNK","2026-09-22 04:20:21.297818","2026-09-22 04:20:21.297818"
"S25U","INFER_S25U_VEH_ROOF_20260921_180355.mp4",160,"2026-09-21 18:03:57.677655","VEH_040","motorcycle","UNK","UNK","UNK","gray","0.00","UNK","2026-09-22 04:20:21.297818","2026-09-22 04:20:21.297818"
"S25U","INFER_S25U_VEH_ROOF_20260921_180355.mp4",170,"2026-09-21 18:03:57.845009","VEH_001","motorcycle","UNK","UNK","UNK","gray","0.00","UNK","2026-09-22 04:20:23.303637","2026-09-22 04:20:23.303637"
"S25U","INFER_S25U_VEH_ROOF_20260921_180355.mp4",170,"2026-09-21 18:03:57.845009","VEH_002","motorcycle","UNK","UNK","UNK","gray","0.00","UNK","2026-09-22 04:20:23.303637","2026-09-22 04:20:23.303637"
"S25U","INFER_S25U_VEH_ROOF_20260921_180355.mp4",170,"2026-09-21 18:03:57.845009","VEH_003","motorcycle","UNK","UNK","UNK","black","0.00","UNK","2026-09-22 04:20:23.303637","2026-09-22 04:20:23.303637"
"S25U","INFER_S25U_VEH_ROOF_20260921_180355.mp4",170,"2026-09-21 18:03:57.845009","VEH_004","motorcycle","UNK","UNK","UNK","gray","0.00","UNK","2026-09-22 04:20:23.303637","2026-09-22 04:20:23.303637"
"S25U","INFER_S25U_VEH_ROOF_20260921_180355.mp4",170,"2026-09-21 18:03:57.845009","VEH_005","motorcycle","UNK","UNK","UNK","black","0.00","UNK","2026-09-22 04:20:23.303637","2026-09-22 04:20:23.303637"
"S25U","INFER_S25U_VEH_ROOF_20260921_180355.mp4",170,"2026-09-21 18:03:57.845009","VEH_006","motorcycle","UNK","UNK","UNK","gray","0.00","UNK","2026-09-22 04:20:23.303637","2026-09-22 04:20:23.303637"
"S25U","INFER_S25U_VEH_ROOF_20260921_180355.mp4",170,"2026-09-21 18:03:57.845009","VEH_007","motorcycle","UNK","UNK","UNK","gray","0.00","UNK","2026-09-22 04:20:23.303637","2026-09-22 04:20:23.303637"
"S25U","INFER_S25U_VEH_ROOF_20260921_180355.mp4",170,"2026-09-21 18:03:57.845009","VEH_008","motorcycle","UNK","UNK","UNK","gray","0.00","UNK","2026-09-22 04:20:23.303637","2026-09-22 04:20:23.303637"
"S25U","INFER_S25U_VEH_ROOF_20260921_180355.mp4",170,"2026-09-21 18:03:57.845009","VEH_009","motorcycle","UNK","UNK","UNK","gray","0.00","UNK","2026-09-22 04:20:23.303637","2026-09-22 04:20:23.303637"
"S25U","INFER_S25U_VEH_ROOF_20260921_180355.mp4",170,"2026-09-21 18:03:57.845009","VEH_010","motorcycle","UNK","UNK","UNK","gray","0.00","UNK","2026-09-22 04:20:23.303637","2026-09-22 04:20:23.303637"
"S25U","INFER_S25U_VEH_ROOF_20260921_180355.mp4",170,"2026-09-21 18:03:57.845009","VEH_011","motorcycle","UNK","UNK","UNK","gray","0.00","UNK","2026-09-22 04:20:23.303637","2026-09-22 04:20:23.303637"
"S25U","INFER_S25U_VEH_ROOF_20260921_180355.mp4",170,"2026-09-21 18:03:57.845009","VEH_012","motorcycle","UNK","UNK","UNK","gray","0.00","UNK","2026-09-22 04:20:23.303637","2026-09-22 04:20:23.303637"
"S25U","INFER_S25U_VEH_ROOF_20260921_180355.mp4",170,"2026-09-21 18:03:57.845009","VEH_013","motorcycle","UNK","UNK","UNK","gray","0.00","UNK","2026-09-22 04:20:23.303637","2026-09-22 04:20:23.303637"
"S25U","INFER_S25U_VEH_ROOF_20260921_180355.mp4",170,"2026-09-21 18:03:57.845009","VEH_014","motorcycle","UNK","UNK","UNK","gray","0.00","UNK","2026-09-22 04:20:23.303637","2026-09-22 04:20:23.303637"
"S25U","INFER_S25U_VEH_ROOF_20260921_180355.mp4",170,"2026-09-21 18:03:57.845009","VEH_015","motorcycle","UNK","UNK","UNK","gray","0.00","UNK","2026-09-22 04:20:23.303637","2026-09-22 04:20:23.303637"
"S25U","INFER_S25U_VEH_ROOF_20260921_180355.mp4",170,"2026-09-21 18:03:57.845009","VEH_016","motorcycle","UNK","UNK","UNK","gray","0.00","UNK","2026-09-22 04:20:23.303637","2026-09-22 04:20:23.303637"
"S25U","INFER_S25U_VEH_ROOF_20260921_180355.mp4",170,"2026-09-21 18:03:57.845009","VEH_017","motorcycle","UNK","UNK","UNK","gray","0.00","UNK","2026-09-22 04:20:23.303637","2026-09-22 04:20:23.303637"
"S25U","INFER_S25U_VEH_ROOF_20260921_180355.mp4",170,"2026-09-21 18:03:57.845009","VEH_018","motorcycle","UNK","UNK","UNK","gray","0.00","UNK","2026-09-22 04:20:23.303637","2026-09-22 04:20:23.303637"
"S25U","INFER_S25U_VEH_ROOF_20260921_180355.mp4",170,"2026-09-21 18:03:57.845009","VEH_019","motorcycle","UNK","UNK","UNK","black","0.00","UNK","2026-09-22 04:20:23.303637","2026-09-22 04:20:23.303637"
"S25U","INFER_S25U_VEH_ROOF_20260921_180355.mp4",170,"2026-09-21 18:03:57.845009","VEH_020","motorcycle","UNK","UNK","UNK","UNK","0.00","UNK","2026-09-22 04:20:23.303637","2026-09-22 04:20:23.303637"
"S25U","INFER_S25U_VEH_ROOF_20260921_180355.mp4",170,"2026-09-21 18:03:57.845009","VEH_021","motorcycle","UNK","UNK","UNK","gray","0.00","UNK","2026-09-22 04:20:23.303637","2026-09-22 04:20:23.303637"
"S25U","INFER_S25U_VEH_ROOF_20260921_180355.mp4",170,"2026-09-21 18:03:57.845009","VEH_022","motorcycle","UNK","UNK","UNK","gray","0.00","UNK","2026-09-22 04:20:23.303637","2026-09-22 04:20:23.303637"
"S25U","INFER_S25U_VEH_ROOF_20260921_180355.mp4",170,"2026-09-21 18:03:57.845009","VEH_023","motorcycle","UNK","UNK","UNK","gray","0.00","UNK","2026-09-22 04:20:23.303637","2026-09-22 04:20:23.303637"
"S25U","INFER_S25U_VEH_ROOF_20260921_180355.mp4",170,"2026-09-21 18:03:57.845009","VEH_024","motorcycle","UNK","UNK","UNK","gray","0.00","UNK","2026-09-22 04:20:23.303637","2026-09-22 04:20:23.303637"
"S25U","INFER_S25U_VEH_ROOF_20260921_180355.mp4",170,"2026-09-21 18:03:57.845009","VEH_025","motorcycle","UNK","UNK","UNK","gray","0.00","UNK","2026-09-22 04:20:23.303637","2026-09-22 04:20:23.303637"
"S25U","INFER_S25U_VEH_ROOF_20260921_180355.mp4",170,"2026-09-21 18:03:57.845009","VEH_026","motorcycle","UNK","UNK","UNK","gray","0.00","UNK","2026-09-22 04:20:23.303637","2026-09-22 04:20:23.303637"
"S25U","INFER_S25U_VEH_ROOF_20260921_180355.mp4",170,"2026-09-21 18:03:57.845009","VEH_027","motorcycle","UNK","UNK","UNK","black","0.00","UNK","2026-09-22 04:20:23.303637","2026-09-22 04:20:23.303637"
"S25U","INFER_S25U_VEH_ROOF_20260921_180355.mp4",170,"2026-09-21 18:03:57.845009","VEH_028","motorcycle","UNK","UNK","UNK","yellow","0.00","UNK","2026-09-22 04:20:23.303637","2026-09-22 04:20:23.303637"
"S25U","INFER_S25U_VEH_ROOF_20260921_180355.mp4",170,"2026-09-21 18:03:57.845009","VEH_029","motorcycle","UNK","UNK","UNK","black","0.00","UNK","2026-09-22 04:20:23.303637","2026-09-22 04:20:23.303637"
"S25U","INFER_S25U_VEH_ROOF_20260921_180355.mp4",170,"2026-09-21 18:03:57.845009","VEH_030","motorcycle","UNK","UNK","UNK","UNK","0.00","UNK","2026-09-22 04:20:23.303637","2026-09-22 04:20:23.303637"
"S25U","INFER_S25U_VEH_ROOF_20260921_180355.mp4",170,"2026-09-21 18:03:57.845009","VEH_031","motorcycle","UNK","UNK","UNK","UNK","0.00","UNK","2026-09-22 04:20:23.303637","2026-09-22 04:20:23.303637"
"S25U","INFER_S25U_VEH_ROOF_20260921_180355.mp4",170,"2026-09-21 18:03:57.845009","VEH_032","motorcycle","UNK","UNK","UNK","UNK","0.00","UNK","2026-09-22 04:20:23.303637","2026-09-22 04:20:23.303637"
"S25U","INFER_S25U_VEH_ROOF_20260921_180355.mp4",170,"2026-09-21 18:03:57.845009","VEH_033","motorcycle","UNK","UNK","UNK","gray","0.00","UNK","2026-09-22 04:20:23.303637","2026-09-22 04:20:23.303637"
"S25U","INFER_S25U_VEH_ROOF_20260921_180355.mp4",170,"2026-09-21 18:03:57.845009","VEH_034","motorcycle","UNK","UNK","UNK","black","0.00","UNK","2026-09-22 04:20:23.303637","2026-09-22 04:20:23.303637"
"S25U","INFER_S25U_VEH_ROOF_20260921_180355.mp4",170,"2026-09-21 18:03:57.845009","VEH_035","motorcycle","UNK","UNK","UNK","UNK","0.00","UNK","2026-09-22 04:20:23.303637","2026-09-22 04:20:23.303637"
"S25U","INFER_S25U_VEH_ROOF_20260921_180355.mp4",170,"2026-09-21 18:03:57.845009","VEH_036","motorcycle","UNK","UNK","UNK","black","0.00","UNK","2026-09-22 04:20:23.303637","2026-09-22 04:20:23.303637"
"S25U","INFER_S25U_VEH_ROOF_20260921_180355.mp4",170,"2026-09-21 18:03:57.845009","VEH_037","motorcycle","UNK","UNK","UNK","black","0.00","UNK","2026-09-22 04:20:23.303637","2026-09-22 04:20:23.303637"
"S25U","INFER_S25U_VEH_ROOF_20260921_180355.mp4",170,"2026-09-21 18:03:57.845009","VEH_038","motorcycle","UNK","UNK","UNK","UNK","0.00","UNK","2026-09-22 04:20:23.303637","2026-09-22 04:20:23.303637"
"S25U","INFER_S25U_VEH_ROOF_20260921_180355.mp4",170,"2026-09-21 18:03:57.845009","VEH_039","motorcycle","UNK","UNK","UNK","UNK","0.00","UNK","2026-09-22 04:20:23.303637","2026-09-22 04:20:23.303637"
"S25U","INFER_S25U_VEH_ROOF_20260921_180355.mp4",170,"2026-09-21 18:03:57.845009","VEH_040","motorcycle","UNK","UNK","UNK","gray","0.00","UNK","2026-09-22 04:20:23.303637","2026-09-22 04:20:23.303637"
"S25U","INFER_S25U_VEH_ROOF_20260921_180355.mp4",170,"2026-09-21 18:03:57.845009","VEH_041","motorcycle","UNK","UNK","UNK","UNK","0.00","UNK","2026-09-22 04:20:23.303637","2026-09-22 04:20:23.303637"
"S25U","INFER_S25U_VEH_ROOF_20260921_180355.mp4",170,"2026-09-21 18:03:57.845009","VEH_042","bus","UNK","UNK","UNK","black","0.00","UNK","2026-09-22 04:20:23.303637","2026-09-22 04:20:23.303637"
"S25U","INFER_S25U_VEH_ROOF_20260921_180355.mp4",180,"2026-09-21 18:03:58.012362","VEH_001","motorcycle","UNK","UNK","UNK","gray","0.00","UNK","2026-09-22 04:20:25.557102","2026-09-22 04:20:25.557102"
"S25U","INFER_S25U_VEH_ROOF_20260921_180355.mp4",180,"2026-09-21 18:03:58.012362","VEH_002","motorcycle","UNK","UNK","UNK","UNK","0.00","UNK","2026-09-22 04:20:25.557102","2026-09-22 04:20:25.557102"
"S25U","INFER_S25U_VEH_ROOF_20260921_180355.mp4",180,"2026-09-21 18:03:58.012362","VEH_003","motorcycle","UNK","UNK","UNK","gray","0.00","UNK","2026-09-22 04:20:25.557102","2026-09-22 04:20:25.557102"
"S25U","INFER_S25U_VEH_ROOF_20260921_180355.mp4",180,"2026-09-21 18:03:58.012362","VEH_004","motorcycle","UNK","UNK","UNK","gray","0.00","UNK","2026-09-22 04:20:25.557102","2026-09-22 04:20:25.557102"
"S25U","INFER_S25U_VEH_ROOF_20260921_180355.mp4",180,"2026-09-21 18:03:58.012362","VEH_005","motorcycle","UNK","UNK","UNK","gray","0.00","UNK","2026-09-22 04:20:25.557102","2026-09-22 04:20:25.557102"
"S25U","INFER_S25U_VEH_ROOF_20260921_180355.mp4",180,"2026-09-21 18:03:58.012362","VEH_006","motorcycle","UNK","UNK","UNK","gray","0.00","UNK","2026-09-22 04:20:25.557102","2026-09-22 04:20:25.557102"
"S25U","INFER_S25U_VEH_ROOF_20260921_180355.mp4",180,"2026-09-21 18:03:58.012362","VEH_007","motorcycle","UNK","UNK","UNK","gray","0.00","UNK","2026-09-22 04:20:25.557102","2026-09-22 04:20:25.557102"
"S25U","INFER_S25U_VEH_ROOF_20260921_180355.mp4",180,"2026-09-21 18:03:58.012362","VEH_008","motorcycle","UNK","UNK","UNK","gray","0.00","UNK","2026-09-22 04:20:25.557102","2026-09-22 04:20:25.557102"
"S25U","INFER_S25U_VEH_ROOF_20260921_180355.mp4",180,"2026-09-21 18:03:58.012362","VEH_009","motorcycle","UNK","UNK","UNK","gray","0.00","UNK","2026-09-22 04:20:25.557102","2026-09-22 04:20:25.557102"
"S25U","INFER_S25U_VEH_ROOF_20260921_180355.mp4",180,"2026-09-21 18:03:58.012362","VEH_010","motorcycle","UNK","UNK","UNK","gray","0.00","UNK","2026-09-22 04:20:25.557102","2026-09-22 04:20:25.557102"
"S25U","INFER_S25U_VEH_ROOF_20260921_180355.mp4",180,"2026-09-21 18:03:58.012362","VEH_011","motorcycle","UNK","UNK","UNK","gray","0.00","UNK","2026-09-22 04:20:25.557102","2026-09-22 04:20:25.557102"
"S25U","INFER_S25U_VEH_ROOF_20260921_180355.mp4",180,"2026-09-21 18:03:58.012362","VEH_012","motorcycle","UNK","UNK","UNK","black","0.00","UNK","2026-09-22 04:20:25.557102","2026-09-22 04:20:25.557102"
"S25U","INFER_S25U_VEH_ROOF_20260921_180355.mp4",180,"2026-09-21 18:03:58.012362","VEH_013","motorcycle","UNK","UNK","UNK","gray","0.00","UNK","2026-09-22 04:20:25.557102","2026-09-22 04:20:25.557102"
"S25U","INFER_S25U_VEH_ROOF_20260921_180355.mp4",180,"2026-09-21 18:03:58.012362","VEH_014","motorcycle","UNK","UNK","UNK","gray","0.00","UNK","2026-09-22 04:20:25.557102","2026-09-22 04:20:25.557102"
"S25U","INFER_S25U_VEH_ROOF_20260921_180355.mp4",180,"2026-09-21 18:03:58.012362","VEH_015","motorcycle","UNK","UNK","UNK","gray","0.00","UNK","2026-09-22 04:20:25.557102","2026-09-22 04:20:25.557102"
"S25U","INFER_S25U_VEH_ROOF_20260921_180355.mp4",180,"2026-09-21 18:03:58.012362","VEH_016","motorcycle","UNK","UNK","UNK","gray","0.00","UNK","2026-09-22 04:20:25.557102","2026-09-22 04:20:25.557102"
"S25U","INFER_S25U_VEH_ROOF_20260921_180355.mp4",180,"2026-09-21 18:03:58.012362","VEH_017","motorcycle","UNK","UNK","UNK","gray","0.00","UNK","2026-09-22 04:20:25.557102","2026-09-22 04:20:25.557102"
"S25U","INFER_S25U_VEH_ROOF_20260921_180355.mp4",180,"2026-09-21 18:03:58.012362","VEH_018","motorcycle","UNK","UNK","UNK","gray","0.00","UNK","2026-09-22 04:20:25.557102","2026-09-22 04:20:25.557102"
"S25U","INFER_S25U_VEH_ROOF_20260921_180355.mp4",180,"2026-09-21 18:03:58.012362","VEH_019","motorcycle","UNK","UNK","UNK","UNK","0.00","UNK","2026-09-22 04:20:25.557102","2026-09-22 04:20:25.557102"
"S25U","INFER_S25U_VEH_ROOF_20260921_180355.mp4",180,"2026-09-21 18:03:58.012362","VEH_020","motorcycle","UNK","UNK","UNK","gray","0.00","UNK","2026-09-22 04:20:25.557102","2026-09-22 04:20:25.557102"
"S25U","INFER_S25U_VEH_ROOF_20260921_180355.mp4",180,"2026-09-21 18:03:58.012362","VEH_021","motorcycle","UNK","UNK","UNK","gray","0.00","UNK","2026-09-22 04:20:25.557102","2026-09-22 04:20:25.557102"
"S25U","INFER_S25U_VEH_ROOF_20260921_180355.mp4",180,"2026-09-21 18:03:58.012362","VEH_022","motorcycle","UNK","UNK","UNK","gray","0.00","UNK","2026-09-22 04:20:25.557102","2026-09-22 04:20:25.557102"
"S25U","INFER_S25U_VEH_ROOF_20260921_180355.mp4",180,"2026-09-21 18:03:58.012362","VEH_023","motorcycle","UNK","UNK","UNK","gray","0.00","UNK","2026-09-22 04:20:25.557102","2026-09-22 04:20:25.557102"
"S25U","INFER_S25U_VEH_ROOF_20260921_180355.mp4",180,"2026-09-21 18:03:58.012362","VEH_024","motorcycle","UNK","UNK","UNK","gray","0.00","UNK","2026-09-22 04:20:25.557102","2026-09-22 04:20:25.557102"
"S25U","INFER_S25U_VEH_ROOF_20260921_180355.mp4",180,"2026-09-21 18:03:58.012362","VEH_025","motorcycle","UNK","UNK","UNK","gray","0.00","UNK","2026-09-22 04:20:25.557102","2026-09-22 04:20:25.557102"
"S25U","INFER_S25U_VEH_ROOF_20260921_180355.mp4",180,"2026-09-21 18:03:58.012362","VEH_026","motorcycle","UNK","UNK","UNK","gray","0.00","UNK","2026-09-22 04:20:25.557102","2026-09-22 04:20:25.557102"
"S25U","INFER_S25U_VEH_ROOF_20260921_180355.mp4",180,"2026-09-21 18:03:58.012362","VEH_027","motorcycle","UNK","UNK","UNK","black","0.00","UNK","2026-09-22 04:20:25.557102","2026-09-22 04:20:25.557102"
"S25U","INFER_S25U_VEH_ROOF_20260921_180355.mp4",180,"2026-09-21 18:03:58.012362","VEH_028","motorcycle","UNK","UNK","UNK","black","0.00","UNK","2026-09-22 04:20:25.557102","2026-09-22 04:20:25.557102"
"S25U","INFER_S25U_VEH_ROOF_20260921_180355.mp4",180,"2026-09-21 18:03:58.012362","VEH_029","motorcycle","UNK","UNK","UNK","UNK","0.00","UNK","2026-09-22 04:20:25.557102","2026-09-22 04:20:25.557102"
"S25U","INFER_S25U_VEH_ROOF_20260921_180355.mp4",180,"2026-09-21 18:03:58.012362","VEH_030","motorcycle","UNK","UNK","UNK","UNK","0.00","UNK","2026-09-22 04:20:25.557102","2026-09-22 04:20:25.557102"
"S25U","INFER_S25U_VEH_ROOF_20260921_180355.mp4",180,"2026-09-21 18:03:58.012362","VEH_031","motorcycle","UNK","UNK","UNK","gray","0.00","UNK","2026-09-22 04:20:25.557102","2026-09-22 04:20:25.557102"
"S25U","INFER_S25U_VEH_ROOF_20260921_180355.mp4",180,"2026-09-21 18:03:58.012362","VEH_032","motorcycle","UNK","UNK","UNK","gray","0.00","UNK","2026-09-22 04:20:25.557102","2026-09-22 04:20:25.557102"
"S25U","INFER_S25U_VEH_ROOF_20260921_180355.mp4",180,"2026-09-21 18:03:58.012362","VEH_033","bus","UNK","UNK","UNK","gray","0.00","UNK","2026-09-22 04:20:25.557102","2026-09-22 04:20:25.557102"
"S25U","INFER_S25U_VEH_ROOF_20260921_180355.mp4",180,"2026-09-21 18:03:58.012362","VEH_034","motorcycle","UNK","UNK","UNK","gray","0.00","UNK","2026-09-22 04:20:25.557102","2026-09-22 04:20:25.557102"
"S25U","INFER_S25U_VEH_ROOF_20260921_180355.mp4",180,"2026-09-21 18:03:58.012362","VEH_035","motorcycle","UNK","UNK","UNK","black","0.00","UNK","2026-09-22 04:20:25.557102","2026-09-22 04:20:25.557102"
"S25U","INFER_S25U_VEH_ROOF_20260921_180355.mp4",180,"2026-09-21 18:03:58.012362","VEH_036","motorcycle","UNK","UNK","UNK","UNK","0.00","UNK","2026-09-22 04:20:25.557102","2026-09-22 04:20:25.557102"
"S25U","INFER_S25U_VEH_ROOF_20260921_180355.mp4",180,"2026-09-21 18:03:58.012362","VEH_037","motorcycle","UNK","UNK","UNK","UNK","0.00","UNK","2026-09-22 04:20:25.557102","2026-09-22 04:20:25.557102"
"S25U","INFER_S25U_VEH_ROOF_20260921_180355.mp4",180,"2026-09-21 18:03:58.012362","VEH_038","motorcycle","UNK","UNK","UNK","black","0.00","UNK","2026-09-22 04:20:25.557102","2026-09-22 04:20:25.557102"
"S25U","INFER_S25U_VEH_ROOF_20260921_180355.mp4",180,"2026-09-21 18:03:58.012362","VEH_039","motorcycle","UNK","UNK","UNK","black","0.00","UNK","2026-09-22 04:20:25.557102","2026-09-22 04:20:25.557102"
"S25U","INFER_S25U_VEH_ROOF_20260921_180355.mp4",180,"2026-09-21 18:03:58.012362","VEH_040","motorcycle","UNK","UNK","UNK","black","0.00","UNK","2026-09-22 04:20:25.557102","2026-09-22 04:20:25.557102"
"S25U","INFER_S25U_VEH_ROOF_20260921_180355.mp4",180,"2026-09-21 18:03:58.012362","VEH_041","motorcycle","UNK","UNK","UNK","UNK","0.00","UNK","2026-09-22 04:20:25.557102","2026-09-22 04:20:25.557102"
"S25U","INFER_S25U_VEH_ROOF_20260921_180355.mp4",190,"2026-09-21 18:03:58.179716","VEH_001","motorcycle","UNK","UNK","UNK","gray","0.00","UNK","2026-09-22 04:20:28.15527","2026-09-22 04:20:28.15527"
"S25U","INFER_S25U_VEH_ROOF_20260921_180355.mp4",190,"2026-09-21 18:03:58.179716","VEH_002","motorcycle","UNK","UNK","UNK","gray","0.00","UNK","2026-09-22 04:20:28.15527","2026-09-22 04:20:28.15527"
"S25U","INFER_S25U_VEH_ROOF_20260921_180355.mp4",190,"2026-09-21 18:03:58.179716","VEH_003","motorcycle","UNK","UNK","UNK","black","0.00","UNK","2026-09-22 04:20:28.15527","2026-09-22 04:20:28.15527"
"S25U","INFER_S25U_VEH_ROOF_20260921_180355.mp4",190,"2026-09-21 18:03:58.179716","VEH_004","motorcycle","UNK","UNK","UNK","UNK","0.00","UNK","2026-09-22 04:20:28.15527","2026-09-22 04:20:28.15527"
"S25U","INFER_S25U_VEH_ROOF_20260921_180355.mp4",190,"2026-09-21 18:03:58.179716","VEH_005","motorcycle","UNK","UNK","UNK","UNK","0.00","UNK","2026-09-22 04:20:28.15527","2026-09-22 04:20:28.15527"
"S25U","INFER_S25U_VEH_ROOF_20260921_180355.mp4",190,"2026-09-21 18:03:58.179716","VEH_006","motorcycle","UNK","UNK","UNK","gray","0.00","UNK","2026-09-22 04:20:28.15527","2026-09-22 04:20:28.15527"
"S25U","INFER_S25U_VEH_ROOF_20260921_180355.mp4",190,"2026-09-21 18:03:58.179716","VEH_007","motorcycle","UNK","UNK","UNK","gray","0.00","UNK","2026-09-22 04:20:28.15527","2026-09-22 04:20:28.15527"
"S25U","INFER_S25U_VEH_ROOF_20260921_180355.mp4",190,"2026-09-21 18:03:58.179716","VEH_008","motorcycle","UNK","UNK","UNK","gray","0.00","UNK","2026-09-22 04:20:28.15527","2026-09-22 04:20:28.15527"
"S25U","INFER_S25U_VEH_ROOF_20260921_180355.mp4",190,"2026-09-21 18:03:58.179716","VEH_009","motorcycle","UNK","UNK","UNK","gray","0.00","UNK","2026-09-22 04:20:28.15527","2026-09-22 04:20:28.15527"
"S25U","INFER_S25U_VEH_ROOF_20260921_180355.mp4",190,"2026-09-21 18:03:58.179716","VEH_010","motorcycle","UNK","UNK","UNK","gray","0.00","UNK","2026-09-22 04:20:28.15527","2026-09-22 04:20:28.15527"
"S25U","INFER_S25U_VEH_ROOF_20260921_180355.mp4",190,"2026-09-21 18:03:58.179716","VEH_011","motorcycle","UNK","UNK","UNK","gray","0.00","UNK","2026-09-22 04:20:28.15527","2026-09-22 04:20:28.15527"
"S25U","INFER_S25U_VEH_ROOF_20260921_180355.mp4",190,"2026-09-21 18:03:58.179716","VEH_012","motorcycle","UNK","UNK","UNK","gray","0.00","UNK","2026-09-22 04:20:28.15527","2026-09-22 04:20:28.15527"
"S25U","INFER_S25U_VEH_ROOF_20260921_180355.mp4",190,"2026-09-21 18:03:58.179716","VEH_013","motorcycle","UNK","UNK","UNK","gray","0.00","UNK","2026-09-22 04:20:28.15527","2026-09-22 04:20:28.15527"
"S25U","INFER_S25U_VEH_ROOF_20260921_180355.mp4",190,"2026-09-21 18:03:58.179716","VEH_014","motorcycle","UNK","UNK","UNK","gray","0.00","UNK","2026-09-22 04:20:28.15527","2026-09-22 04:20:28.15527"
"S25U","INFER_S25U_VEH_ROOF_20260921_180355.mp4",190,"2026-09-21 18:03:58.179716","VEH_015","motorcycle","UNK","UNK","UNK","gray","0.00","UNK","2026-09-22 04:20:28.15527","2026-09-22 04:20:28.15527"
"S25U","INFER_S25U_VEH_ROOF_20260921_180355.mp4",190,"2026-09-21 18:03:58.179716","VEH_016","motorcycle","UNK","UNK","UNK","gray","0.00","UNK","2026-09-22 04:20:28.15527","2026-09-22 04:20:28.15527"
"S25U","INFER_S25U_VEH_ROOF_20260921_180355.mp4",190,"2026-09-21 18:03:58.179716","VEH_017","motorcycle","UNK","UNK","UNK","gray","0.00","UNK","2026-09-22 04:20:28.15527","2026-09-22 04:20:28.15527"
"S25U","INFER_S25U_VEH_ROOF_20260921_180355.mp4",190,"2026-09-21 18:03:58.179716","VEH_018","motorcycle","UNK","UNK","UNK","black","0.00","UNK","2026-09-22 04:20:28.15527","2026-09-22 04:20:28.15527"
"S25U","INFER_S25U_VEH_ROOF_20260921_180355.mp4",190,"2026-09-21 18:03:58.179716","VEH_019","motorcycle","UNK","UNK","UNK","gray","0.00","UNK","2026-09-22 04:20:28.15527","2026-09-22 04:20:28.15527"
"S25U","INFER_S25U_VEH_ROOF_20260921_180355.mp4",190,"2026-09-21 18:03:58.179716","VEH_020","motorcycle","UNK","UNK","UNK","gray","0.00","UNK","2026-09-22 04:20:28.15527","2026-09-22 04:20:28.15527"
"S25U","INFER_S25U_VEH_ROOF_20260921_180355.mp4",190,"2026-09-21 18:03:58.179716","VEH_021","motorcycle","UNK","UNK","UNK","UNK","0.00","UNK","2026-09-22 04:20:28.15527","2026-09-22 04:20:28.15527"
"S25U","INFER_S25U_VEH_ROOF_20260921_180355.mp4",190,"2026-09-21 18:03:58.179716","VEH_022","motorcycle","UNK","UNK","UNK","UNK","0.00","UNK","2026-09-22 04:20:28.15527","2026-09-22 04:20:28.15527"
"S25U","INFER_S25U_VEH_ROOF_20260921_180355.mp4",190,"2026-09-21 18:03:58.179716","VEH_023","motorcycle","UNK","UNK","UNK","gray","0.00","UNK","2026-09-22 04:20:28.15527","2026-09-22 04:20:28.15527"
"S25U","INFER_S25U_VEH_ROOF_20260921_180355.mp4",190,"2026-09-21 18:03:58.179716","VEH_024","motorcycle","UNK","UNK","UNK","gray","0.00","UNK","2026-09-22 04:20:28.15527","2026-09-22 04:20:28.15527"
"S25U","INFER_S25U_VEH_ROOF_20260921_180355.mp4",190,"2026-09-21 18:03:58.179716","VEH_025","motorcycle","UNK","UNK","UNK","gray","0.00","UNK","2026-09-22 04:20:28.15527","2026-09-22 04:20:28.15527"
"S25U","INFER_S25U_VEH_ROOF_20260921_180355.mp4",190,"2026-09-21 18:03:58.179716","VEH_026","motorcycle","UNK","UNK","UNK","gray","0.00","UNK","2026-09-22 04:20:28.15527","2026-09-22 04:20:28.15527"
"S25U","INFER_S25U_VEH_ROOF_20260921_180355.mp4",190,"2026-09-21 18:03:58.179716","VEH_027","motorcycle","UNK","UNK","UNK","gray","0.00","UNK","2026-09-22 04:20:28.15527","2026-09-22 04:20:28.15527"
"S25U","INFER_S25U_VEH_ROOF_20260921_180355.mp4",190,"2026-09-21 18:03:58.179716","VEH_028","motorcycle","UNK","UNK","UNK","gray","0.00","UNK","2026-09-22 04:20:28.15527","2026-09-22 04:20:28.15527"
"S25U","INFER_S25U_VEH_ROOF_20260921_180355.mp4",190,"2026-09-21 18:03:58.179716","VEH_029","motorcycle","UNK","UNK","UNK","gray","0.00","UNK","2026-09-22 04:20:28.15527","2026-09-22 04:20:28.15527"
"S25U","INFER_S25U_VEH_ROOF_20260921_180355.mp4",190,"2026-09-21 18:03:58.179716","VEH_030","motorcycle","UNK","UNK","UNK","gray","0.00","UNK","2026-09-22 04:20:28.15527","2026-09-22 04:20:28.15527"
"S25U","INFER_S25U_VEH_ROOF_20260921_180355.mp4",190,"2026-09-21 18:03:58.179716","VEH_031","motorcycle","UNK","UNK","UNK","gray","0.00","UNK","2026-09-22 04:20:28.15527","2026-09-22 04:20:28.15527"
"S25U","INFER_S25U_VEH_ROOF_20260921_180355.mp4",190,"2026-09-21 18:03:58.179716","VEH_032","motorcycle","UNK","UNK","UNK","gray","0.00","UNK","2026-09-22 04:20:28.15527","2026-09-22 04:20:28.15527"
"S25U","INFER_S25U_VEH_ROOF_20260921_180355.mp4",190,"2026-09-21 18:03:58.179716","VEH_033","motorcycle","UNK","UNK","UNK","black","0.00","UNK","2026-09-22 04:20:28.15527","2026-09-22 04:20:28.15527"
"S25U","INFER_S25U_VEH_ROOF_20260921_180355.mp4",190,"2026-09-21 18:03:58.179716","VEH_034","motorcycle","UNK","UNK","UNK","UNK","0.00","UNK","2026-09-22 04:20:28.15527","2026-09-22 04:20:28.15527"
"S25U","INFER_S25U_VEH_ROOF_20260921_180355.mp4",190,"2026-09-21 18:03:58.179716","VEH_035","motorcycle","UNK","UNK","UNK","UNK","0.00","UNK","2026-09-22 04:20:28.15527","2026-09-22 04:20:28.15527"
"S25U","INFER_S25U_VEH_ROOF_20260921_180355.mp4",190,"2026-09-21 18:03:58.179716","VEH_036","motorcycle","UNK","UNK","UNK","gray","0.00","UNK","2026-09-22 04:20:28.15527","2026-09-22 04:20:28.15527"
"S25U","INFER_S25U_VEH_ROOF_20260921_180355.mp4",190,"2026-09-21 18:03:58.179716","VEH_037","motorcycle","UNK","UNK","UNK","black","0.00","UNK","2026-09-22 04:20:28.15527","2026-09-22 04:20:28.15527"
"S25U","INFER_S25U_VEH_ROOF_20260921_180355.mp4",190,"2026-09-21 18:03:58.179716","VEH_038","motorcycle","UNK","UNK","UNK","gray","0.00","UNK","2026-09-22 04:20:28.15527","2026-09-22 04:20:28.15527"
"S25U","INFER_S25U_VEH_ROOF_20260921_180355.mp4",190,"2026-09-21 18:03:58.179716","VEH_039","motorcycle","UNK","UNK","UNK","UNK","0.00","UNK","2026-09-22 04:20:28.15527","2026-09-22 04:20:28.15527"
"S25U","INFER_S25U_VEH_ROOF_20260921_180355.mp4",190,"2026-09-21 18:03:58.179716","VEH_040","motorcycle","UNK","UNK","UNK","UNK","0.00","UNK","2026-09-22 04:20:28.15527","2026-09-22 04:20:28.15527"
"S25U","INFER_S25U_VEH_ROOF_20260921_180355.mp4",190,"2026-09-21 18:03:58.179716","VEH_041","bus","UNK","UNK","UNK","gray","0.00","UNK","2026-09-22 04:20:28.15527","2026-09-22 04:20:28.15527"
"S25U","INFER_S25U_VEH_ROOF_20260921_180355.mp4",190,"2026-09-21 18:03:58.179716","VEH_042","motorcycle","UNK","UNK","UNK","gray","0.00","UNK","2026-09-22 04:20:28.15527","2026-09-22 04:20:28.15527"
"S25U","INFER_S25U_VEH_ROOF_20260921_180355.mp4",190,"2026-09-21 18:03:58.179716","VEH_043","motorcycle","UNK","UNK","UNK","black","0.00","UNK","2026-09-22 04:20:28.15527","2026-09-22 04:20:28.15527"
"S25U","INFER_S25U_VEH_ROOF_20260921_180355.mp4",190,"2026-09-21 18:03:58.179716","VEH_044","motorcycle","UNK","UNK","UNK","black","0.00","UNK","2026-09-22 04:20:28.15527","2026-09-22 04:20:28.15527"
"S25U","INFER_S25U_VEH_ROOF_20260921_180355.mp4",190,"2026-09-21 18:03:58.179716","VEH_045","motorcycle","UNK","UNK","UNK","gray","0.00","UNK","2026-09-22 04:20:28.15527","2026-09-22 04:20:28.15527"
"S25U","INFER_S25U_VEH_ROOF_20260921_180355.mp4",190,"2026-09-21 18:03:58.179716","VEH_046","motorcycle","UNK","UNK","UNK","gray","0.00","UNK","2026-09-22 04:20:28.15527","2026-09-22 04:20:28.15527"
"S25U","INFER_S25U_VEH_ROOF_20260921_180355.mp4",190,"2026-09-21 18:03:58.179716","VEH_047","motorcycle","UNK","UNK","UNK","gray","0.00","UNK","2026-09-22 04:20:28.15527","2026-09-22 04:20:28.15527"
"S25U","INFER_S25U_VEH_ROOF_20260921_180355.mp4",190,"2026-09-21 18:03:58.179716","VEH_048","motorcycle","UNK","UNK","UNK","gray","0.00","UNK","2026-09-22 04:20:28.15527","2026-09-22 04:20:28.15527"
"S25U","INFER_S25U_VEH_ROOF_20260921_180355.mp4",190,"2026-09-21 18:03:58.179716","VEH_049","bus","UNK","UNK","UNK","black","0.00","UNK","2026-09-22 04:20:28.15527","2026-09-22 04:20:28.15527"
"S25U","INFER_S25U_VEH_ROOF_20260921_180355.mp4",190,"2026-09-21 18:03:58.179716","VEH_050","motorcycle","UNK","UNK","UNK","black","0.00","UNK","2026-09-22 04:20:28.15527","2026-09-22 04:20:28.15527"
"S25U","INFER_S25U_VEH_ROOF_20260921_180355.mp4",200,"2026-09-21 18:03:58.347069","VEH_001","motorcycle","UNK","UNK","UNK","gray","0.00","UNK","2026-09-22 04:20:30.323515","2026-09-22 04:20:30.323515"
"S25U","INFER_S25U_VEH_ROOF_20260921_180355.mp4",200,"2026-09-21 18:03:58.347069","VEH_002","motorcycle","UNK","UNK","UNK","gray","0.00","UNK","2026-09-22 04:20:30.323515","2026-09-22 04:20:30.323515"
"S25U","INFER_S25U_VEH_ROOF_20260921_180355.mp4",200,"2026-09-21 18:03:58.347069","VEH_003","motorcycle","UNK","UNK","UNK","black","0.00","UNK","2026-09-22 04:20:30.323515","2026-09-22 04:20:30.323515"
"S25U","INFER_S25U_VEH_ROOF_20260921_180355.mp4",200,"2026-09-21 18:03:58.347069","VEH_004","motorcycle","UNK","UNK","UNK","black","0.00","UNK","2026-09-22 04:20:30.323515","2026-09-22 04:20:30.323515"
"S25U","INFER_S25U_VEH_ROOF_20260921_180355.mp4",200,"2026-09-21 18:03:58.347069","VEH_005","motorcycle","UNK","UNK","UNK","gray","0.00","UNK","2026-09-22 04:20:30.323515","2026-09-22 04:20:30.323515"
"S25U","INFER_S25U_VEH_ROOF_20260921_180355.mp4",200,"2026-09-21 18:03:58.347069","VEH_006","motorcycle","UNK","UNK","UNK","gray","0.00","UNK","2026-09-22 04:20:30.323515","2026-09-22 04:20:30.323515"
"S25U","INFER_S25U_VEH_ROOF_20260921_180355.mp4",200,"2026-09-21 18:03:58.347069","VEH_007","motorcycle","UNK","UNK","UNK","gray","0.00","UNK","2026-09-22 04:20:30.323515","2026-09-22 04:20:30.323515"
"S25U","INFER_S25U_VEH_ROOF_20260921_180355.mp4",200,"2026-09-21 18:03:58.347069","VEH_008","motorcycle","UNK","UNK","UNK","gray","0.00","UNK","2026-09-22 04:20:30.323515","2026-09-22 04:20:30.323515"
"S25U","INFER_S25U_VEH_ROOF_20260921_180355.mp4",200,"2026-09-21 18:03:58.347069","VEH_009","motorcycle","UNK","UNK","UNK","gray","0.00","UNK","2026-09-22 04:20:30.323515","2026-09-22 04:20:30.323515"
"S25U","INFER_S25U_VEH_ROOF_20260921_180355.mp4",200,"2026-09-21 18:03:58.347069","VEH_010","motorcycle","UNK","UNK","UNK","black","0.00","UNK","2026-09-22 04:20:30.323515","2026-09-22 04:20:30.323515"
"S25U","INFER_S25U_VEH_ROOF_20260921_180355.mp4",200,"2026-09-21 18:03:58.347069","VEH_011","motorcycle","UNK","UNK","UNK","gray","0.00","UNK","2026-09-22 04:20:30.323515","2026-09-22 04:20:30.323515"
"S25U","INFER_S25U_VEH_ROOF_20260921_180355.mp4",200,"2026-09-21 18:03:58.347069","VEH_012","motorcycle","UNK","UNK","UNK","gray","0.00","UNK","2026-09-22 04:20:30.323515","2026-09-22 04:20:30.323515"
"S25U","INFER_S25U_VEH_ROOF_20260921_180355.mp4",200,"2026-09-21 18:03:58.347069","VEH_013","motorcycle","UNK","UNK","UNK","gray","0.00","UNK","2026-09-22 04:20:30.323515","2026-09-22 04:20:30.323515"
"S25U","INFER_S25U_VEH_ROOF_20260921_180355.mp4",200,"2026-09-21 18:03:58.347069","VEH_014","motorcycle","UNK","UNK","UNK","gray","0.00","UNK","2026-09-22 04:20:30.323515","2026-09-22 04:20:30.323515"
"S25U","INFER_S25U_VEH_ROOF_20260921_180355.mp4",200,"2026-09-21 18:03:58.347069","VEH_015","motorcycle","UNK","UNK","UNK","gray","0.00","UNK","2026-09-22 04:20:30.323515","2026-09-22 04:20:30.323515"
"S25U","INFER_S25U_VEH_ROOF_20260921_180355.mp4",200,"2026-09-21 18:03:58.347069","VEH_016","motorcycle","UNK","UNK","UNK","gray","0.00","UNK","2026-09-22 04:20:30.323515","2026-09-22 04:20:30.323515"
"S25U","INFER_S25U_VEH_ROOF_20260921_180355.mp4",200,"2026-09-21 18:03:58.347069","VEH_017","motorcycle","UNK","UNK","UNK","gray","0.00","UNK","2026-09-22 04:20:30.323515","2026-09-22 04:20:30.323515"
"S25U","INFER_S25U_VEH_ROOF_20260921_180355.mp4",200,"2026-09-21 18:03:58.347069","VEH_018","motorcycle","UNK","UNK","UNK","black","0.00","UNK","2026-09-22 04:20:30.323515","2026-09-22 04:20:30.323515"
"S25U","INFER_S25U_VEH_ROOF_20260921_180355.mp4",200,"2026-09-21 18:03:58.347069","VEH_019","motorcycle","UNK","UNK","UNK","gray","0.00","UNK","2026-09-22 04:20:30.323515","2026-09-22 04:20:30.323515"
"S25U","INFER_S25U_VEH_ROOF_20260921_180355.mp4",200,"2026-09-21 18:03:58.347069","VEH_020","motorcycle","UNK","UNK","UNK","UNK","0.00","UNK","2026-09-22 04:20:30.323515","2026-09-22 04:20:30.323515"
"S25U","INFER_S25U_VEH_ROOF_20260921_180355.mp4",200,"2026-09-21 18:03:58.347069","VEH_021","motorcycle","UNK","UNK","UNK","UNK","0.00","UNK","2026-09-22 04:20:30.323515","2026-09-22 04:20:30.323515"
"S25U","INFER_S25U_VEH_ROOF_20260921_180355.mp4",200,"2026-09-21 18:03:58.347069","VEH_022","motorcycle","UNK","UNK","UNK","gray","0.00","UNK","2026-09-22 04:20:30.323515","2026-09-22 04:20:30.323515"
"S25U","INFER_S25U_VEH_ROOF_20260921_180355.mp4",200,"2026-09-21 18:03:58.347069","VEH_023","motorcycle","UNK","UNK","UNK","gray","0.00","UNK","2026-09-22 04:20:30.323515","2026-09-22 04:20:30.323515"
"S25U","INFER_S25U_VEH_ROOF_20260921_180355.mp4",200,"2026-09-21 18:03:58.347069","VEH_024","motorcycle","UNK","UNK","UNK","gray","0.00","UNK","2026-09-22 04:20:30.323515","2026-09-22 04:20:30.323515"
"S25U","INFER_S25U_VEH_ROOF_20260921_180355.mp4",200,"2026-09-21 18:03:58.347069","VEH_025","motorcycle","UNK","UNK","UNK","gray","0.00","UNK","2026-09-22 04:20:30.323515","2026-09-22 04:20:30.323515"
"S25U","INFER_S25U_VEH_ROOF_20260921_180355.mp4",200,"2026-09-21 18:03:58.347069","VEH_026","motorcycle","UNK","UNK","UNK","gray","0.00","UNK","2026-09-22 04:20:30.323515","2026-09-22 04:20:30.323515"
"S25U","INFER_S25U_VEH_ROOF_20260921_180355.mp4",200,"2026-09-21 18:03:58.347069","VEH_027","motorcycle","UNK","UNK","UNK","gray","0.00","UNK","2026-09-22 04:20:30.323515","2026-09-22 04:20:30.323515"
"S25U","INFER_S25U_VEH_ROOF_20260921_180355.mp4",200,"2026-09-21 18:03:58.347069","VEH_028","motorcycle","UNK","UNK","UNK","black","0.00","UNK","2026-09-22 04:20:30.323515","2026-09-22 04:20:30.323515"
"S25U","INFER_S25U_VEH_ROOF_20260921_180355.mp4",200,"2026-09-21 18:03:58.347069","VEH_029","motorcycle","UNK","UNK","UNK","UNK","0.00","UNK","2026-09-22 04:20:30.323515","2026-09-22 04:20:30.323515"
"S25U","INFER_S25U_VEH_ROOF_20260921_180355.mp4",200,"2026-09-21 18:03:58.347069","VEH_030","motorcycle","UNK","UNK","UNK","UNK","0.00","UNK","2026-09-22 04:20:30.323515","2026-09-22 04:20:30.323515"
"S25U","INFER_S25U_VEH_ROOF_20260921_180355.mp4",200,"2026-09-21 18:03:58.347069","VEH_031","motorcycle","UNK","UNK","UNK","gray","0.00","UNK","2026-09-22 04:20:30.323515","2026-09-22 04:20:30.323515"
"S25U","INFER_S25U_VEH_ROOF_20260921_180355.mp4",200,"2026-09-21 18:03:58.347069","VEH_032","bus","UNK","UNK","UNK","gray","0.00","UNK","2026-09-22 04:20:30.323515","2026-09-22 04:20:30.323515"
"S25U","INFER_S25U_VEH_ROOF_20260921_180355.mp4",200,"2026-09-21 18:03:58.347069","VEH_033","motorcycle","UNK","UNK","UNK","black","0.00","UNK","2026-09-22 04:20:30.323515","2026-09-22 04:20:30.323515"
"S25U","INFER_S25U_VEH_ROOF_20260921_180355.mp4",200,"2026-09-21 18:03:58.347069","VEH_034","motorcycle","UNK","UNK","UNK","gray","0.00","UNK","2026-09-22 04:20:30.323515","2026-09-22 04:20:30.323515"
"S25U","INFER_S25U_VEH_ROOF_20260921_180355.mp4",200,"2026-09-21 18:03:58.347069","VEH_035","motorcycle","UNK","UNK","UNK","gray","0.00","UNK","2026-09-22 04:20:30.323515","2026-09-22 04:20:30.323515"
"S25U","INFER_S25U_VEH_ROOF_20260921_180355.mp4",200,"2026-09-21 18:03:58.347069","VEH_036","motorcycle","UNK","UNK","UNK","UNK","0.00","UNK","2026-09-22 04:20:30.323515","2026-09-22 04:20:30.323515"
"S25U","INFER_S25U_VEH_ROOF_20260921_180355.mp4",200,"2026-09-21 18:03:58.347069","VEH_037","motorcycle","UNK","UNK","UNK","UNK","0.00","UNK","2026-09-22 04:20:30.323515","2026-09-22 04:20:30.323515"
"S25U","INFER_S25U_VEH_ROOF_20260921_180355.mp4",200,"2026-09-21 18:03:58.347069","VEH_038","motorcycle","UNK","UNK","UNK","gray","0.00","UNK","2026-09-22 04:20:30.323515","2026-09-22 04:20:30.323515"
"S25U","INFER_S25U_VEH_ROOF_20260921_180355.mp4",200,"2026-09-21 18:03:58.347069","VEH_039","motorcycle","UNK","UNK","UNK","gray","0.00","UNK","2026-09-22 04:20:30.323515","2026-09-22 04:20:30.323515"
"S25U","INFER_S25U_VEH_ROOF_20260921_180355.mp4",200,"2026-09-21 18:03:58.347069","VEH_040","motorcycle","UNK","UNK","UNK","UNK","0.00","UNK","2026-09-22 04:20:30.323515","2026-09-22 04:20:30.323515"
"S25U","INFER_S25U_VEH_ROOF_20260921_180355.mp4",200,"2026-09-21 18:03:58.347069","VEH_041","bus","UNK","UNK","UNK","gray","0.00","UNK","2026-09-22 04:20:30.323515","2026-09-22 04:20:30.323515"
"S25U","INFER_S25U_VEH_ROOF_20260921_180355.mp4",200,"2026-09-21 18:03:58.347069","VEH_042","motorcycle","UNK","UNK","UNK","gray","0.00","UNK","2026-09-22 04:20:30.323515","2026-09-22 04:20:30.323515"
"S25U","INFER_S25U_VEH_ROOF_20260921_180355.mp4",200,"2026-09-21 18:03:58.347069","VEH_043","bus","UNK","UNK","UNK","black","0.00","UNK","2026-09-22 04:20:30.323515","2026-09-22 04:20:30.323515"
"S25U","INFER_S25U_VEH_ROOF_20260921_180355.mp4",210,"2026-09-21 18:03:58.514423","VEH_001","motorcycle","UNK","UNK","UNK","gray","0.00","UNK","2026-09-22 04:20:32.503906","2026-09-22 04:20:32.503906"
"S25U","INFER_S25U_VEH_ROOF_20260921_180355.mp4",210,"2026-09-21 18:03:58.514423","VEH_002","motorcycle","UNK","UNK","UNK","gray","0.00","UNK","2026-09-22 04:20:32.503906","2026-09-22 04:20:32.503906"
"S25U","INFER_S25U_VEH_ROOF_20260921_180355.mp4",210,"2026-09-21 18:03:58.514423","VEH_003","motorcycle","UNK","UNK","UNK","gray","0.00","UNK","2026-09-22 04:20:32.503906","2026-09-22 04:20:32.503906"
"S25U","INFER_S25U_VEH_ROOF_20260921_180355.mp4",210,"2026-09-21 18:03:58.514423","VEH_004","motorcycle","UNK","UNK","UNK","gray","0.00","UNK","2026-09-22 04:20:32.503906","2026-09-22 04:20:32.503906"
"S25U","INFER_S25U_VEH_ROOF_20260921_180355.mp4",210,"2026-09-21 18:03:58.514423","VEH_005","motorcycle","UNK","UNK","UNK","black","0.00","UNK","2026-09-22 04:20:32.503906","2026-09-22 04:20:32.503906"
"S25U","INFER_S25U_VEH_ROOF_20260921_180355.mp4",210,"2026-09-21 18:03:58.514423","VEH_006","motorcycle","UNK","UNK","UNK","gray","0.00","UNK","2026-09-22 04:20:32.503906","2026-09-22 04:20:32.503906"
"S25U","INFER_S25U_VEH_ROOF_20260921_180355.mp4",210,"2026-09-21 18:03:58.514423","VEH_007","motorcycle","UNK","UNK","UNK","UNK","0.00","UNK","2026-09-22 04:20:32.503906","2026-09-22 04:20:32.503906"
"S25U","INFER_S25U_VEH_ROOF_20260921_180355.mp4",210,"2026-09-21 18:03:58.514423","VEH_008","motorcycle","UNK","UNK","UNK","gray","0.00","UNK","2026-09-22 04:20:32.503906","2026-09-22 04:20:32.503906"
"S25U","INFER_S25U_VEH_ROOF_20260921_180355.mp4",210,"2026-09-21 18:03:58.514423","VEH_009","motorcycle","UNK","UNK","UNK","gray","0.00","UNK","2026-09-22 04:20:32.503906","2026-09-22 04:20:32.503906"
"S25U","INFER_S25U_VEH_ROOF_20260921_180355.mp4",210,"2026-09-21 18:03:58.514423","VEH_010","motorcycle","UNK","UNK","UNK","gray","0.00","UNK","2026-09-22 04:20:32.503906","2026-09-22 04:20:32.503906"
"S25U","INFER_S25U_VEH_ROOF_20260921_180355.mp4",210,"2026-09-21 18:03:58.514423","VEH_011","motorcycle","UNK","UNK","UNK","gray","0.00","UNK","2026-09-22 04:20:32.503906","2026-09-22 04:20:32.503906"
"S25U","INFER_S25U_VEH_ROOF_20260921_180355.mp4",210,"2026-09-21 18:03:58.514423","VEH_012","motorcycle","UNK","UNK","UNK","gray","0.00","UNK","2026-09-22 04:20:32.503906","2026-09-22 04:20:32.503906"
"S25U","INFER_S25U_VEH_ROOF_20260921_180355.mp4",210,"2026-09-21 18:03:58.514423","VEH_013","motorcycle","UNK","UNK","UNK","gray","0.00","UNK","2026-09-22 04:20:32.503906","2026-09-22 04:20:32.503906"
"S25U","INFER_S25U_VEH_ROOF_20260921_180355.mp4",210,"2026-09-21 18:03:58.514423","VEH_014","motorcycle","UNK","UNK","UNK","black","0.00","UNK","2026-09-22 04:20:32.503906","2026-09-22 04:20:32.503906"
"S25U","INFER_S25U_VEH_ROOF_20260921_180355.mp4",210,"2026-09-21 18:03:58.514423","VEH_015","motorcycle","UNK","UNK","UNK","gray","0.00","UNK","2026-09-22 04:20:32.503906","2026-09-22 04:20:32.503906"
"S25U","INFER_S25U_VEH_ROOF_20260921_180355.mp4",210,"2026-09-21 18:03:58.514423","VEH_016","motorcycle","UNK","UNK","UNK","gray","0.00","UNK","2026-09-22 04:20:32.503906","2026-09-22 04:20:32.503906"
"S25U","INFER_S25U_VEH_ROOF_20260921_180355.mp4",210,"2026-09-21 18:03:58.514423","VEH_017","motorcycle","UNK","UNK","UNK","gray","0.00","UNK","2026-09-22 04:20:32.503906","2026-09-22 04:20:32.503906"
"S25U","INFER_S25U_VEH_ROOF_20260921_180355.mp4",210,"2026-09-21 18:03:58.514423","VEH_018","motorcycle","UNK","UNK","UNK","gray","0.00","UNK","2026-09-22 04:20:32.503906","2026-09-22 04:20:32.503906"
"S25U","INFER_S25U_VEH_ROOF_20260921_180355.mp4",210,"2026-09-21 18:03:58.514423","VEH_019","motorcycle","UNK","UNK","UNK","gray","0.00","UNK","2026-09-22 04:20:32.503906","2026-09-22 04:20:32.503906"
"S25U","INFER_S25U_VEH_ROOF_20260921_180355.mp4",210,"2026-09-21 18:03:58.514423","VEH_020","motorcycle","UNK","UNK","UNK","black","0.00","UNK","2026-09-22 04:20:32.503906","2026-09-22 04:20:32.503906"
"S25U","INFER_S25U_VEH_ROOF_20260921_180355.mp4",210,"2026-09-21 18:03:58.514423","VEH_021","motorcycle","UNK","UNK","UNK","gray","0.00","UNK","2026-09-22 04:20:32.503906","2026-09-22 04:20:32.503906"
"S25U","INFER_S25U_VEH_ROOF_20260921_180355.mp4",210,"2026-09-21 18:03:58.514423","VEH_022","motorcycle","UNK","UNK","UNK","UNK","0.00","UNK","2026-09-22 04:20:32.503906","2026-09-22 04:20:32.503906"
"S25U","INFER_S25U_VEH_ROOF_20260921_180355.mp4",210,"2026-09-21 18:03:58.514423","VEH_023","motorcycle","UNK","UNK","UNK","UNK","0.00","UNK","2026-09-22 04:20:32.503906","2026-09-22 04:20:32.503906"
"S25U","INFER_S25U_VEH_ROOF_20260921_180355.mp4",210,"2026-09-21 18:03:58.514423","VEH_024","motorcycle","UNK","UNK","UNK","gray","0.00","UNK","2026-09-22 04:20:32.503906","2026-09-22 04:20:32.503906"
"S25U","INFER_S25U_VEH_ROOF_20260921_180355.mp4",210,"2026-09-21 18:03:58.514423","VEH_025","motorcycle","UNK","UNK","UNK","gray","0.00","UNK","2026-09-22 04:20:32.503906","2026-09-22 04:20:32.503906"
"S25U","INFER_S25U_VEH_ROOF_20260921_180355.mp4",210,"2026-09-21 18:03:58.514423","VEH_026","motorcycle","UNK","UNK","UNK","gray","0.00","UNK","2026-09-22 04:20:32.503906","2026-09-22 04:20:32.503906"
"S25U","INFER_S25U_VEH_ROOF_20260921_180355.mp4",210,"2026-09-21 18:03:58.514423","VEH_027","motorcycle","UNK","UNK","UNK","gray","0.00","UNK","2026-09-22 04:20:32.503906","2026-09-22 04:20:32.503906"
"S25U","INFER_S25U_VEH_ROOF_20260921_180355.mp4",210,"2026-09-21 18:03:58.514423","VEH_028","motorcycle","UNK","UNK","UNK","gray","0.00","UNK","2026-09-22 04:20:32.503906","2026-09-22 04:20:32.503906"
"S25U","INFER_S25U_VEH_ROOF_20260921_180355.mp4",210,"2026-09-21 18:03:58.514423","VEH_029","motorcycle","UNK","UNK","UNK","gray","0.00","UNK","2026-09-22 04:20:32.503906","2026-09-22 04:20:32.503906"
"S25U","INFER_S25U_VEH_ROOF_20260921_180355.mp4",210,"2026-09-21 18:03:58.514423","VEH_030","motorcycle","UNK","UNK","UNK","gray","0.00","UNK","2026-09-22 04:20:32.503906","2026-09-22 04:20:32.503906"
"S25U","INFER_S25U_VEH_ROOF_20260921_180355.mp4",210,"2026-09-21 18:03:58.514423","VEH_031","motorcycle","UNK","UNK","UNK","black","0.00","UNK","2026-09-22 04:20:32.503906","2026-09-22 04:20:32.503906"
"S25U","INFER_S25U_VEH_ROOF_20260921_180355.mp4",210,"2026-09-21 18:03:58.514423","VEH_032","motorcycle","UNK","UNK","UNK","black","0.00","UNK","2026-09-22 04:20:32.503906","2026-09-22 04:20:32.503906"
"S25U","INFER_S25U_VEH_ROOF_20260921_180355.mp4",210,"2026-09-21 18:03:58.514423","VEH_033","motorcycle","UNK","UNK","UNK","UNK","0.00","UNK","2026-09-22 04:20:32.503906","2026-09-22 04:20:32.503906"
"S25U","INFER_S25U_VEH_ROOF_20260921_180355.mp4",210,"2026-09-21 18:03:58.514423","VEH_034","motorcycle","UNK","UNK","UNK","UNK","0.00","UNK","2026-09-22 04:20:32.503906","2026-09-22 04:20:32.503906"
"S25U","INFER_S25U_VEH_ROOF_20260921_180355.mp4",210,"2026-09-21 18:03:58.514423","VEH_035","motorcycle","UNK","UNK","UNK","UNK","0.00","UNK","2026-09-22 04:20:32.503906","2026-09-22 04:20:32.503906"
"S25U","INFER_S25U_VEH_ROOF_20260921_180355.mp4",210,"2026-09-21 18:03:58.514423","VEH_036","motorcycle","UNK","UNK","UNK","UNK","0.00","UNK","2026-09-22 04:20:32.503906","2026-09-22 04:20:32.503906"
"S25U","INFER_S25U_VEH_ROOF_20260921_180355.mp4",210,"2026-09-21 18:03:58.514423","VEH_037","motorcycle","UNK","UNK","UNK","gray","0.00","UNK","2026-09-22 04:20:32.503906","2026-09-22 04:20:32.503906"
"S25U","INFER_S25U_VEH_ROOF_20260921_180355.mp4",210,"2026-09-21 18:03:58.514423","VEH_038","motorcycle","UNK","UNK","UNK","gray","0.00","UNK","2026-09-22 04:20:32.503906","2026-09-22 04:20:32.503906"
"S25U","INFER_S25U_VEH_ROOF_20260921_180355.mp4",210,"2026-09-21 18:03:58.514423","VEH_039","motorcycle","UNK","UNK","UNK","UNK","0.00","UNK","2026-09-22 04:20:32.503906","2026-09-22 04:20:32.503906"
"S25U","INFER_S25U_VEH_ROOF_20260921_180355.mp4",210,"2026-09-21 18:03:58.514423","VEH_040","motorcycle","UNK","UNK","UNK","gray","0.00","UNK","2026-09-22 04:20:32.503906","2026-09-22 04:20:32.503906"
"S25U","INFER_S25U_VEH_ROOF_20260921_180355.mp4",210,"2026-09-21 18:03:58.514423","VEH_041","bus","UNK","UNK","UNK","gray","0.00","UNK","2026-09-22 04:20:32.503906","2026-09-22 04:20:32.503906"
"S25U","INFER_S25U_VEH_ROOF_20260921_180355.mp4",210,"2026-09-21 18:03:58.514423","VEH_042","motorcycle","UNK","UNK","UNK","UNK","0.00","UNK","2026-09-22 04:20:32.503906","2026-09-22 04:20:32.503906"
"S25U","INFER_S25U_VEH_ROOF_20260921_180355.mp4",210,"2026-09-21 18:03:58.514423","VEH_043","motorcycle","UNK","UNK","UNK","gray","0.00","UNK","2026-09-22 04:20:32.503906","2026-09-22 04:20:32.503906"
"S25U","INFER_S25U_VEH_ROOF_20260921_180355.mp4",210,"2026-09-21 18:03:58.514423","VEH_044","motorcycle","UNK","UNK","UNK","black","0.00","UNK","2026-09-22 04:20:32.503906","2026-09-22 04:20:32.503906"
"S25U","INFER_S25U_VEH_ROOF_20260921_180355.mp4",220,"2026-09-21 18:03:58.681776","VEH_001","motorcycle","UNK","UNK","UNK","black","0.00","UNK","2026-09-22 04:20:34.775975","2026-09-22 04:20:34.775975"
"S25U","INFER_S25U_VEH_ROOF_20260921_180355.mp4",220,"2026-09-21 18:03:58.681776","VEH_002","motorcycle","UNK","UNK","UNK","gray","0.00","UNK","2026-09-22 04:20:34.775975","2026-09-22 04:20:34.775975"
"S25U","INFER_S25U_VEH_ROOF_20260921_180355.mp4",220,"2026-09-21 18:03:58.681776","VEH_003","motorcycle","UNK","UNK","UNK","UNK","0.00","UNK","2026-09-22 04:20:34.775975","2026-09-22 04:20:34.775975"
"S25U","INFER_S25U_VEH_ROOF_20260921_180355.mp4",220,"2026-09-21 18:03:58.681776","VEH_004","motorcycle","UNK","UNK","UNK","gray","0.00","UNK","2026-09-22 04:20:34.775975","2026-09-22 04:20:34.775975"
"S25U","INFER_S25U_VEH_ROOF_20260921_180355.mp4",220,"2026-09-21 18:03:58.681776","VEH_005","motorcycle","UNK","UNK","UNK","gray","0.00","UNK","2026-09-22 04:20:34.775975","2026-09-22 04:20:34.775975"
"S25U","INFER_S25U_VEH_ROOF_20260921_180355.mp4",220,"2026-09-21 18:03:58.681776","VEH_006","motorcycle","UNK","UNK","UNK","gray","0.00","UNK","2026-09-22 04:20:34.775975","2026-09-22 04:20:34.775975"
"S25U","INFER_S25U_VEH_ROOF_20260921_180355.mp4",220,"2026-09-21 18:03:58.681776","VEH_007","motorcycle","UNK","UNK","UNK","gray","0.00","UNK","2026-09-22 04:20:34.775975","2026-09-22 04:20:34.775975"
"S25U","INFER_S25U_VEH_ROOF_20260921_180355.mp4",220,"2026-09-21 18:03:58.681776","VEH_008","motorcycle","UNK","UNK","UNK","gray","0.00","UNK","2026-09-22 04:20:34.775975","2026-09-22 04:20:34.775975"
"S25U","INFER_S25U_VEH_ROOF_20260921_180355.mp4",220,"2026-09-21 18:03:58.681776","VEH_009","motorcycle","UNK","UNK","UNK","gray","0.00","UNK","2026-09-22 04:20:34.775975","2026-09-22 04:20:34.775975"
"S25U","INFER_S25U_VEH_ROOF_20260921_180355.mp4",220,"2026-09-21 18:03:58.681776","VEH_010","motorcycle","UNK","UNK","UNK","gray","0.00","UNK","2026-09-22 04:20:34.775975","2026-09-22 04:20:34.775975"
"S25U","INFER_S25U_VEH_ROOF_20260921_180355.mp4",220,"2026-09-21 18:03:58.681776","VEH_011","motorcycle","UNK","UNK","UNK","black","0.00","UNK","2026-09-22 04:20:34.775975","2026-09-22 04:20:34.775975"
"S25U","INFER_S25U_VEH_ROOF_20260921_180355.mp4",220,"2026-09-21 18:03:58.681776","VEH_012","motorcycle","UNK","UNK","UNK","gray","0.00","UNK","2026-09-22 04:20:34.775975","2026-09-22 04:20:34.775975"
"S25U","INFER_S25U_VEH_ROOF_20260921_180355.mp4",220,"2026-09-21 18:03:58.681776","VEH_013","motorcycle","UNK","UNK","UNK","gray","0.00","UNK","2026-09-22 04:20:34.775975","2026-09-22 04:20:34.775975"
"S25U","INFER_S25U_VEH_ROOF_20260921_180355.mp4",220,"2026-09-21 18:03:58.681776","VEH_014","motorcycle","UNK","UNK","UNK","gray","0.00","UNK","2026-09-22 04:20:34.775975","2026-09-22 04:20:34.775975"
"S25U","INFER_S25U_VEH_ROOF_20260921_180355.mp4",220,"2026-09-21 18:03:58.681776","VEH_015","motorcycle","UNK","UNK","UNK","gray","0.00","UNK","2026-09-22 04:20:34.775975","2026-09-22 04:20:34.775975"
"S25U","INFER_S25U_VEH_ROOF_20260921_180355.mp4",220,"2026-09-21 18:03:58.681776","VEH_016","motorcycle","UNK","UNK","UNK","gray","0.00","UNK","2026-09-22 04:20:34.775975","2026-09-22 04:20:34.775975"
"S25U","INFER_S25U_VEH_ROOF_20260921_180355.mp4",220,"2026-09-21 18:03:58.681776","VEH_017","motorcycle","UNK","UNK","UNK","gray","0.00","UNK","2026-09-22 04:20:34.775975","2026-09-22 04:20:34.775975"
"S25U","INFER_S25U_VEH_ROOF_20260921_180355.mp4",220,"2026-09-21 18:03:58.681776","VEH_018","motorcycle","UNK","UNK","UNK","gray","0.00","UNK","2026-09-22 04:20:34.775975","2026-09-22 04:20:34.775975"
"S25U","INFER_S25U_VEH_ROOF_20260921_180355.mp4",220,"2026-09-21 18:03:58.681776","VEH_019","motorcycle","UNK","UNK","UNK","black","0.00","UNK","2026-09-22 04:20:34.775975","2026-09-22 04:20:34.775975"
"S25U","INFER_S25U_VEH_ROOF_20260921_180355.mp4",220,"2026-09-21 18:03:58.681776","VEH_020","motorcycle","UNK","UNK","UNK","gray","0.00","UNK","2026-09-22 04:20:34.775975","2026-09-22 04:20:34.775975"
"S25U","INFER_S25U_VEH_ROOF_20260921_180355.mp4",220,"2026-09-21 18:03:58.681776","VEH_021","motorcycle","UNK","UNK","UNK","gray","0.00","UNK","2026-09-22 04:20:34.775975","2026-09-22 04:20:34.775975"
"S25U","INFER_S25U_VEH_ROOF_20260921_180355.mp4",220,"2026-09-21 18:03:58.681776","VEH_022","motorcycle","UNK","UNK","UNK","gray","0.00","UNK","2026-09-22 04:20:34.775975","2026-09-22 04:20:34.775975"
"S25U","INFER_S25U_VEH_ROOF_20260921_180355.mp4",220,"2026-09-21 18:03:58.681776","VEH_023","motorcycle","UNK","UNK","UNK","black","0.00","UNK","2026-09-22 04:20:34.775975","2026-09-22 04:20:34.775975"
"S25U","INFER_S25U_VEH_ROOF_20260921_180355.mp4",220,"2026-09-21 18:03:58.681776","VEH_024","motorcycle","UNK","UNK","UNK","gray","0.00","UNK","2026-09-22 04:20:34.775975","2026-09-22 04:20:34.775975"
"S25U","INFER_S25U_VEH_ROOF_20260921_180355.mp4",220,"2026-09-21 18:03:58.681776","VEH_025","motorcycle","UNK","UNK","UNK","gray","0.00","UNK","2026-09-22 04:20:34.775975","2026-09-22 04:20:34.775975"
"S25U","INFER_S25U_VEH_ROOF_20260921_180355.mp4",220,"2026-09-21 18:03:58.681776","VEH_026","motorcycle","UNK","UNK","UNK","gray","0.00","UNK","2026-09-22 04:20:34.775975","2026-09-22 04:20:34.775975"
"S25U","INFER_S25U_VEH_ROOF_20260921_180355.mp4",220,"2026-09-21 18:03:58.681776","VEH_027","motorcycle","UNK","UNK","UNK","gray","0.00","UNK","2026-09-22 04:20:34.775975","2026-09-22 04:20:34.775975"
"S25U","INFER_S25U_VEH_ROOF_20260921_180355.mp4",220,"2026-09-21 18:03:58.681776","VEH_028","motorcycle","UNK","UNK","UNK","black","0.00","UNK","2026-09-22 04:20:34.775975","2026-09-22 04:20:34.775975"
"S25U","INFER_S25U_VEH_ROOF_20260921_180355.mp4",220,"2026-09-21 18:03:58.681776","VEH_029","motorcycle","UNK","UNK","UNK","black","0.00","UNK","2026-09-22 04:20:34.775975","2026-09-22 04:20:34.775975"
"S25U","INFER_S25U_VEH_ROOF_20260921_180355.mp4",220,"2026-09-21 18:03:58.681776","VEH_030","motorcycle","UNK","UNK","UNK","UNK","0.00","UNK","2026-09-22 04:20:34.775975","2026-09-22 04:20:34.775975"
"S25U","INFER_S25U_VEH_ROOF_20260921_180355.mp4",220,"2026-09-21 18:03:58.681776","VEH_031","motorcycle","UNK","UNK","UNK","UNK","0.00","UNK","2026-09-22 04:20:34.775975","2026-09-22 04:20:34.775975"
"S25U","INFER_S25U_VEH_ROOF_20260921_180355.mp4",220,"2026-09-21 18:03:58.681776","VEH_032","motorcycle","UNK","UNK","UNK","UNK","0.00","UNK","2026-09-22 04:20:34.775975","2026-09-22 04:20:34.775975"
"S25U","INFER_S25U_VEH_ROOF_20260921_180355.mp4",220,"2026-09-21 18:03:58.681776","VEH_033","motorcycle","UNK","UNK","UNK","UNK","0.00","UNK","2026-09-22 04:20:34.775975","2026-09-22 04:20:34.775975"
"S25U","INFER_S25U_VEH_ROOF_20260921_180355.mp4",220,"2026-09-21 18:03:58.681776","VEH_034","motorcycle","UNK","UNK","UNK","gray","0.00","UNK","2026-09-22 04:20:34.775975","2026-09-22 04:20:34.775975"
"S25U","INFER_S25U_VEH_ROOF_20260921_180355.mp4",220,"2026-09-21 18:03:58.681776","VEH_035","motorcycle","UNK","UNK","UNK","black","0.00","UNK","2026-09-22 04:20:34.775975","2026-09-22 04:20:34.775975"
"S25U","INFER_S25U_VEH_ROOF_20260921_180355.mp4",220,"2026-09-21 18:03:58.681776","VEH_036","motorcycle","UNK","UNK","UNK","gray","0.00","UNK","2026-09-22 04:20:34.775975","2026-09-22 04:20:34.775975"
"S25U","INFER_S25U_VEH_ROOF_20260921_180355.mp4",220,"2026-09-21 18:03:58.681776","VEH_037","motorcycle","UNK","UNK","UNK","gray","0.00","UNK","2026-09-22 04:20:34.775975","2026-09-22 04:20:34.775975"
"S25U","INFER_S25U_VEH_ROOF_20260921_180355.mp4",220,"2026-09-21 18:03:58.681776","VEH_038","motorcycle","UNK","UNK","UNK","gray","0.00","UNK","2026-09-22 04:20:34.775975","2026-09-22 04:20:34.775975"
"S25U","INFER_S25U_VEH_ROOF_20260921_180355.mp4",220,"2026-09-21 18:03:58.681776","VEH_039","motorcycle","UNK","UNK","UNK","gray","0.00","UNK","2026-09-22 04:20:34.775975","2026-09-22 04:20:34.775975"
"S25U","INFER_S25U_VEH_ROOF_20260921_180355.mp4",220,"2026-09-21 18:03:58.681776","VEH_040","motorcycle","UNK","UNK","UNK","UNK","0.00","UNK","2026-09-22 04:20:34.775975","2026-09-22 04:20:34.775975"
"S25U","INFER_S25U_VEH_ROOF_20260921_180355.mp4",220,"2026-09-21 18:03:58.681776","VEH_041","motorcycle","UNK","UNK","UNK","UNK","0.00","UNK","2026-09-22 04:20:34.775975","2026-09-22 04:20:34.775975"
"S25U","INFER_S25U_VEH_ROOF_20260921_180355.mp4",220,"2026-09-21 18:03:58.681776","VEH_042","motorcycle","UNK","UNK","UNK","black","0.00","UNK","2026-09-22 04:20:34.775975","2026-09-22 04:20:34.775975"
"S25U","INFER_S25U_VEH_ROOF_20260921_180355.mp4",220,"2026-09-21 18:03:58.681776","VEH_043","motorcycle","UNK","UNK","UNK","gray","0.00","UNK","2026-09-22 04:20:34.775975","2026-09-22 04:20:34.775975"
"S25U","INFER_S25U_VEH_ROOF_20260921_180355.mp4",220,"2026-09-21 18:03:58.681776","VEH_044","motorcycle","UNK","UNK","UNK","UNK","0.00","UNK","2026-09-22 04:20:34.775975","2026-09-22 04:20:34.775975"
"S25U","INFER_S25U_VEH_ROOF_20260921_180355.mp4",220,"2026-09-21 18:03:58.681776","VEH_045","bus","UNK","UNK","UNK","black","0.00","UNK","2026-09-22 04:20:34.775975","2026-09-22 04:20:34.775975"
"S25U","INFER_S25U_VEH_ROOF_20260921_180355.mp4",230,"2026-09-21 18:03:58.849129","VEH_001","motorcycle","UNK","UNK","UNK","gray","0.00","UNK","2026-09-22 04:20:37.320521","2026-09-22 04:20:37.320521"
"S25U","INFER_S25U_VEH_ROOF_20260921_180355.mp4",230,"2026-09-21 18:03:58.849129","VEH_002","motorcycle","UNK","UNK","UNK","gray","0.00","UNK","2026-09-22 04:20:37.320521","2026-09-22 04:20:37.320521"
"S25U","INFER_S25U_VEH_ROOF_20260921_180355.mp4",230,"2026-09-21 18:03:58.849129","VEH_003","motorcycle","UNK","UNK","UNK","UNK","0.00","UNK","2026-09-22 04:20:37.320521","2026-09-22 04:20:37.320521"
"S25U","INFER_S25U_VEH_ROOF_20260921_180355.mp4",230,"2026-09-21 18:03:58.849129","VEH_004","motorcycle","UNK","UNK","UNK","gray","0.00","UNK","2026-09-22 04:20:37.320521","2026-09-22 04:20:37.320521"
"S25U","INFER_S25U_VEH_ROOF_20260921_180355.mp4",230,"2026-09-21 18:03:58.849129","VEH_005","motorcycle","UNK","UNK","UNK","gray","0.00","UNK","2026-09-22 04:20:37.320521","2026-09-22 04:20:37.320521"
"S25U","INFER_S25U_VEH_ROOF_20260921_180355.mp4",230,"2026-09-21 18:03:58.849129","VEH_006","motorcycle","UNK","UNK","UNK","gray","0.00","UNK","2026-09-22 04:20:37.320521","2026-09-22 04:20:37.320521"
"S25U","INFER_S25U_VEH_ROOF_20260921_180355.mp4",230,"2026-09-21 18:03:58.849129","VEH_007","motorcycle","UNK","UNK","UNK","gray","0.00","UNK","2026-09-22 04:20:37.320521","2026-09-22 04:20:37.320521"
"S25U","INFER_S25U_VEH_ROOF_20260921_180355.mp4",230,"2026-09-21 18:03:58.849129","VEH_008","motorcycle","UNK","UNK","UNK","gray","0.00","UNK","2026-09-22 04:20:37.320521","2026-09-22 04:20:37.320521"
"S25U","INFER_S25U_VEH_ROOF_20260921_180355.mp4",230,"2026-09-21 18:03:58.849129","VEH_009","motorcycle","UNK","UNK","UNK","gray","0.00","UNK","2026-09-22 04:20:37.320521","2026-09-22 04:20:37.320521"
"S25U","INFER_S25U_VEH_ROOF_20260921_180355.mp4",230,"2026-09-21 18:03:58.849129","VEH_010","motorcycle","UNK","UNK","UNK","gray","0.00","UNK","2026-09-22 04:20:37.320521","2026-09-22 04:20:37.320521"
"S25U","INFER_S25U_VEH_ROOF_20260921_180355.mp4",230,"2026-09-21 18:03:58.849129","VEH_011","motorcycle","UNK","UNK","UNK","black","0.00","UNK","2026-09-22 04:20:37.320521","2026-09-22 04:20:37.320521"
"S25U","INFER_S25U_VEH_ROOF_20260921_180355.mp4",230,"2026-09-21 18:03:58.849129","VEH_012","motorcycle","UNK","UNK","UNK","black","0.00","UNK","2026-09-22 04:20:37.320521","2026-09-22 04:20:37.320521"
"S25U","INFER_S25U_VEH_ROOF_20260921_180355.mp4",230,"2026-09-21 18:03:58.849129","VEH_013","motorcycle","UNK","UNK","UNK","black","0.00","UNK","2026-09-22 04:20:37.320521","2026-09-22 04:20:37.320521"
"S25U","INFER_S25U_VEH_ROOF_20260921_180355.mp4",230,"2026-09-21 18:03:58.849129","VEH_014","motorcycle","UNK","UNK","UNK","gray","0.00","UNK","2026-09-22 04:20:37.320521","2026-09-22 04:20:37.320521"
"S25U","INFER_S25U_VEH_ROOF_20260921_180355.mp4",230,"2026-09-21 18:03:58.849129","VEH_015","motorcycle","UNK","UNK","UNK","gray","0.00","UNK","2026-09-22 04:20:37.320521","2026-09-22 04:20:37.320521"
"S25U","INFER_S25U_VEH_ROOF_20260921_180355.mp4",230,"2026-09-21 18:03:58.849129","VEH_016","motorcycle","UNK","UNK","UNK","gray","0.00","UNK","2026-09-22 04:20:37.320521","2026-09-22 04:20:37.320521"
"S25U","INFER_S25U_VEH_ROOF_20260921_180355.mp4",230,"2026-09-21 18:03:58.849129","VEH_017","motorcycle","UNK","UNK","UNK","gray","0.00","UNK","2026-09-22 04:20:37.320521","2026-09-22 04:20:37.320521"
"S25U","INFER_S25U_VEH_ROOF_20260921_180355.mp4",230,"2026-09-21 18:03:58.849129","VEH_018","motorcycle","UNK","UNK","UNK","gray","0.00","UNK","2026-09-22 04:20:37.320521","2026-09-22 04:20:37.320521"
"S25U","INFER_S25U_VEH_ROOF_20260921_180355.mp4",230,"2026-09-21 18:03:58.849129","VEH_019","motorcycle","UNK","UNK","UNK","gray","0.00","UNK","2026-09-22 04:20:37.320521","2026-09-22 04:20:37.320521"
"S25U","INFER_S25U_VEH_ROOF_20260921_180355.mp4",230,"2026-09-21 18:03:58.849129","VEH_020","motorcycle","UNK","UNK","UNK","gray","0.00","UNK","2026-09-22 04:20:37.320521","2026-09-22 04:20:37.320521"
"S25U","INFER_S25U_VEH_ROOF_20260921_180355.mp4",230,"2026-09-21 18:03:58.849129","VEH_021","motorcycle","UNK","UNK","UNK","gray","0.00","UNK","2026-09-22 04:20:37.320521","2026-09-22 04:20:37.320521"
"S25U","INFER_S25U_VEH_ROOF_20260921_180355.mp4",230,"2026-09-21 18:03:58.849129","VEH_022","motorcycle","UNK","UNK","UNK","black","0.00","UNK","2026-09-22 04:20:37.320521","2026-09-22 04:20:37.320521"
"S25U","INFER_S25U_VEH_ROOF_20260921_180355.mp4",230,"2026-09-21 18:03:58.849129","VEH_023","motorcycle","UNK","UNK","UNK","gray","0.00","UNK","2026-09-22 04:20:37.320521","2026-09-22 04:20:37.320521"
"S25U","INFER_S25U_VEH_ROOF_20260921_180355.mp4",230,"2026-09-21 18:03:58.849129","VEH_024","motorcycle","UNK","UNK","UNK","gray","0.00","UNK","2026-09-22 04:20:37.320521","2026-09-22 04:20:37.320521"
"S25U","INFER_S25U_VEH_ROOF_20260921_180355.mp4",230,"2026-09-21 18:03:58.849129","VEH_025","motorcycle","UNK","UNK","UNK","gray","0.00","UNK","2026-09-22 04:20:37.320521","2026-09-22 04:20:37.320521"
"S25U","INFER_S25U_VEH_ROOF_20260921_180355.mp4",230,"2026-09-21 18:03:58.849129","VEH_026","motorcycle","UNK","UNK","UNK","gray","0.00","UNK","2026-09-22 04:20:37.320521","2026-09-22 04:20:37.320521"
"S25U","INFER_S25U_VEH_ROOF_20260921_180355.mp4",230,"2026-09-21 18:03:58.849129","VEH_027","motorcycle","UNK","UNK","UNK","gray","0.00","UNK","2026-09-22 04:20:37.320521","2026-09-22 04:20:37.320521"
"S25U","INFER_S25U_VEH_ROOF_20260921_180355.mp4",230,"2026-09-21 18:03:58.849129","VEH_028","motorcycle","UNK","UNK","UNK","gray","0.00","UNK","2026-09-22 04:20:37.320521","2026-09-22 04:20:37.320521"
"S25U","INFER_S25U_VEH_ROOF_20260921_180355.mp4",230,"2026-09-21 18:03:58.849129","VEH_029","motorcycle","UNK","UNK","UNK","gray","0.00","UNK","2026-09-22 04:20:37.320521","2026-09-22 04:20:37.320521"
"S25U","INFER_S25U_VEH_ROOF_20260921_180355.mp4",230,"2026-09-21 18:03:58.849129","VEH_030","motorcycle","UNK","UNK","UNK","gray","0.00","UNK","2026-09-22 04:20:37.320521","2026-09-22 04:20:37.320521"
"S25U","INFER_S25U_VEH_ROOF_20260921_180355.mp4",230,"2026-09-21 18:03:58.849129","VEH_031","motorcycle","UNK","UNK","UNK","black","0.00","UNK","2026-09-22 04:20:37.320521","2026-09-22 04:20:37.320521"
"S25U","INFER_S25U_VEH_ROOF_20260921_180355.mp4",230,"2026-09-21 18:03:58.849129","VEH_032","motorcycle","UNK","UNK","UNK","UNK","0.00","UNK","2026-09-22 04:20:37.320521","2026-09-22 04:20:37.320521"
"S25U","INFER_S25U_VEH_ROOF_20260921_180355.mp4",230,"2026-09-21 18:03:58.849129","VEH_033","motorcycle","UNK","UNK","UNK","UNK","0.00","UNK","2026-09-22 04:20:37.320521","2026-09-22 04:20:37.320521"
"S25U","INFER_S25U_VEH_ROOF_20260921_180355.mp4",230,"2026-09-21 18:03:58.849129","VEH_034","motorcycle","UNK","UNK","UNK","UNK","0.00","UNK","2026-09-22 04:20:37.320521","2026-09-22 04:20:37.320521"
"S25U","INFER_S25U_VEH_ROOF_20260921_180355.mp4",230,"2026-09-21 18:03:58.849129","VEH_035","motorcycle","UNK","UNK","UNK","UNK","0.00","UNK","2026-09-22 04:20:37.320521","2026-09-22 04:20:37.320521"
"S25U","INFER_S25U_VEH_ROOF_20260921_180355.mp4",230,"2026-09-21 18:03:58.849129","VEH_036","motorcycle","UNK","UNK","UNK","UNK","0.00","UNK","2026-09-22 04:20:37.320521","2026-09-22 04:20:37.320521"
"S25U","INFER_S25U_VEH_ROOF_20260921_180355.mp4",230,"2026-09-21 18:03:58.849129","VEH_037","motorcycle","UNK","UNK","UNK","gray","0.00","UNK","2026-09-22 04:20:37.320521","2026-09-22 04:20:37.320521"
"S25U","INFER_S25U_VEH_ROOF_20260921_180355.mp4",230,"2026-09-21 18:03:58.849129","VEH_038","motorcycle","UNK","UNK","UNK","UNK","0.00","UNK","2026-09-22 04:20:37.320521","2026-09-22 04:20:37.320521"
"S25U","INFER_S25U_VEH_ROOF_20260921_180355.mp4",230,"2026-09-21 18:03:58.849129","VEH_039","motorcycle","UNK","UNK","UNK","gray","0.00","UNK","2026-09-22 04:20:37.320521","2026-09-22 04:20:37.320521"
"S25U","INFER_S25U_VEH_ROOF_20260921_180355.mp4",230,"2026-09-21 18:03:58.849129","VEH_040","motorcycle","UNK","UNK","UNK","gray","0.00","UNK","2026-09-22 04:20:37.320521","2026-09-22 04:20:37.320521"
"S25U","INFER_S25U_VEH_ROOF_20260921_180355.mp4",230,"2026-09-21 18:03:58.849129","VEH_041","motorcycle","UNK","UNK","UNK","gray","0.00","UNK","2026-09-22 04:20:37.320521","2026-09-22 04:20:37.320521"
"S25U","INFER_S25U_VEH_ROOF_20260921_180355.mp4",230,"2026-09-21 18:03:58.849129","VEH_042","motorcycle","UNK","UNK","UNK","UNK","0.00","UNK","2026-09-22 04:20:37.320521","2026-09-22 04:20:37.320521"
"S25U","INFER_S25U_VEH_ROOF_20260921_180355.mp4",230,"2026-09-21 18:03:58.849129","VEH_043","motorcycle","UNK","UNK","UNK","black","0.00","UNK","2026-09-22 04:20:37.320521","2026-09-22 04:20:37.320521"
"S25U","INFER_S25U_VEH_ROOF_20260921_180355.mp4",230,"2026-09-21 18:03:58.849129","VEH_044","motorcycle","UNK","UNK","UNK","gray","0.00","UNK","2026-09-22 04:20:37.320521","2026-09-22 04:20:37.320521"
"S25U","INFER_S25U_VEH_ROOF_20260921_180355.mp4",230,"2026-09-21 18:03:58.849129","VEH_045","motorcycle","UNK","UNK","UNK","black","0.00","UNK","2026-09-22 04:20:37.320521","2026-09-22 04:20:37.320521"
"S25U","INFER_S25U_VEH_ROOF_20260921_180355.mp4",230,"2026-09-21 18:03:58.849129","VEH_046","motorcycle","UNK","UNK","UNK","black","0.00","UNK","2026-09-22 04:20:37.320521","2026-09-22 04:20:37.320521"
"S25U","INFER_S25U_VEH_ROOF_20260921_180355.mp4",230,"2026-09-21 18:03:58.849129","VEH_047","bus","UNK","UNK","UNK","gray","0.00","UNK","2026-09-22 04:20:37.320521","2026-09-22 04:20:37.320521"
"S25U","INFER_S25U_VEH_ROOF_20260921_180355.mp4",230,"2026-09-21 18:03:58.849129","VEH_048","bus","UNK","UNK","UNK","black","0.00","UNK","2026-09-22 04:20:37.320521","2026-09-22 04:20:37.320521"
"S25U","INFER_S25U_VEH_ROOF_20260921_180355.mp4",240,"2026-09-21 18:03:59.016483","VEH_001","motorcycle","UNK","UNK","UNK","black","0.00","UNK","2026-09-22 04:20:39.577364","2026-09-22 04:20:39.577364"
"S25U","INFER_S25U_VEH_ROOF_20260921_180355.mp4",240,"2026-09-21 18:03:59.016483","VEH_002","motorcycle","UNK","UNK","UNK","UNK","0.00","UNK","2026-09-22 04:20:39.577364","2026-09-22 04:20:39.577364"
"S25U","INFER_S25U_VEH_ROOF_20260921_180355.mp4",240,"2026-09-21 18:03:59.016483","VEH_003","motorcycle","UNK","UNK","UNK","gray","0.00","UNK","2026-09-22 04:20:39.577364","2026-09-22 04:20:39.577364"
"S25U","INFER_S25U_VEH_ROOF_20260921_180355.mp4",240,"2026-09-21 18:03:59.016483","VEH_004","motorcycle","UNK","UNK","UNK","gray","0.00","UNK","2026-09-22 04:20:39.577364","2026-09-22 04:20:39.577364"
"S25U","INFER_S25U_VEH_ROOF_20260921_180355.mp4",240,"2026-09-21 18:03:59.016483","VEH_005","motorcycle","UNK","UNK","UNK","gray","0.00","UNK","2026-09-22 04:20:39.577364","2026-09-22 04:20:39.577364"
"S25U","INFER_S25U_VEH_ROOF_20260921_180355.mp4",240,"2026-09-21 18:03:59.016483","VEH_006","motorcycle","UNK","UNK","UNK","gray","0.00","UNK","2026-09-22 04:20:39.577364","2026-09-22 04:20:39.577364"
"S25U","INFER_S25U_VEH_ROOF_20260921_180355.mp4",240,"2026-09-21 18:03:59.016483","VEH_007","motorcycle","UNK","UNK","UNK","gray","0.00","UNK","2026-09-22 04:20:39.577364","2026-09-22 04:20:39.577364"
"S25U","INFER_S25U_VEH_ROOF_20260921_180355.mp4",240,"2026-09-21 18:03:59.016483","VEH_008","motorcycle","UNK","UNK","UNK","gray","0.00","UNK","2026-09-22 04:20:39.577364","2026-09-22 04:20:39.577364"
"S25U","INFER_S25U_VEH_ROOF_20260921_180355.mp4",240,"2026-09-21 18:03:59.016483","VEH_009","motorcycle","UNK","UNK","UNK","gray","0.00","UNK","2026-09-22 04:20:39.577364","2026-09-22 04:20:39.577364"
"S25U","INFER_S25U_VEH_ROOF_20260921_180355.mp4",240,"2026-09-21 18:03:59.016483","VEH_010","motorcycle","UNK","UNK","UNK","gray","0.00","UNK","2026-09-22 04:20:39.577364","2026-09-22 04:20:39.577364"
"S25U","INFER_S25U_VEH_ROOF_20260921_180355.mp4",240,"2026-09-21 18:03:59.016483","VEH_011","motorcycle","UNK","UNK","UNK","gray","0.00","UNK","2026-09-22 04:20:39.577364","2026-09-22 04:20:39.577364"
"S25U","INFER_S25U_VEH_ROOF_20260921_180355.mp4",240,"2026-09-21 18:03:59.016483","VEH_012","motorcycle","UNK","UNK","UNK","gray","0.00","UNK","2026-09-22 04:20:39.577364","2026-09-22 04:20:39.577364"
"S25U","INFER_S25U_VEH_ROOF_20260921_180355.mp4",240,"2026-09-21 18:03:59.016483","VEH_013","motorcycle","UNK","UNK","UNK","gray","0.00","UNK","2026-09-22 04:20:39.577364","2026-09-22 04:20:39.577364"
"S25U","INFER_S25U_VEH_ROOF_20260921_180355.mp4",240,"2026-09-21 18:03:59.016483","VEH_014","motorcycle","UNK","UNK","UNK","gray","0.00","UNK","2026-09-22 04:20:39.577364","2026-09-22 04:20:39.577364"
"S25U","INFER_S25U_VEH_ROOF_20260921_180355.mp4",240,"2026-09-21 18:03:59.016483","VEH_015","motorcycle","UNK","UNK","UNK","gray","0.00","UNK","2026-09-22 04:20:39.577364","2026-09-22 04:20:39.577364"
"S25U","INFER_S25U_VEH_ROOF_20260921_180355.mp4",240,"2026-09-21 18:03:59.016483","VEH_016","motorcycle","UNK","UNK","UNK","gray","0.00","UNK","2026-09-22 04:20:39.577364","2026-09-22 04:20:39.577364"
"S25U","INFER_S25U_VEH_ROOF_20260921_180355.mp4",240,"2026-09-21 18:03:59.016483","VEH_017","motorcycle","UNK","UNK","UNK","gray","0.00","UNK","2026-09-22 04:20:39.577364","2026-09-22 04:20:39.577364"
"S25U","INFER_S25U_VEH_ROOF_20260921_180355.mp4",240,"2026-09-21 18:03:59.016483","VEH_018","motorcycle","UNK","UNK","UNK","gray","0.00","UNK","2026-09-22 04:20:39.577364","2026-09-22 04:20:39.577364"
"S25U","INFER_S25U_VEH_ROOF_20260921_180355.mp4",240,"2026-09-21 18:03:59.016483","VEH_019","motorcycle","UNK","UNK","UNK","gray","0.00","UNK","2026-09-22 04:20:39.577364","2026-09-22 04:20:39.577364"
"S25U","INFER_S25U_VEH_ROOF_20260921_180355.mp4",240,"2026-09-21 18:03:59.016483","VEH_020","motorcycle","UNK","UNK","UNK","gray","0.00","UNK","2026-09-22 04:20:39.577364","2026-09-22 04:20:39.577364"
"S25U","INFER_S25U_VEH_ROOF_20260921_180355.mp4",240,"2026-09-21 18:03:59.016483","VEH_021","motorcycle","UNK","UNK","UNK","gray","0.00","UNK","2026-09-22 04:20:39.577364","2026-09-22 04:20:39.577364"
"S25U","INFER_S25U_VEH_ROOF_20260921_180355.mp4",240,"2026-09-21 18:03:59.016483","VEH_022","motorcycle","UNK","UNK","UNK","black","0.00","UNK","2026-09-22 04:20:39.577364","2026-09-22 04:20:39.577364"
"S25U","INFER_S25U_VEH_ROOF_20260921_180355.mp4",240,"2026-09-21 18:03:59.016483","VEH_023","motorcycle","UNK","UNK","UNK","black","0.00","UNK","2026-09-22 04:20:39.577364","2026-09-22 04:20:39.577364"
"S25U","INFER_S25U_VEH_ROOF_20260921_180355.mp4",240,"2026-09-21 18:03:59.016483","VEH_024","motorcycle","UNK","UNK","UNK","gray","0.00","UNK","2026-09-22 04:20:39.577364","2026-09-22 04:20:39.577364"
"S25U","INFER_S25U_VEH_ROOF_20260921_180355.mp4",240,"2026-09-21 18:03:59.016483","VEH_025","motorcycle","UNK","UNK","UNK","gray","0.00","UNK","2026-09-22 04:20:39.577364","2026-09-22 04:20:39.577364"
"S25U","INFER_S25U_VEH_ROOF_20260921_180355.mp4",240,"2026-09-21 18:03:59.016483","VEH_026","motorcycle","UNK","UNK","UNK","gray","0.00","UNK","2026-09-22 04:20:39.577364","2026-09-22 04:20:39.577364"
"S25U","INFER_S25U_VEH_ROOF_20260921_180355.mp4",240,"2026-09-21 18:03:59.016483","VEH_027","motorcycle","UNK","UNK","UNK","gray","0.00","UNK","2026-09-22 04:20:39.577364","2026-09-22 04:20:39.577364"
"S25U","INFER_S25U_VEH_ROOF_20260921_180355.mp4",240,"2026-09-21 18:03:59.016483","VEH_028","motorcycle","UNK","UNK","UNK","gray","0.00","UNK","2026-09-22 04:20:39.577364","2026-09-22 04:20:39.577364"
"S25U","INFER_S25U_VEH_ROOF_20260921_180355.mp4",240,"2026-09-21 18:03:59.016483","VEH_029","motorcycle","UNK","UNK","UNK","gray","0.00","UNK","2026-09-22 04:20:39.577364","2026-09-22 04:20:39.577364"
"S25U","INFER_S25U_VEH_ROOF_20260921_180355.mp4",240,"2026-09-21 18:03:59.016483","VEH_030","motorcycle","UNK","UNK","UNK","gray","0.00","UNK","2026-09-22 04:20:39.577364","2026-09-22 04:20:39.577364"
"S25U","INFER_S25U_VEH_ROOF_20260921_180355.mp4",240,"2026-09-21 18:03:59.016483","VEH_031","motorcycle","UNK","UNK","UNK","black","0.00","UNK","2026-09-22 04:20:39.577364","2026-09-22 04:20:39.577364"
"S25U","INFER_S25U_VEH_ROOF_20260921_180355.mp4",240,"2026-09-21 18:03:59.016483","VEH_032","motorcycle","UNK","UNK","UNK","black","0.00","UNK","2026-09-22 04:20:39.577364","2026-09-22 04:20:39.577364"
"S25U","INFER_S25U_VEH_ROOF_20260921_180355.mp4",240,"2026-09-21 18:03:59.016483","VEH_033","motorcycle","UNK","UNK","UNK","black","0.00","UNK","2026-09-22 04:20:39.577364","2026-09-22 04:20:39.577364"
"S25U","INFER_S25U_VEH_ROOF_20260921_180355.mp4",240,"2026-09-21 18:03:59.016483","VEH_034","motorcycle","UNK","UNK","UNK","UNK","0.00","UNK","2026-09-22 04:20:39.577364","2026-09-22 04:20:39.577364"
"S25U","INFER_S25U_VEH_ROOF_20260921_180355.mp4",240,"2026-09-21 18:03:59.016483","VEH_035","motorcycle","UNK","UNK","UNK","UNK","0.00","UNK","2026-09-22 04:20:39.577364","2026-09-22 04:20:39.577364"
"S25U","INFER_S25U_VEH_ROOF_20260921_180355.mp4",240,"2026-09-21 18:03:59.016483","VEH_036","motorcycle","UNK","UNK","UNK","UNK","0.00","UNK","2026-09-22 04:20:39.577364","2026-09-22 04:20:39.577364"
"S25U","INFER_S25U_VEH_ROOF_20260921_180355.mp4",240,"2026-09-21 18:03:59.016483","VEH_037","motorcycle","UNK","UNK","UNK","UNK","0.00","UNK","2026-09-22 04:20:39.577364","2026-09-22 04:20:39.577364"
"S25U","INFER_S25U_VEH_ROOF_20260921_180355.mp4",240,"2026-09-21 18:03:59.016483","VEH_038","motorcycle","UNK","UNK","UNK","UNK","0.00","UNK","2026-09-22 04:20:39.577364","2026-09-22 04:20:39.577364"
"S25U","INFER_S25U_VEH_ROOF_20260921_180355.mp4",240,"2026-09-21 18:03:59.016483","VEH_039","motorcycle","UNK","UNK","UNK","gray","0.00","UNK","2026-09-22 04:20:39.577364","2026-09-22 04:20:39.577364"
"S25U","INFER_S25U_VEH_ROOF_20260921_180355.mp4",240,"2026-09-21 18:03:59.016483","VEH_040","motorcycle","UNK","UNK","UNK","gray","0.00","UNK","2026-09-22 04:20:39.577364","2026-09-22 04:20:39.577364"
"S25U","INFER_S25U_VEH_ROOF_20260921_180355.mp4",240,"2026-09-21 18:03:59.016483","VEH_041","motorcycle","UNK","UNK","UNK","gray","0.00","UNK","2026-09-22 04:20:39.577364","2026-09-22 04:20:39.577364"
"S25U","INFER_S25U_VEH_ROOF_20260921_180355.mp4",240,"2026-09-21 18:03:59.016483","VEH_042","motorcycle","UNK","UNK","UNK","black","0.00","UNK","2026-09-22 04:20:39.577364","2026-09-22 04:20:39.577364"
"S25U","INFER_S25U_VEH_ROOF_20260921_180355.mp4",240,"2026-09-21 18:03:59.016483","VEH_043","motorcycle","UNK","UNK","UNK","gray","0.00","UNK","2026-09-22 04:20:39.577364","2026-09-22 04:20:39.577364"
"S25U","INFER_S25U_VEH_ROOF_20260921_180355.mp4",240,"2026-09-21 18:03:59.016483","VEH_044","motorcycle","UNK","UNK","UNK","gray","0.00","UNK","2026-09-22 04:20:39.577364","2026-09-22 04:20:39.577364"
"S25U","INFER_S25U_VEH_ROOF_20260921_180355.mp4",240,"2026-09-21 18:03:59.016483","VEH_045","motorcycle","UNK","UNK","UNK","black","0.00","UNK","2026-09-22 04:20:39.577364","2026-09-22 04:20:39.577364"
"S25U","INFER_S25U_VEH_ROOF_20260921_180355.mp4",240,"2026-09-21 18:03:59.016483","VEH_046","motorcycle","UNK","UNK","UNK","black","0.00","UNK","2026-09-22 04:20:39.577364","2026-09-22 04:20:39.577364"
"S25U","INFER_S25U_VEH_ROOF_20260921_180355.mp4",240,"2026-09-21 18:03:59.016483","VEH_047","motorcycle","UNK","UNK","UNK","gray","0.00","UNK","2026-09-22 04:20:39.577364","2026-09-22 04:20:39.577364"
"S25U","INFER_S25U_VEH_ROOF_20260921_180355.mp4",240,"2026-09-21 18:03:59.016483","VEH_048","motorcycle","UNK","UNK","UNK","gray","0.00","UNK","2026-09-22 04:20:39.577364","2026-09-22 04:20:39.577364"
"S25U","INFER_S25U_VEH_ROOF_20260921_180355.mp4",240,"2026-09-21 18:03:59.016483","VEH_049","motorcycle","UNK","UNK","UNK","black","0.00","UNK","2026-09-22 04:20:39.577364","2026-09-22 04:20:39.577364"
"S25U","INFER_S25U_VEH_ROOF_20260921_180355.mp4",240,"2026-09-21 18:03:59.016483","VEH_050","motorcycle","UNK","UNK","UNK","gray","0.00","UNK","2026-09-22 04:20:39.577364","2026-09-22 04:20:39.577364"
"S25U","INFER_S25U_VEH_ROOF_20260921_180355.mp4",240,"2026-09-21 18:03:59.016483","VEH_051","bus","UNK","UNK","UNK","black","0.00","UNK","2026-09-22 04:20:39.577364","2026-09-22 04:20:39.577364"
"S25U","INFER_S25U_VEH_ROOF_20260921_180355.mp4",240,"2026-09-21 18:03:59.016483","VEH_052","bus","UNK","UNK","UNK","gray","0.00","UNK","2026-09-22 04:20:39.577364","2026-09-22 04:20:39.577364"
"S25U","INFER_S25U_VEH_ROOF_20260921_180355.mp4",250,"2026-09-21 18:03:59.183836","VEH_001","motorcycle","UNK","UNK","UNK","gray","0.00","UNK","2026-09-22 04:20:41.78813","2026-09-22 04:20:41.78813"
"S25U","INFER_S25U_VEH_ROOF_20260921_180355.mp4",250,"2026-09-21 18:03:59.183836","VEH_002","motorcycle","UNK","UNK","UNK","gray","0.00","UNK","2026-09-22 04:20:41.78813","2026-09-22 04:20:41.78813"
"S25U","INFER_S25U_VEH_ROOF_20260921_180355.mp4",250,"2026-09-21 18:03:59.183836","VEH_003","motorcycle","UNK","UNK","UNK","gray","0.00","UNK","2026-09-22 04:20:41.78813","2026-09-22 04:20:41.78813"
"S25U","INFER_S25U_VEH_ROOF_20260921_180355.mp4",250,"2026-09-21 18:03:59.183836","VEH_004","motorcycle","UNK","UNK","UNK","black","0.00","UNK","2026-09-22 04:20:41.78813","2026-09-22 04:20:41.78813"
"S25U","INFER_S25U_VEH_ROOF_20260921_180355.mp4",250,"2026-09-21 18:03:59.183836","VEH_005","motorcycle","UNK","UNK","UNK","UNK","0.00","UNK","2026-09-22 04:20:41.78813","2026-09-22 04:20:41.78813"
"S25U","INFER_S25U_VEH_ROOF_20260921_180355.mp4",250,"2026-09-21 18:03:59.183836","VEH_006","motorcycle","UNK","UNK","UNK","gray","0.00","UNK","2026-09-22 04:20:41.78813","2026-09-22 04:20:41.78813"
"S25U","INFER_S25U_VEH_ROOF_20260921_180355.mp4",250,"2026-09-21 18:03:59.183836","VEH_007","motorcycle","UNK","UNK","UNK","gray","0.00","UNK","2026-09-22 04:20:41.78813","2026-09-22 04:20:41.78813"
"S25U","INFER_S25U_VEH_ROOF_20260921_180355.mp4",250,"2026-09-21 18:03:59.183836","VEH_008","motorcycle","UNK","UNK","UNK","gray","0.00","UNK","2026-09-22 04:20:41.78813","2026-09-22 04:20:41.78813"
"S25U","INFER_S25U_VEH_ROOF_20260921_180355.mp4",250,"2026-09-21 18:03:59.183836","VEH_009","motorcycle","UNK","UNK","UNK","gray","0.00","UNK","2026-09-22 04:20:41.78813","2026-09-22 04:20:41.78813"
"S25U","INFER_S25U_VEH_ROOF_20260921_180355.mp4",250,"2026-09-21 18:03:59.183836","VEH_010","motorcycle","UNK","UNK","UNK","gray","0.00","UNK","2026-09-22 04:20:41.78813","2026-09-22 04:20:41.78813"
"S25U","INFER_S25U_VEH_ROOF_20260921_180355.mp4",250,"2026-09-21 18:03:59.183836","VEH_011","motorcycle","UNK","UNK","UNK","gray","0.00","UNK","2026-09-22 04:20:41.78813","2026-09-22 04:20:41.78813"
"S25U","INFER_S25U_VEH_ROOF_20260921_180355.mp4",250,"2026-09-21 18:03:59.183836","VEH_012","motorcycle","UNK","UNK","UNK","gray","0.00","UNK","2026-09-22 04:20:41.78813","2026-09-22 04:20:41.78813"
"S25U","INFER_S25U_VEH_ROOF_20260921_180355.mp4",250,"2026-09-21 18:03:59.183836","VEH_013","motorcycle","UNK","UNK","UNK","gray","0.00","UNK","2026-09-22 04:20:41.78813","2026-09-22 04:20:41.78813"
"S25U","INFER_S25U_VEH_ROOF_20260921_180355.mp4",250,"2026-09-21 18:03:59.183836","VEH_014","motorcycle","UNK","UNK","UNK","gray","0.00","UNK","2026-09-22 04:20:41.78813","2026-09-22 04:20:41.78813"
"S25U","INFER_S25U_VEH_ROOF_20260921_180355.mp4",250,"2026-09-21 18:03:59.183836","VEH_015","motorcycle","UNK","UNK","UNK","black","0.00","UNK","2026-09-22 04:20:41.78813","2026-09-22 04:20:41.78813"
"S25U","INFER_S25U_VEH_ROOF_20260921_180355.mp4",250,"2026-09-21 18:03:59.183836","VEH_016","motorcycle","UNK","UNK","UNK","black","0.00","UNK","2026-09-22 04:20:41.78813","2026-09-22 04:20:41.78813"
"S25U","INFER_S25U_VEH_ROOF_20260921_180355.mp4",250,"2026-09-21 18:03:59.183836","VEH_017","motorcycle","UNK","UNK","UNK","black","0.00","UNK","2026-09-22 04:20:41.78813","2026-09-22 04:20:41.78813"
"S25U","INFER_S25U_VEH_ROOF_20260921_180355.mp4",250,"2026-09-21 18:03:59.183836","VEH_018","motorcycle","UNK","UNK","UNK","gray","0.00","UNK","2026-09-22 04:20:41.78813","2026-09-22 04:20:41.78813"
"S25U","INFER_S25U_VEH_ROOF_20260921_180355.mp4",250,"2026-09-21 18:03:59.183836","VEH_019","motorcycle","UNK","UNK","UNK","gray","0.00","UNK","2026-09-22 04:20:41.78813","2026-09-22 04:20:41.78813"
"S25U","INFER_S25U_VEH_ROOF_20260921_180355.mp4",250,"2026-09-21 18:03:59.183836","VEH_020","motorcycle","UNK","UNK","UNK","gray","0.00","UNK","2026-09-22 04:20:41.78813","2026-09-22 04:20:41.78813"
"S25U","INFER_S25U_VEH_ROOF_20260921_180355.mp4",250,"2026-09-21 18:03:59.183836","VEH_021","motorcycle","UNK","UNK","UNK","gray","0.00","UNK","2026-09-22 04:20:41.78813","2026-09-22 04:20:41.78813"
"S25U","INFER_S25U_VEH_ROOF_20260921_180355.mp4",250,"2026-09-21 18:03:59.183836","VEH_022","motorcycle","UNK","UNK","UNK","gray","0.00","UNK","2026-09-22 04:20:41.78813","2026-09-22 04:20:41.78813"
"S25U","INFER_S25U_VEH_ROOF_20260921_180355.mp4",250,"2026-09-21 18:03:59.183836","VEH_023","motorcycle","UNK","UNK","UNK","gray","0.00","UNK","2026-09-22 04:20:41.78813","2026-09-22 04:20:41.78813"
"S25U","INFER_S25U_VEH_ROOF_20260921_180355.mp4",250,"2026-09-21 18:03:59.183836","VEH_024","motorcycle","UNK","UNK","UNK","gray","0.00","UNK","2026-09-22 04:20:41.78813","2026-09-22 04:20:41.78813"
"S25U","INFER_S25U_VEH_ROOF_20260921_180355.mp4",250,"2026-09-21 18:03:59.183836","VEH_025","motorcycle","UNK","UNK","UNK","gray","0.00","UNK","2026-09-22 04:20:41.78813","2026-09-22 04:20:41.78813"
"S25U","INFER_S25U_VEH_ROOF_20260921_180355.mp4",250,"2026-09-21 18:03:59.183836","VEH_026","motorcycle","UNK","UNK","UNK","gray","0.00","UNK","2026-09-22 04:20:41.78813","2026-09-22 04:20:41.78813"
"S25U","INFER_S25U_VEH_ROOF_20260921_180355.mp4",250,"2026-09-21 18:03:59.183836","VEH_027","motorcycle","UNK","UNK","UNK","gray","0.00","UNK","2026-09-22 04:20:41.78813","2026-09-22 04:20:41.78813"
"S25U","INFER_S25U_VEH_ROOF_20260921_180355.mp4",250,"2026-09-21 18:03:59.183836","VEH_028","motorcycle","UNK","UNK","UNK","black","0.00","UNK","2026-09-22 04:20:41.78813","2026-09-22 04:20:41.78813"
"S25U","INFER_S25U_VEH_ROOF_20260921_180355.mp4",250,"2026-09-21 18:03:59.183836","VEH_029","motorcycle","UNK","UNK","UNK","black","0.00","UNK","2026-09-22 04:20:41.78813","2026-09-22 04:20:41.78813"
"S25U","INFER_S25U_VEH_ROOF_20260921_180355.mp4",250,"2026-09-21 18:03:59.183836","VEH_030","motorcycle","UNK","UNK","UNK","black","0.00","UNK","2026-09-22 04:20:41.78813","2026-09-22 04:20:41.78813"
"S25U","INFER_S25U_VEH_ROOF_20260921_180355.mp4",250,"2026-09-21 18:03:59.183836","VEH_031","motorcycle","UNK","UNK","UNK","black","0.00","UNK","2026-09-22 04:20:41.78813","2026-09-22 04:20:41.78813"
"S25U","INFER_S25U_VEH_ROOF_20260921_180355.mp4",250,"2026-09-21 18:03:59.183836","VEH_032","motorcycle","UNK","UNK","UNK","UNK","0.00","UNK","2026-09-22 04:20:41.78813","2026-09-22 04:20:41.78813"
"S25U","INFER_S25U_VEH_ROOF_20260921_180355.mp4",250,"2026-09-21 18:03:59.183836","VEH_033","motorcycle","UNK","UNK","UNK","UNK","0.00","UNK","2026-09-22 04:20:41.78813","2026-09-22 04:20:41.78813"
"S25U","INFER_S25U_VEH_ROOF_20260921_180355.mp4",250,"2026-09-21 18:03:59.183836","VEH_034","motorcycle","UNK","UNK","UNK","UNK","0.00","UNK","2026-09-22 04:20:41.78813","2026-09-22 04:20:41.78813"
"S25U","INFER_S25U_VEH_ROOF_20260921_180355.mp4",250,"2026-09-21 18:03:59.183836","VEH_035","motorcycle","UNK","UNK","UNK","gray","0.00","UNK","2026-09-22 04:20:41.78813","2026-09-22 04:20:41.78813"
"S25U","INFER_S25U_VEH_ROOF_20260921_180355.mp4",250,"2026-09-21 18:03:59.183836","VEH_036","motorcycle","UNK","UNK","UNK","gray","0.00","UNK","2026-09-22 04:20:41.78813","2026-09-22 04:20:41.78813"
"S25U","INFER_S25U_VEH_ROOF_20260921_180355.mp4",250,"2026-09-21 18:03:59.183836","VEH_037","motorcycle","UNK","UNK","UNK","UNK","0.00","UNK","2026-09-22 04:20:41.78813","2026-09-22 04:20:41.78813"
"S25U","INFER_S25U_VEH_ROOF_20260921_180355.mp4",250,"2026-09-21 18:03:59.183836","VEH_038","motorcycle","UNK","UNK","UNK","UNK","0.00","UNK","2026-09-22 04:20:41.78813","2026-09-22 04:20:41.78813"
"S25U","INFER_S25U_VEH_ROOF_20260921_180355.mp4",250,"2026-09-21 18:03:59.183836","VEH_039","motorcycle","UNK","UNK","UNK","gray","0.00","UNK","2026-09-22 04:20:41.78813","2026-09-22 04:20:41.78813"
"S25U","INFER_S25U_VEH_ROOF_20260921_180355.mp4",250,"2026-09-21 18:03:59.183836","VEH_040","motorcycle","UNK","UNK","UNK","gray","0.00","UNK","2026-09-22 04:20:41.78813","2026-09-22 04:20:41.78813"
"S25U","INFER_S25U_VEH_ROOF_20260921_180355.mp4",250,"2026-09-21 18:03:59.183836","VEH_041","motorcycle","UNK","UNK","UNK","gray","0.00","UNK","2026-09-22 04:20:41.78813","2026-09-22 04:20:41.78813"
"S25U","INFER_S25U_VEH_ROOF_20260921_180355.mp4",250,"2026-09-21 18:03:59.183836","VEH_042","bus","UNK","UNK","UNK","gray","0.00","UNK","2026-09-22 04:20:41.78813","2026-09-22 04:20:41.78813"
"S25U","INFER_S25U_VEH_ROOF_20260921_180355.mp4",250,"2026-09-21 18:03:59.183836","VEH_043","motorcycle","UNK","UNK","UNK","black","0.00","UNK","2026-09-22 04:20:41.78813","2026-09-22 04:20:41.78813"
"S25U","INFER_S25U_VEH_ROOF_20260921_180355.mp4",250,"2026-09-21 18:03:59.183836","VEH_044","bus","UNK","UNK","UNK","black","0.00","UNK","2026-09-22 04:20:41.78813","2026-09-22 04:20:41.78813"
"S25U","INFER_S25U_VEH_ROOF_20260921_180355.mp4",250,"2026-09-21 18:03:59.183836","VEH_045","truck","UNK","UNK","UNK","gray","0.00","UNK","2026-09-22 04:20:41.78813","2026-09-22 04:20:41.78813"
"S25U","INFER_S25U_VEH_ROOF_20260921_180355.mp4",250,"2026-09-21 18:03:59.183836","VEH_046","bus","UNK","UNK","UNK","gray","0.00","UNK","2026-09-22 04:20:41.78813","2026-09-22 04:20:41.78813"
"S25U","INFER_S25U_VEH_ROOF_20260921_180355.mp4",260,"2026-09-21 18:03:59.35119","VEH_001","motorcycle","UNK","UNK","UNK","gray","0.00","UNK","2026-09-22 04:20:43.904297","2026-09-22 04:20:43.904297"
"S25U","INFER_S25U_VEH_ROOF_20260921_180355.mp4",260,"2026-09-21 18:03:59.35119","VEH_002","motorcycle","UNK","UNK","UNK","gray","0.00","UNK","2026-09-22 04:20:43.904297","2026-09-22 04:20:43.904297"
"S25U","INFER_S25U_VEH_ROOF_20260921_180355.mp4",260,"2026-09-21 18:03:59.35119","VEH_003","motorcycle","UNK","UNK","UNK","gray","0.00","UNK","2026-09-22 04:20:43.904297","2026-09-22 04:20:43.904297"
"S25U","INFER_S25U_VEH_ROOF_20260921_180355.mp4",260,"2026-09-21 18:03:59.35119","VEH_004","motorcycle","UNK","UNK","UNK","black","0.00","UNK","2026-09-22 04:20:43.904297","2026-09-22 04:20:43.904297"
"S25U","INFER_S25U_VEH_ROOF_20260921_180355.mp4",260,"2026-09-21 18:03:59.35119","VEH_005","motorcycle","UNK","UNK","UNK","UNK","0.00","UNK","2026-09-22 04:20:43.904297","2026-09-22 04:20:43.904297"
"S25U","INFER_S25U_VEH_ROOF_20260921_180355.mp4",260,"2026-09-21 18:03:59.35119","VEH_006","motorcycle","UNK","UNK","UNK","gray","0.00","UNK","2026-09-22 04:20:43.904297","2026-09-22 04:20:43.904297"
"S25U","INFER_S25U_VEH_ROOF_20260921_180355.mp4",260,"2026-09-21 18:03:59.35119","VEH_007","motorcycle","UNK","UNK","UNK","gray","0.00","UNK","2026-09-22 04:20:43.904297","2026-09-22 04:20:43.904297"
"S25U","INFER_S25U_VEH_ROOF_20260921_180355.mp4",260,"2026-09-21 18:03:59.35119","VEH_008","motorcycle","UNK","UNK","UNK","gray","0.00","UNK","2026-09-22 04:20:43.904297","2026-09-22 04:20:43.904297"
"S25U","INFER_S25U_VEH_ROOF_20260921_180355.mp4",260,"2026-09-21 18:03:59.35119","VEH_009","motorcycle","UNK","UNK","UNK","gray","0.00","UNK","2026-09-22 04:20:43.904297","2026-09-22 04:20:43.904297"
"S25U","INFER_S25U_VEH_ROOF_20260921_180355.mp4",260,"2026-09-21 18:03:59.35119","VEH_010","motorcycle","UNK","UNK","UNK","gray","0.00","UNK","2026-09-22 04:20:43.904297","2026-09-22 04:20:43.904297"
"S25U","INFER_S25U_VEH_ROOF_20260921_180355.mp4",260,"2026-09-21 18:03:59.35119","VEH_011","bus","UNK","UNK","UNK","gray","0.00","UNK","2026-09-22 04:20:43.904297","2026-09-22 04:20:43.904297"
"S25U","INFER_S25U_VEH_ROOF_20260921_180355.mp4",260,"2026-09-21 18:03:59.35119","VEH_012","motorcycle","UNK","UNK","UNK","black","0.00","UNK","2026-09-22 04:20:43.904297","2026-09-22 04:20:43.904297"
"S25U","INFER_S25U_VEH_ROOF_20260921_180355.mp4",260,"2026-09-21 18:03:59.35119","VEH_013","motorcycle","UNK","UNK","UNK","gray","0.00","UNK","2026-09-22 04:20:43.904297","2026-09-22 04:20:43.904297"
"S25U","INFER_S25U_VEH_ROOF_20260921_180355.mp4",260,"2026-09-21 18:03:59.35119","VEH_014","motorcycle","UNK","UNK","UNK","gray","0.00","UNK","2026-09-22 04:20:43.904297","2026-09-22 04:20:43.904297"
"S25U","INFER_S25U_VEH_ROOF_20260921_180355.mp4",260,"2026-09-21 18:03:59.35119","VEH_015","motorcycle","UNK","UNK","UNK","gray","0.00","UNK","2026-09-22 04:20:43.904297","2026-09-22 04:20:43.904297"
"S25U","INFER_S25U_VEH_ROOF_20260921_180355.mp4",260,"2026-09-21 18:03:59.35119","VEH_016","motorcycle","UNK","UNK","UNK","gray","0.00","UNK","2026-09-22 04:20:43.904297","2026-09-22 04:20:43.904297"
"S25U","INFER_S25U_VEH_ROOF_20260921_180355.mp4",260,"2026-09-21 18:03:59.35119","VEH_017","motorcycle","UNK","UNK","UNK","gray","0.00","UNK","2026-09-22 04:20:43.904297","2026-09-22 04:20:43.904297"
"S25U","INFER_S25U_VEH_ROOF_20260921_180355.mp4",260,"2026-09-21 18:03:59.35119","VEH_018","motorcycle","UNK","UNK","UNK","gray","0.00","UNK","2026-09-22 04:20:43.904297","2026-09-22 04:20:43.904297"
"S25U","INFER_S25U_VEH_ROOF_20260921_180355.mp4",260,"2026-09-21 18:03:59.35119","VEH_019","motorcycle","UNK","UNK","UNK","black","0.00","UNK","2026-09-22 04:20:43.904297","2026-09-22 04:20:43.904297"
"S25U","INFER_S25U_VEH_ROOF_20260921_180355.mp4",260,"2026-09-21 18:03:59.35119","VEH_020","motorcycle","UNK","UNK","UNK","gray","0.00","UNK","2026-09-22 04:20:43.904297","2026-09-22 04:20:43.904297"
"S25U","INFER_S25U_VEH_ROOF_20260921_180355.mp4",260,"2026-09-21 18:03:59.35119","VEH_021","motorcycle","UNK","UNK","UNK","gray","0.00","UNK","2026-09-22 04:20:43.904297","2026-09-22 04:20:43.904297"
"S25U","INFER_S25U_VEH_ROOF_20260921_180355.mp4",260,"2026-09-21 18:03:59.35119","VEH_022","motorcycle","UNK","UNK","UNK","gray","0.00","UNK","2026-09-22 04:20:43.904297","2026-09-22 04:20:43.904297"
"S25U","INFER_S25U_VEH_ROOF_20260921_180355.mp4",260,"2026-09-21 18:03:59.35119","VEH_023","motorcycle","UNK","UNK","UNK","black","0.00","UNK","2026-09-22 04:20:43.904297","2026-09-22 04:20:43.904297"
"S25U","INFER_S25U_VEH_ROOF_20260921_180355.mp4",260,"2026-09-21 18:03:59.35119","VEH_024","motorcycle","UNK","UNK","UNK","black","0.00","UNK","2026-09-22 04:20:43.904297","2026-09-22 04:20:43.904297"
"S25U","INFER_S25U_VEH_ROOF_20260921_180355.mp4",260,"2026-09-21 18:03:59.35119","VEH_025","motorcycle","UNK","UNK","UNK","black","0.00","UNK","2026-09-22 04:20:43.904297","2026-09-22 04:20:43.904297"
"S25U","INFER_S25U_VEH_ROOF_20260921_180355.mp4",260,"2026-09-21 18:03:59.35119","VEH_026","motorcycle","UNK","UNK","UNK","UNK","0.00","UNK","2026-09-22 04:20:43.904297","2026-09-22 04:20:43.904297"
"S25U","INFER_S25U_VEH_ROOF_20260921_180355.mp4",260,"2026-09-21 18:03:59.35119","VEH_027","motorcycle","UNK","UNK","UNK","UNK","0.00","UNK","2026-09-22 04:20:43.904297","2026-09-22 04:20:43.904297"
"S25U","INFER_S25U_VEH_ROOF_20260921_180355.mp4",260,"2026-09-21 18:03:59.35119","VEH_028","motorcycle","UNK","UNK","UNK","UNK","0.00","UNK","2026-09-22 04:20:43.904297","2026-09-22 04:20:43.904297"
"S25U","INFER_S25U_VEH_ROOF_20260921_180355.mp4",260,"2026-09-21 18:03:59.35119","VEH_029","motorcycle","UNK","UNK","UNK","UNK","0.00","UNK","2026-09-22 04:20:43.904297","2026-09-22 04:20:43.904297"
"S25U","INFER_S25U_VEH_ROOF_20260921_180355.mp4",260,"2026-09-21 18:03:59.35119","VEH_030","motorcycle","UNK","UNK","UNK","gray","0.00","UNK","2026-09-22 04:20:43.904297","2026-09-22 04:20:43.904297"
"S25U","INFER_S25U_VEH_ROOF_20260921_180355.mp4",260,"2026-09-21 18:03:59.35119","VEH_031","motorcycle","UNK","UNK","UNK","gray","0.00","UNK","2026-09-22 04:20:43.904297","2026-09-22 04:20:43.904297"
"S25U","INFER_S25U_VEH_ROOF_20260921_180355.mp4",260,"2026-09-21 18:03:59.35119","VEH_032","motorcycle","UNK","UNK","UNK","gray","0.00","UNK","2026-09-22 04:20:43.904297","2026-09-22 04:20:43.904297"
"S25U","INFER_S25U_VEH_ROOF_20260921_180355.mp4",260,"2026-09-21 18:03:59.35119","VEH_033","motorcycle","UNK","UNK","UNK","gray","0.00","UNK","2026-09-22 04:20:43.904297","2026-09-22 04:20:43.904297"
"S25U","INFER_S25U_VEH_ROOF_20260921_180355.mp4",260,"2026-09-21 18:03:59.35119","VEH_034","motorcycle","UNK","UNK","UNK","UNK","0.00","UNK","2026-09-22 04:20:43.904297","2026-09-22 04:20:43.904297"
"S25U","INFER_S25U_VEH_ROOF_20260921_180355.mp4",260,"2026-09-21 18:03:59.35119","VEH_035","motorcycle","UNK","UNK","UNK","black","0.00","UNK","2026-09-22 04:20:43.904297","2026-09-22 04:20:43.904297"
"S25U","INFER_S25U_VEH_ROOF_20260921_180355.mp4",260,"2026-09-21 18:03:59.35119","VEH_036","motorcycle","UNK","UNK","UNK","black","0.00","UNK","2026-09-22 04:20:43.904297","2026-09-22 04:20:43.904297"
"S25U","INFER_S25U_VEH_ROOF_20260921_180355.mp4",260,"2026-09-21 18:03:59.35119","VEH_037","bus","UNK","UNK","UNK","black","0.00","UNK","2026-09-22 04:20:43.904297","2026-09-22 04:20:43.904297"
"S25U","INFER_S25U_VEH_ROOF_20260921_180355.mp4",260,"2026-09-21 18:03:59.35119","VEH_038","motorcycle","UNK","UNK","UNK","gray","0.00","UNK","2026-09-22 04:20:43.904297","2026-09-22 04:20:43.904297"
"S25U","INFER_S25U_VEH_ROOF_20260921_180355.mp4",260,"2026-09-21 18:03:59.35119","VEH_039","motorcycle","UNK","UNK","UNK","black","0.00","UNK","2026-09-22 04:20:43.904297","2026-09-22 04:20:43.904297"
"S25U","INFER_S25U_VEH_ROOF_20260921_180355.mp4",260,"2026-09-21 18:03:59.35119","VEH_040","motorcycle","UNK","UNK","UNK","UNK","0.00","UNK","2026-09-22 04:20:43.904297","2026-09-22 04:20:43.904297"
"S25U","INFER_S25U_VEH_ROOF_20260921_180355.mp4",260,"2026-09-21 18:03:59.35119","VEH_041","truck","UNK","UNK","UNK","gray","0.00","UNK","2026-09-22 04:20:43.904297","2026-09-22 04:20:43.904297"
"S25U","INFER_S25U_VEH_ROOF_20260921_180355.mp4",270,"2026-09-21 18:03:59.518543","VEH_001","motorcycle","UNK","UNK","UNK","gray","0.00","UNK","2026-09-22 04:20:45.892951","2026-09-22 04:20:45.892951"
"S25U","INFER_S25U_VEH_ROOF_20260921_180355.mp4",270,"2026-09-21 18:03:59.518543","VEH_002","motorcycle","UNK","UNK","UNK","gray","0.00","UNK","2026-09-22 04:20:45.892951","2026-09-22 04:20:45.892951"
"S25U","INFER_S25U_VEH_ROOF_20260921_180355.mp4",270,"2026-09-21 18:03:59.518543","VEH_003","motorcycle","UNK","UNK","UNK","black","0.00","UNK","2026-09-22 04:20:45.892951","2026-09-22 04:20:45.892951"
"S25U","INFER_S25U_VEH_ROOF_20260921_180355.mp4",270,"2026-09-21 18:03:59.518543","VEH_004","motorcycle","UNK","UNK","UNK","gray","0.00","UNK","2026-09-22 04:20:45.892951","2026-09-22 04:20:45.892951"
"S25U","INFER_S25U_VEH_ROOF_20260921_180355.mp4",270,"2026-09-21 18:03:59.518543","VEH_005","motorcycle","UNK","UNK","UNK","gray","0.00","UNK","2026-09-22 04:20:45.892951","2026-09-22 04:20:45.892951"
"S25U","INFER_S25U_VEH_ROOF_20260921_180355.mp4",270,"2026-09-21 18:03:59.518543","VEH_006","motorcycle","UNK","UNK","UNK","gray","0.00","UNK","2026-09-22 04:20:45.892951","2026-09-22 04:20:45.892951"
"S25U","INFER_S25U_VEH_ROOF_20260921_180355.mp4",270,"2026-09-21 18:03:59.518543","VEH_007","motorcycle","UNK","UNK","UNK","gray","0.00","UNK","2026-09-22 04:20:45.892951","2026-09-22 04:20:45.892951"
"S25U","INFER_S25U_VEH_ROOF_20260921_180355.mp4",270,"2026-09-21 18:03:59.518543","VEH_008","motorcycle","UNK","UNK","UNK","gray","0.00","UNK","2026-09-22 04:20:45.892951","2026-09-22 04:20:45.892951"
"S25U","INFER_S25U_VEH_ROOF_20260921_180355.mp4",270,"2026-09-21 18:03:59.518543","VEH_009","motorcycle","UNK","UNK","UNK","gray","0.00","UNK","2026-09-22 04:20:45.892951","2026-09-22 04:20:45.892951"
"S25U","INFER_S25U_VEH_ROOF_20260921_180355.mp4",270,"2026-09-21 18:03:59.518543","VEH_010","motorcycle","UNK","UNK","UNK","gray","0.00","UNK","2026-09-22 04:20:45.892951","2026-09-22 04:20:45.892951"
"S25U","INFER_S25U_VEH_ROOF_20260921_180355.mp4",270,"2026-09-21 18:03:59.518543","VEH_011","motorcycle","UNK","UNK","UNK","gray","0.00","UNK","2026-09-22 04:20:45.892951","2026-09-22 04:20:45.892951"
"S25U","INFER_S25U_VEH_ROOF_20260921_180355.mp4",270,"2026-09-21 18:03:59.518543","VEH_012","bus","UNK","UNK","UNK","gray","0.00","UNK","2026-09-22 04:20:45.892951","2026-09-22 04:20:45.892951"
"S25U","INFER_S25U_VEH_ROOF_20260921_180355.mp4",270,"2026-09-21 18:03:59.518543","VEH_013","motorcycle","UNK","UNK","UNK","black","0.00","UNK","2026-09-22 04:20:45.892951","2026-09-22 04:20:45.892951"
"S25U","INFER_S25U_VEH_ROOF_20260921_180355.mp4",270,"2026-09-21 18:03:59.518543","VEH_014","motorcycle","UNK","UNK","UNK","black","0.00","UNK","2026-09-22 04:20:45.892951","2026-09-22 04:20:45.892951"
"S25U","INFER_S25U_VEH_ROOF_20260921_180355.mp4",270,"2026-09-21 18:03:59.518543","VEH_015","motorcycle","UNK","UNK","UNK","gray","0.00","UNK","2026-09-22 04:20:45.892951","2026-09-22 04:20:45.892951"
"S25U","INFER_S25U_VEH_ROOF_20260921_180355.mp4",270,"2026-09-21 18:03:59.518543","VEH_016","motorcycle","UNK","UNK","UNK","gray","0.00","UNK","2026-09-22 04:20:45.892951","2026-09-22 04:20:45.892951"
"S25U","INFER_S25U_VEH_ROOF_20260921_180355.mp4",270,"2026-09-21 18:03:59.518543","VEH_017","motorcycle","UNK","UNK","UNK","gray","0.00","UNK","2026-09-22 04:20:45.892951","2026-09-22 04:20:45.892951"
"S25U","INFER_S25U_VEH_ROOF_20260921_180355.mp4",270,"2026-09-21 18:03:59.518543","VEH_018","motorcycle","UNK","UNK","UNK","gray","0.00","UNK","2026-09-22 04:20:45.892951","2026-09-22 04:20:45.892951"
"S25U","INFER_S25U_VEH_ROOF_20260921_180355.mp4",270,"2026-09-21 18:03:59.518543","VEH_019","motorcycle","UNK","UNK","UNK","black","0.00","UNK","2026-09-22 04:20:45.892951","2026-09-22 04:20:45.892951"
"S25U","INFER_S25U_VEH_ROOF_20260921_180355.mp4",270,"2026-09-21 18:03:59.518543","VEH_020","motorcycle","UNK","UNK","UNK","black","0.00","UNK","2026-09-22 04:20:45.892951","2026-09-22 04:20:45.892951"
"S25U","INFER_S25U_VEH_ROOF_20260921_180355.mp4",270,"2026-09-21 18:03:59.518543","VEH_021","motorcycle","UNK","UNK","UNK","black","0.00","UNK","2026-09-22 04:20:45.892951","2026-09-22 04:20:45.892951"
"S25U","INFER_S25U_VEH_ROOF_20260921_180355.mp4",270,"2026-09-21 18:03:59.518543","VEH_022","motorcycle","UNK","UNK","UNK","black","0.00","UNK","2026-09-22 04:20:45.892951","2026-09-22 04:20:45.892951"
"S25U","INFER_S25U_VEH_ROOF_20260921_180355.mp4",270,"2026-09-21 18:03:59.518543","VEH_023","motorcycle","UNK","UNK","UNK","UNK","0.00","UNK","2026-09-22 04:20:45.892951","2026-09-22 04:20:45.892951"
"S25U","INFER_S25U_VEH_ROOF_20260921_180355.mp4",270,"2026-09-21 18:03:59.518543","VEH_024","motorcycle","UNK","UNK","UNK","UNK","0.00","UNK","2026-09-22 04:20:45.892951","2026-09-22 04:20:45.892951"
"S25U","INFER_S25U_VEH_ROOF_20260921_180355.mp4",270,"2026-09-21 18:03:59.518543","VEH_025","motorcycle","UNK","UNK","UNK","gray","0.00","UNK","2026-09-22 04:20:45.892951","2026-09-22 04:20:45.892951"
"S25U","INFER_S25U_VEH_ROOF_20260921_180355.mp4",270,"2026-09-21 18:03:59.518543","VEH_026","motorcycle","UNK","UNK","UNK","gray","0.00","UNK","2026-09-22 04:20:45.892951","2026-09-22 04:20:45.892951"
"S25U","INFER_S25U_VEH_ROOF_20260921_180355.mp4",270,"2026-09-21 18:03:59.518543","VEH_027","motorcycle","UNK","UNK","UNK","gray","0.00","UNK","2026-09-22 04:20:45.892951","2026-09-22 04:20:45.892951"
"S25U","INFER_S25U_VEH_ROOF_20260921_180355.mp4",270,"2026-09-21 18:03:59.518543","VEH_028","motorcycle","UNK","UNK","UNK","black","0.00","UNK","2026-09-22 04:20:45.892951","2026-09-22 04:20:45.892951"
"S25U","INFER_S25U_VEH_ROOF_20260921_180355.mp4",270,"2026-09-21 18:03:59.518543","VEH_029","motorcycle","UNK","UNK","UNK","UNK","0.00","UNK","2026-09-22 04:20:45.892951","2026-09-22 04:20:45.892951"
"S25U","INFER_S25U_VEH_ROOF_20260921_180355.mp4",270,"2026-09-21 18:03:59.518543","VEH_030","motorcycle","UNK","UNK","UNK","UNK","0.00","UNK","2026-09-22 04:20:45.892951","2026-09-22 04:20:45.892951"
"S25U","INFER_S25U_VEH_ROOF_20260921_180355.mp4",270,"2026-09-21 18:03:59.518543","VEH_031","motorcycle","UNK","UNK","UNK","gray","0.00","UNK","2026-09-22 04:20:45.892951","2026-09-22 04:20:45.892951"
"S25U","INFER_S25U_VEH_ROOF_20260921_180355.mp4",270,"2026-09-21 18:03:59.518543","VEH_032","motorcycle","UNK","UNK","UNK","gray","0.00","UNK","2026-09-22 04:20:45.892951","2026-09-22 04:20:45.892951"
"S25U","INFER_S25U_VEH_ROOF_20260921_180355.mp4",270,"2026-09-21 18:03:59.518543","VEH_033","motorcycle","UNK","UNK","UNK","black","0.00","UNK","2026-09-22 04:20:45.892951","2026-09-22 04:20:45.892951"
"S25U","INFER_S25U_VEH_ROOF_20260921_180355.mp4",270,"2026-09-21 18:03:59.518543","VEH_034","motorcycle","UNK","UNK","UNK","black","0.00","UNK","2026-09-22 04:20:45.892951","2026-09-22 04:20:45.892951"
"S25U","INFER_S25U_VEH_ROOF_20260921_180355.mp4",270,"2026-09-21 18:03:59.518543","VEH_035","motorcycle","UNK","UNK","UNK","UNK","0.00","UNK","2026-09-22 04:20:45.892951","2026-09-22 04:20:45.892951"
"S25U","INFER_S25U_VEH_ROOF_20260921_180355.mp4",270,"2026-09-21 18:03:59.518543","VEH_036","motorcycle","UNK","UNK","UNK","gray","0.00","UNK","2026-09-22 04:20:45.892951","2026-09-22 04:20:45.892951"
"S25U","INFER_S25U_VEH_ROOF_20260921_180355.mp4",270,"2026-09-21 18:03:59.518543","VEH_037","motorcycle","UNK","UNK","UNK","black","0.00","UNK","2026-09-22 04:20:45.892951","2026-09-22 04:20:45.892951"
"S25U","INFER_S25U_VEH_ROOF_20260921_180355.mp4",270,"2026-09-21 18:03:59.518543","VEH_038","motorcycle","UNK","UNK","UNK","UNK","0.00","UNK","2026-09-22 04:20:45.892951","2026-09-22 04:20:45.892951"
"S25U","INFER_S25U_VEH_ROOF_20260921_180355.mp4",280,"2026-09-21 18:03:59.685897","VEH_001","motorcycle","UNK","UNK","UNK","gray","0.00","UNK","2026-09-22 04:20:48.247328","2026-09-22 04:20:48.247328"
"S25U","INFER_S25U_VEH_ROOF_20260921_180355.mp4",280,"2026-09-21 18:03:59.685897","VEH_002","motorcycle","UNK","UNK","UNK","gray","0.00","UNK","2026-09-22 04:20:48.247328","2026-09-22 04:20:48.247328"
"S25U","INFER_S25U_VEH_ROOF_20260921_180355.mp4",280,"2026-09-21 18:03:59.685897","VEH_003","motorcycle","UNK","UNK","UNK","black","0.00","UNK","2026-09-22 04:20:48.247328","2026-09-22 04:20:48.247328"
"S25U","INFER_S25U_VEH_ROOF_20260921_180355.mp4",280,"2026-09-21 18:03:59.685897","VEH_004","motorcycle","UNK","UNK","UNK","gray","0.00","UNK","2026-09-22 04:20:48.247328","2026-09-22 04:20:48.247328"
"S25U","INFER_S25U_VEH_ROOF_20260921_180355.mp4",280,"2026-09-21 18:03:59.685897","VEH_005","motorcycle","UNK","UNK","UNK","gray","0.00","UNK","2026-09-22 04:20:48.247328","2026-09-22 04:20:48.247328"
"S25U","INFER_S25U_VEH_ROOF_20260921_180355.mp4",280,"2026-09-21 18:03:59.685897","VEH_006","motorcycle","UNK","UNK","UNK","gray","0.00","UNK","2026-09-22 04:20:48.247328","2026-09-22 04:20:48.247328"
"S25U","INFER_S25U_VEH_ROOF_20260921_180355.mp4",280,"2026-09-21 18:03:59.685897","VEH_007","motorcycle","UNK","UNK","UNK","gray","0.00","UNK","2026-09-22 04:20:48.247328","2026-09-22 04:20:48.247328"
"S25U","INFER_S25U_VEH_ROOF_20260921_180355.mp4",280,"2026-09-21 18:03:59.685897","VEH_008","motorcycle","UNK","UNK","UNK","black","0.00","UNK","2026-09-22 04:20:48.247328","2026-09-22 04:20:48.247328"
"S25U","INFER_S25U_VEH_ROOF_20260921_180355.mp4",280,"2026-09-21 18:03:59.685897","VEH_009","motorcycle","UNK","UNK","UNK","UNK","0.00","UNK","2026-09-22 04:20:48.247328","2026-09-22 04:20:48.247328"
"S25U","INFER_S25U_VEH_ROOF_20260921_180355.mp4",280,"2026-09-21 18:03:59.685897","VEH_010","motorcycle","UNK","UNK","UNK","gray","0.00","UNK","2026-09-22 04:20:48.247328","2026-09-22 04:20:48.247328"
"S25U","INFER_S25U_VEH_ROOF_20260921_180355.mp4",280,"2026-09-21 18:03:59.685897","VEH_011","motorcycle","UNK","UNK","UNK","gray","0.00","UNK","2026-09-22 04:20:48.247328","2026-09-22 04:20:48.247328"
"S25U","INFER_S25U_VEH_ROOF_20260921_180355.mp4",280,"2026-09-21 18:03:59.685897","VEH_012","motorcycle","UNK","UNK","UNK","black","0.00","UNK","2026-09-22 04:20:48.247328","2026-09-22 04:20:48.247328"
"S25U","INFER_S25U_VEH_ROOF_20260921_180355.mp4",280,"2026-09-21 18:03:59.685897","VEH_013","motorcycle","UNK","UNK","UNK","black","0.00","UNK","2026-09-22 04:20:48.247328","2026-09-22 04:20:48.247328"
"S25U","INFER_S25U_VEH_ROOF_20260921_180355.mp4",280,"2026-09-21 18:03:59.685897","VEH_014","motorcycle","UNK","UNK","UNK","gray","0.00","UNK","2026-09-22 04:20:48.247328","2026-09-22 04:20:48.247328"
"S25U","INFER_S25U_VEH_ROOF_20260921_180355.mp4",280,"2026-09-21 18:03:59.685897","VEH_015","motorcycle","UNK","UNK","UNK","gray","0.00","UNK","2026-09-22 04:20:48.247328","2026-09-22 04:20:48.247328"
"S25U","INFER_S25U_VEH_ROOF_20260921_180355.mp4",280,"2026-09-21 18:03:59.685897","VEH_016","motorcycle","UNK","UNK","UNK","gray","0.00","UNK","2026-09-22 04:20:48.247328","2026-09-22 04:20:48.247328"
"S25U","INFER_S25U_VEH_ROOF_20260921_180355.mp4",280,"2026-09-21 18:03:59.685897","VEH_017","motorcycle","UNK","UNK","UNK","gray","0.00","UNK","2026-09-22 04:20:48.247328","2026-09-22 04:20:48.247328"
"S25U","INFER_S25U_VEH_ROOF_20260921_180355.mp4",280,"2026-09-21 18:03:59.685897","VEH_018","motorcycle","UNK","UNK","UNK","gray","0.00","UNK","2026-09-22 04:20:48.247328","2026-09-22 04:20:48.247328"
"S25U","INFER_S25U_VEH_ROOF_20260921_180355.mp4",280,"2026-09-21 18:03:59.685897","VEH_019","motorcycle","UNK","UNK","UNK","gray","0.00","UNK","2026-09-22 04:20:48.247328","2026-09-22 04:20:48.247328"
"S25U","INFER_S25U_VEH_ROOF_20260921_180355.mp4",280,"2026-09-21 18:03:59.685897","VEH_020","motorcycle","UNK","UNK","UNK","gray","0.00","UNK","2026-09-22 04:20:48.247328","2026-09-22 04:20:48.247328"
"S25U","INFER_S25U_VEH_ROOF_20260921_180355.mp4",280,"2026-09-21 18:03:59.685897","VEH_021","motorcycle","UNK","UNK","UNK","black","0.00","UNK","2026-09-22 04:20:48.247328","2026-09-22 04:20:48.247328"
"S25U","INFER_S25U_VEH_ROOF_20260921_180355.mp4",280,"2026-09-21 18:03:59.685897","VEH_022","motorcycle","UNK","UNK","UNK","black","0.00","UNK","2026-09-22 04:20:48.247328","2026-09-22 04:20:48.247328"
"S25U","INFER_S25U_VEH_ROOF_20260921_180355.mp4",280,"2026-09-21 18:03:59.685897","VEH_023","motorcycle","UNK","UNK","UNK","black","0.00","UNK","2026-09-22 04:20:48.247328","2026-09-22 04:20:48.247328"
"S25U","INFER_S25U_VEH_ROOF_20260921_180355.mp4",280,"2026-09-21 18:03:59.685897","VEH_024","motorcycle","UNK","UNK","UNK","black","0.00","UNK","2026-09-22 04:20:48.247328","2026-09-22 04:20:48.247328"
"S25U","INFER_S25U_VEH_ROOF_20260921_180355.mp4",280,"2026-09-21 18:03:59.685897","VEH_025","motorcycle","UNK","UNK","UNK","UNK","0.00","UNK","2026-09-22 04:20:48.247328","2026-09-22 04:20:48.247328"
"S25U","INFER_S25U_VEH_ROOF_20260921_180355.mp4",280,"2026-09-21 18:03:59.685897","VEH_026","motorcycle","UNK","UNK","UNK","UNK","0.00","UNK","2026-09-22 04:20:48.247328","2026-09-22 04:20:48.247328"
"S25U","INFER_S25U_VEH_ROOF_20260921_180355.mp4",280,"2026-09-21 18:03:59.685897","VEH_027","motorcycle","UNK","UNK","UNK","UNK","0.00","UNK","2026-09-22 04:20:48.247328","2026-09-22 04:20:48.247328"
"S25U","INFER_S25U_VEH_ROOF_20260921_180355.mp4",280,"2026-09-21 18:03:59.685897","VEH_028","motorcycle","UNK","UNK","UNK","gray","0.00","UNK","2026-09-22 04:20:48.247328","2026-09-22 04:20:48.247328"
"S25U","INFER_S25U_VEH_ROOF_20260921_180355.mp4",280,"2026-09-21 18:03:59.685897","VEH_029","motorcycle","UNK","UNK","UNK","black","0.00","UNK","2026-09-22 04:20:48.247328","2026-09-22 04:20:48.247328"
"S25U","INFER_S25U_VEH_ROOF_20260921_180355.mp4",280,"2026-09-21 18:03:59.685897","VEH_030","motorcycle","UNK","UNK","UNK","gray","0.00","UNK","2026-09-22 04:20:48.247328","2026-09-22 04:20:48.247328"
"S25U","INFER_S25U_VEH_ROOF_20260921_180355.mp4",280,"2026-09-21 18:03:59.685897","VEH_031","motorcycle","UNK","UNK","UNK","black","0.00","UNK","2026-09-22 04:20:48.247328","2026-09-22 04:20:48.247328"
"S25U","INFER_S25U_VEH_ROOF_20260921_180355.mp4",280,"2026-09-21 18:03:59.685897","VEH_032","motorcycle","UNK","UNK","UNK","black","0.00","UNK","2026-09-22 04:20:48.247328","2026-09-22 04:20:48.247328"
"S25U","INFER_S25U_VEH_ROOF_20260921_180355.mp4",280,"2026-09-21 18:03:59.685897","VEH_033","motorcycle","UNK","UNK","UNK","black","0.00","UNK","2026-09-22 04:20:48.247328","2026-09-22 04:20:48.247328"
"S25U","INFER_S25U_VEH_ROOF_20260921_180355.mp4",280,"2026-09-21 18:03:59.685897","VEH_034","motorcycle","UNK","UNK","UNK","UNK","0.00","UNK","2026-09-22 04:20:48.247328","2026-09-22 04:20:48.247328"
"S25U","INFER_S25U_VEH_ROOF_20260921_180355.mp4",280,"2026-09-21 18:03:59.685897","VEH_035","motorcycle","UNK","UNK","UNK","UNK","0.00","UNK","2026-09-22 04:20:48.247328","2026-09-22 04:20:48.247328"
"S25U","INFER_S25U_VEH_ROOF_20260921_180355.mp4",280,"2026-09-21 18:03:59.685897","VEH_036","motorcycle","UNK","UNK","UNK","gray","0.00","UNK","2026-09-22 04:20:48.247328","2026-09-22 04:20:48.247328"
"S25U","INFER_S25U_VEH_ROOF_20260921_180355.mp4",280,"2026-09-21 18:03:59.685897","VEH_037","motorcycle","UNK","UNK","UNK","gray","0.00","UNK","2026-09-22 04:20:48.247328","2026-09-22 04:20:48.247328"
"S25U","INFER_S25U_VEH_ROOF_20260921_180355.mp4",280,"2026-09-21 18:03:59.685897","VEH_038","motorcycle","UNK","UNK","UNK","black","0.00","UNK","2026-09-22 04:20:48.247328","2026-09-22 04:20:48.247328"
"S25U","INFER_S25U_VEH_ROOF_20260921_180355.mp4",280,"2026-09-21 18:03:59.685897","VEH_039","motorcycle","UNK","UNK","UNK","black","0.00","UNK","2026-09-22 04:20:48.247328","2026-09-22 04:20:48.247328"
"S25U","INFER_S25U_VEH_ROOF_20260921_180355.mp4",280,"2026-09-21 18:03:59.685897","VEH_040","bus","UNK","UNK","UNK","gray","0.00","UNK","2026-09-22 04:20:48.247328","2026-09-22 04:20:48.247328"
"S25U","INFER_S25U_VEH_ROOF_20260921_180355.mp4",280,"2026-09-21 18:03:59.685897","VEH_041","motorcycle","UNK","UNK","UNK","UNK","0.00","UNK","2026-09-22 04:20:48.247328","2026-09-22 04:20:48.247328"
"S25U","INFER_S25U_VEH_ROOF_20260921_180355.mp4",280,"2026-09-21 18:03:59.685897","VEH_042","motorcycle","UNK","UNK","UNK","gray","0.00","UNK","2026-09-22 04:20:48.247328","2026-09-22 04:20:48.247328"
"S25U","INFER_S25U_VEH_ROOF_20260921_180355.mp4",280,"2026-09-21 18:03:59.685897","VEH_043","bus","UNK","UNK","UNK","gray","0.00","UNK","2026-09-22 04:20:48.247328","2026-09-22 04:20:48.247328"
"S25U","INFER_S25U_VEH_ROOF_20260921_180355.mp4",280,"2026-09-21 18:03:59.685897","VEH_044","truck","UNK","UNK","UNK","gray","0.00","UNK","2026-09-22 04:20:48.247328","2026-09-22 04:20:48.247328"
"S25U","INFER_S25U_VEH_ROOF_20260921_180355.mp4",290,"2026-09-21 18:03:59.85325","VEH_001","motorcycle","UNK","UNK","UNK","gray","0.00","UNK","2026-09-22 04:20:50.499967","2026-09-22 04:20:50.499967"
"S25U","INFER_S25U_VEH_ROOF_20260921_180355.mp4",290,"2026-09-21 18:03:59.85325","VEH_002","motorcycle","UNK","UNK","UNK","gray","0.00","UNK","2026-09-22 04:20:50.499967","2026-09-22 04:20:50.499967"
"S25U","INFER_S25U_VEH_ROOF_20260921_180355.mp4",290,"2026-09-21 18:03:59.85325","VEH_003","motorcycle","UNK","UNK","UNK","gray","0.00","UNK","2026-09-22 04:20:50.499967","2026-09-22 04:20:50.499967"
"S25U","INFER_S25U_VEH_ROOF_20260921_180355.mp4",290,"2026-09-21 18:03:59.85325","VEH_004","motorcycle","UNK","UNK","UNK","orange","0.00","UNK","2026-09-22 04:20:50.499967","2026-09-22 04:20:50.499967"
"S25U","INFER_S25U_VEH_ROOF_20260921_180355.mp4",290,"2026-09-21 18:03:59.85325","VEH_005","motorcycle","UNK","UNK","UNK","UNK","0.00","UNK","2026-09-22 04:20:50.499967","2026-09-22 04:20:50.499967"
"S25U","INFER_S25U_VEH_ROOF_20260921_180355.mp4",290,"2026-09-21 18:03:59.85325","VEH_006","motorcycle","UNK","UNK","UNK","gray","0.00","UNK","2026-09-22 04:20:50.499967","2026-09-22 04:20:50.499967"
"S25U","INFER_S25U_VEH_ROOF_20260921_180355.mp4",290,"2026-09-21 18:03:59.85325","VEH_007","motorcycle","UNK","UNK","UNK","gray","0.00","UNK","2026-09-22 04:20:50.499967","2026-09-22 04:20:50.499967"
"S25U","INFER_S25U_VEH_ROOF_20260921_180355.mp4",290,"2026-09-21 18:03:59.85325","VEH_008","motorcycle","UNK","UNK","UNK","black","0.00","UNK","2026-09-22 04:20:50.499967","2026-09-22 04:20:50.499967"
"S25U","INFER_S25U_VEH_ROOF_20260921_180355.mp4",290,"2026-09-21 18:03:59.85325","VEH_009","motorcycle","UNK","UNK","UNK","black","0.00","UNK","2026-09-22 04:20:50.499967","2026-09-22 04:20:50.499967"
"S25U","INFER_S25U_VEH_ROOF_20260921_180355.mp4",290,"2026-09-21 18:03:59.85325","VEH_010","motorcycle","UNK","UNK","UNK","gray","0.00","UNK","2026-09-22 04:20:50.499967","2026-09-22 04:20:50.499967"
"S25U","INFER_S25U_VEH_ROOF_20260921_180355.mp4",290,"2026-09-21 18:03:59.85325","VEH_011","motorcycle","UNK","UNK","UNK","gray","0.00","UNK","2026-09-22 04:20:50.499967","2026-09-22 04:20:50.499967"
"S25U","INFER_S25U_VEH_ROOF_20260921_180355.mp4",290,"2026-09-21 18:03:59.85325","VEH_012","motorcycle","UNK","UNK","UNK","gray","0.00","UNK","2026-09-22 04:20:50.499967","2026-09-22 04:20:50.499967"
"S25U","INFER_S25U_VEH_ROOF_20260921_180355.mp4",290,"2026-09-21 18:03:59.85325","VEH_013","motorcycle","UNK","UNK","UNK","gray","0.00","UNK","2026-09-22 04:20:50.499967","2026-09-22 04:20:50.499967"
"S25U","INFER_S25U_VEH_ROOF_20260921_180355.mp4",290,"2026-09-21 18:03:59.85325","VEH_014","motorcycle","UNK","UNK","UNK","gray","0.00","UNK","2026-09-22 04:20:50.499967","2026-09-22 04:20:50.499967"
"S25U","INFER_S25U_VEH_ROOF_20260921_180355.mp4",290,"2026-09-21 18:03:59.85325","VEH_015","motorcycle","UNK","UNK","UNK","gray","0.00","UNK","2026-09-22 04:20:50.499967","2026-09-22 04:20:50.499967"
"S25U","INFER_S25U_VEH_ROOF_20260921_180355.mp4",290,"2026-09-21 18:03:59.85325","VEH_016","motorcycle","UNK","UNK","UNK","gray","0.00","UNK","2026-09-22 04:20:50.499967","2026-09-22 04:20:50.499967"
"S25U","INFER_S25U_VEH_ROOF_20260921_180355.mp4",290,"2026-09-21 18:03:59.85325","VEH_017","motorcycle","UNK","UNK","UNK","black","0.00","UNK","2026-09-22 04:20:50.499967","2026-09-22 04:20:50.499967"
"S25U","INFER_S25U_VEH_ROOF_20260921_180355.mp4",290,"2026-09-21 18:03:59.85325","VEH_018","motorcycle","UNK","UNK","UNK","UNK","0.00","UNK","2026-09-22 04:20:50.499967","2026-09-22 04:20:50.499967"
"S25U","INFER_S25U_VEH_ROOF_20260921_180355.mp4",290,"2026-09-21 18:03:59.85325","VEH_019","motorcycle","UNK","UNK","UNK","gray","0.00","UNK","2026-09-22 04:20:50.499967","2026-09-22 04:20:50.499967"
"S25U","INFER_S25U_VEH_ROOF_20260921_180355.mp4",290,"2026-09-21 18:03:59.85325","VEH_020","motorcycle","UNK","UNK","UNK","gray","0.00","UNK","2026-09-22 04:20:50.499967","2026-09-22 04:20:50.499967"
"S25U","INFER_S25U_VEH_ROOF_20260921_180355.mp4",290,"2026-09-21 18:03:59.85325","VEH_021","motorcycle","UNK","UNK","UNK","gray","0.00","UNK","2026-09-22 04:20:50.499967","2026-09-22 04:20:50.499967"
"S25U","INFER_S25U_VEH_ROOF_20260921_180355.mp4",290,"2026-09-21 18:03:59.85325","VEH_022","motorcycle","UNK","UNK","UNK","black","0.00","UNK","2026-09-22 04:20:50.499967","2026-09-22 04:20:50.499967"
"S25U","INFER_S25U_VEH_ROOF_20260921_180355.mp4",290,"2026-09-21 18:03:59.85325","VEH_023","motorcycle","UNK","UNK","UNK","gray","0.00","UNK","2026-09-22 04:20:50.499967","2026-09-22 04:20:50.499967"
"S25U","INFER_S25U_VEH_ROOF_20260921_180355.mp4",290,"2026-09-21 18:03:59.85325","VEH_024","motorcycle","UNK","UNK","UNK","black","0.00","UNK","2026-09-22 04:20:50.499967","2026-09-22 04:20:50.499967"
"S25U","INFER_S25U_VEH_ROOF_20260921_180355.mp4",290,"2026-09-21 18:03:59.85325","VEH_025","motorcycle","UNK","UNK","UNK","black","0.00","UNK","2026-09-22 04:20:50.499967","2026-09-22 04:20:50.499967"
"S25U","INFER_S25U_VEH_ROOF_20260921_180355.mp4",290,"2026-09-21 18:03:59.85325","VEH_026","motorcycle","UNK","UNK","UNK","black","0.00","UNK","2026-09-22 04:20:50.499967","2026-09-22 04:20:50.499967"
"S25U","INFER_S25U_VEH_ROOF_20260921_180355.mp4",290,"2026-09-21 18:03:59.85325","VEH_027","motorcycle","UNK","UNK","UNK","orange","0.00","UNK","2026-09-22 04:20:50.499967","2026-09-22 04:20:50.499967"
"S25U","INFER_S25U_VEH_ROOF_20260921_180355.mp4",290,"2026-09-21 18:03:59.85325","VEH_028","motorcycle","UNK","UNK","UNK","black","0.00","UNK","2026-09-22 04:20:50.499967","2026-09-22 04:20:50.499967"
"S25U","INFER_S25U_VEH_ROOF_20260921_180355.mp4",290,"2026-09-21 18:03:59.85325","VEH_029","motorcycle","UNK","UNK","UNK","black","0.00","UNK","2026-09-22 04:20:50.499967","2026-09-22 04:20:50.499967"
"S25U","INFER_S25U_VEH_ROOF_20260921_180355.mp4",290,"2026-09-21 18:03:59.85325","VEH_030","motorcycle","UNK","UNK","UNK","UNK","0.00","UNK","2026-09-22 04:20:50.499967","2026-09-22 04:20:50.499967"
"S25U","INFER_S25U_VEH_ROOF_20260921_180355.mp4",290,"2026-09-21 18:03:59.85325","VEH_031","motorcycle","UNK","UNK","UNK","UNK","0.00","UNK","2026-09-22 04:20:50.499967","2026-09-22 04:20:50.499967"
"S25U","INFER_S25U_VEH_ROOF_20260921_180355.mp4",290,"2026-09-21 18:03:59.85325","VEH_032","motorcycle","UNK","UNK","UNK","gray","0.00","UNK","2026-09-22 04:20:50.499967","2026-09-22 04:20:50.499967"
"S25U","INFER_S25U_VEH_ROOF_20260921_180355.mp4",290,"2026-09-21 18:03:59.85325","VEH_033","motorcycle","UNK","UNK","UNK","gray","0.00","UNK","2026-09-22 04:20:50.499967","2026-09-22 04:20:50.499967"
"S25U","INFER_S25U_VEH_ROOF_20260921_180355.mp4",290,"2026-09-21 18:03:59.85325","VEH_034","motorcycle","UNK","UNK","UNK","gray","0.00","UNK","2026-09-22 04:20:50.499967","2026-09-22 04:20:50.499967"
"S25U","INFER_S25U_VEH_ROOF_20260921_180355.mp4",290,"2026-09-21 18:03:59.85325","VEH_035","motorcycle","UNK","UNK","UNK","gray","0.00","UNK","2026-09-22 04:20:50.499967","2026-09-22 04:20:50.499967"
"S25U","INFER_S25U_VEH_ROOF_20260921_180355.mp4",290,"2026-09-21 18:03:59.85325","VEH_036","motorcycle","UNK","UNK","UNK","gray","0.00","UNK","2026-09-22 04:20:50.499967","2026-09-22 04:20:50.499967"
"S25U","INFER_S25U_VEH_ROOF_20260921_180355.mp4",290,"2026-09-21 18:03:59.85325","VEH_037","motorcycle","UNK","UNK","UNK","gray","0.00","UNK","2026-09-22 04:20:50.499967","2026-09-22 04:20:50.499967"
"S25U","INFER_S25U_VEH_ROOF_20260921_180355.mp4",290,"2026-09-21 18:03:59.85325","VEH_038","motorcycle","UNK","UNK","UNK","UNK","0.00","UNK","2026-09-22 04:20:50.499967","2026-09-22 04:20:50.499967"
"S25U","INFER_S25U_VEH_ROOF_20260921_180355.mp4",290,"2026-09-21 18:03:59.85325","VEH_039","motorcycle","UNK","UNK","UNK","UNK","0.00","UNK","2026-09-22 04:20:50.499967","2026-09-22 04:20:50.499967"
"S25U","INFER_S25U_VEH_ROOF_20260921_180355.mp4",290,"2026-09-21 18:03:59.85325","VEH_040","motorcycle","UNK","UNK","UNK","gray","0.00","UNK","2026-09-22 04:20:50.499967","2026-09-22 04:20:50.499967"
"S25U","INFER_S25U_VEH_ROOF_20260921_180355.mp4",290,"2026-09-21 18:03:59.85325","VEH_041","bus","UNK","UNK","UNK","gray","0.00","UNK","2026-09-22 04:20:50.499967","2026-09-22 04:20:50.499967"
"S25U","INFER_S25U_VEH_ROOF_20260921_180355.mp4",290,"2026-09-21 18:03:59.85325","VEH_042","motorcycle","UNK","UNK","UNK","black","0.00","UNK","2026-09-22 04:20:50.499967","2026-09-22 04:20:50.499967"
"S25U","INFER_S25U_VEH_ROOF_20260921_180355.mp4",290,"2026-09-21 18:03:59.85325","VEH_043","bus","UNK","UNK","UNK","gray","0.00","UNK","2026-09-22 04:20:50.499967","2026-09-22 04:20:50.499967"
"S25U","INFER_S25U_VEH_ROOF_20260921_180355.mp4",300,"2026-09-21 18:04:00.020604","VEH_001","motorcycle","UNK","UNK","UNK","gray","0.00","UNK","2026-09-22 04:20:52.550699","2026-09-22 04:20:52.550699"
"S25U","INFER_S25U_VEH_ROOF_20260921_180355.mp4",300,"2026-09-21 18:04:00.020604","VEH_002","motorcycle","UNK","UNK","UNK","gray","0.00","UNK","2026-09-22 04:20:52.550699","2026-09-22 04:20:52.550699"
"S25U","INFER_S25U_VEH_ROOF_20260921_180355.mp4",300,"2026-09-21 18:04:00.020604","VEH_003","motorcycle","UNK","UNK","UNK","gray","0.00","UNK","2026-09-22 04:20:52.550699","2026-09-22 04:20:52.550699"
"S25U","INFER_S25U_VEH_ROOF_20260921_180355.mp4",300,"2026-09-21 18:04:00.020604","VEH_004","motorcycle","UNK","UNK","UNK","gray","0.00","UNK","2026-09-22 04:20:52.550699","2026-09-22 04:20:52.550699"
"S25U","INFER_S25U_VEH_ROOF_20260921_180355.mp4",300,"2026-09-21 18:04:00.020604","VEH_005","motorcycle","UNK","UNK","UNK","UNK","0.00","UNK","2026-09-22 04:20:52.550699","2026-09-22 04:20:52.550699"
"S25U","INFER_S25U_VEH_ROOF_20260921_180355.mp4",300,"2026-09-21 18:04:00.020604","VEH_006","motorcycle","UNK","UNK","UNK","gray","0.00","UNK","2026-09-22 04:20:52.550699","2026-09-22 04:20:52.550699"
"S25U","INFER_S25U_VEH_ROOF_20260921_180355.mp4",300,"2026-09-21 18:04:00.020604","VEH_007","motorcycle","UNK","UNK","UNK","gray","0.00","UNK","2026-09-22 04:20:52.550699","2026-09-22 04:20:52.550699"
"S25U","INFER_S25U_VEH_ROOF_20260921_180355.mp4",300,"2026-09-21 18:04:00.020604","VEH_008","motorcycle","UNK","UNK","UNK","gray","0.00","UNK","2026-09-22 04:20:52.550699","2026-09-22 04:20:52.550699"
"S25U","INFER_S25U_VEH_ROOF_20260921_180355.mp4",300,"2026-09-21 18:04:00.020604","VEH_009","motorcycle","UNK","UNK","UNK","gray","0.00","UNK","2026-09-22 04:20:52.550699","2026-09-22 04:20:52.550699"
"S25U","INFER_S25U_VEH_ROOF_20260921_180355.mp4",300,"2026-09-21 18:04:00.020604","VEH_010","motorcycle","UNK","UNK","UNK","gray","0.00","UNK","2026-09-22 04:20:52.550699","2026-09-22 04:20:52.550699"
"S25U","INFER_S25U_VEH_ROOF_20260921_180355.mp4",300,"2026-09-21 18:04:00.020604","VEH_011","motorcycle","UNK","UNK","UNK","gray","0.00","UNK","2026-09-22 04:20:52.550699","2026-09-22 04:20:52.550699"
"S25U","INFER_S25U_VEH_ROOF_20260921_180355.mp4",300,"2026-09-21 18:04:00.020604","VEH_012","motorcycle","UNK","UNK","UNK","orange","0.00","UNK","2026-09-22 04:20:52.550699","2026-09-22 04:20:52.550699"
"S25U","INFER_S25U_VEH_ROOF_20260921_180355.mp4",300,"2026-09-21 18:04:00.020604","VEH_013","motorcycle","UNK","UNK","UNK","black","0.00","UNK","2026-09-22 04:20:52.550699","2026-09-22 04:20:52.550699"
"S25U","INFER_S25U_VEH_ROOF_20260921_180355.mp4",300,"2026-09-21 18:04:00.020604","VEH_014","motorcycle","UNK","UNK","UNK","black","0.00","UNK","2026-09-22 04:20:52.550699","2026-09-22 04:20:52.550699"
"S25U","INFER_S25U_VEH_ROOF_20260921_180355.mp4",300,"2026-09-21 18:04:00.020604","VEH_015","motorcycle","UNK","UNK","UNK","gray","0.00","UNK","2026-09-22 04:20:52.550699","2026-09-22 04:20:52.550699"
"S25U","INFER_S25U_VEH_ROOF_20260921_180355.mp4",300,"2026-09-21 18:04:00.020604","VEH_016","motorcycle","UNK","UNK","UNK","gray","0.00","UNK","2026-09-22 04:20:52.550699","2026-09-22 04:20:52.550699"
"S25U","INFER_S25U_VEH_ROOF_20260921_180355.mp4",300,"2026-09-21 18:04:00.020604","VEH_017","motorcycle","UNK","UNK","UNK","gray","0.00","UNK","2026-09-22 04:20:52.550699","2026-09-22 04:20:52.550699"
"S25U","INFER_S25U_VEH_ROOF_20260921_180355.mp4",300,"2026-09-21 18:04:00.020604","VEH_018","motorcycle","UNK","UNK","UNK","gray","0.00","UNK","2026-09-22 04:20:52.550699","2026-09-22 04:20:52.550699"
"S25U","INFER_S25U_VEH_ROOF_20260921_180355.mp4",300,"2026-09-21 18:04:00.020604","VEH_019","motorcycle","UNK","UNK","UNK","gray","0.00","UNK","2026-09-22 04:20:52.550699","2026-09-22 04:20:52.550699"
"S25U","INFER_S25U_VEH_ROOF_20260921_180355.mp4",300,"2026-09-21 18:04:00.020604","VEH_020","motorcycle","UNK","UNK","UNK","gray","0.00","UNK","2026-09-22 04:20:52.550699","2026-09-22 04:20:52.550699"
"S25U","INFER_S25U_VEH_ROOF_20260921_180355.mp4",300,"2026-09-21 18:04:00.020604","VEH_021","motorcycle","UNK","UNK","UNK","gray","0.00","UNK","2026-09-22 04:20:52.550699","2026-09-22 04:20:52.550699"
"S25U","INFER_S25U_VEH_ROOF_20260921_180355.mp4",300,"2026-09-21 18:04:00.020604","VEH_022","motorcycle","UNK","UNK","UNK","gray","0.00","UNK","2026-09-22 04:20:52.550699","2026-09-22 04:20:52.550699"
"S25U","INFER_S25U_VEH_ROOF_20260921_180355.mp4",300,"2026-09-21 18:04:00.020604","VEH_023","motorcycle","UNK","UNK","UNK","gray","0.00","UNK","2026-09-22 04:20:52.550699","2026-09-22 04:20:52.550699"
"S25U","INFER_S25U_VEH_ROOF_20260921_180355.mp4",300,"2026-09-21 18:04:00.020604","VEH_024","motorcycle","UNK","UNK","UNK","black","0.00","UNK","2026-09-22 04:20:52.550699","2026-09-22 04:20:52.550699"
"S25U","INFER_S25U_VEH_ROOF_20260921_180355.mp4",300,"2026-09-21 18:04:00.020604","VEH_025","motorcycle","UNK","UNK","UNK","black","0.00","UNK","2026-09-22 04:20:52.550699","2026-09-22 04:20:52.550699"
"S25U","INFER_S25U_VEH_ROOF_20260921_180355.mp4",300,"2026-09-21 18:04:00.020604","VEH_026","motorcycle","UNK","UNK","UNK","black","0.00","UNK","2026-09-22 04:20:52.550699","2026-09-22 04:20:52.550699"
"S25U","INFER_S25U_VEH_ROOF_20260921_180355.mp4",300,"2026-09-21 18:04:00.020604","VEH_027","motorcycle","UNK","UNK","UNK","black","0.00","UNK","2026-09-22 04:20:52.550699","2026-09-22 04:20:52.550699"
"S25U","INFER_S25U_VEH_ROOF_20260921_180355.mp4",300,"2026-09-21 18:04:00.020604","VEH_028","motorcycle","UNK","UNK","UNK","black","0.00","UNK","2026-09-22 04:20:52.550699","2026-09-22 04:20:52.550699"
"S25U","INFER_S25U_VEH_ROOF_20260921_180355.mp4",300,"2026-09-21 18:04:00.020604","VEH_029","motorcycle","UNK","UNK","UNK","UNK","0.00","UNK","2026-09-22 04:20:52.550699","2026-09-22 04:20:52.550699"
"S25U","INFER_S25U_VEH_ROOF_20260921_180355.mp4",300,"2026-09-21 18:04:00.020604","VEH_030","motorcycle","UNK","UNK","UNK","UNK","0.00","UNK","2026-09-22 04:20:52.550699","2026-09-22 04:20:52.550699"
"S25U","INFER_S25U_VEH_ROOF_20260921_180355.mp4",300,"2026-09-21 18:04:00.020604","VEH_031","motorcycle","UNK","UNK","UNK","UNK","0.00","UNK","2026-09-22 04:20:52.550699","2026-09-22 04:20:52.550699"
"S25U","INFER_S25U_VEH_ROOF_20260921_180355.mp4",300,"2026-09-21 18:04:00.020604","VEH_032","motorcycle","UNK","UNK","UNK","UNK","0.00","UNK","2026-09-22 04:20:52.550699","2026-09-22 04:20:52.550699"
"S25U","INFER_S25U_VEH_ROOF_20260921_180355.mp4",300,"2026-09-21 18:04:00.020604","VEH_033","motorcycle","UNK","UNK","UNK","gray","0.00","UNK","2026-09-22 04:20:52.550699","2026-09-22 04:20:52.550699"
"S25U","INFER_S25U_VEH_ROOF_20260921_180355.mp4",300,"2026-09-21 18:04:00.020604","VEH_034","motorcycle","UNK","UNK","UNK","black","0.00","UNK","2026-09-22 04:20:52.550699","2026-09-22 04:20:52.550699"
"S25U","INFER_S25U_VEH_ROOF_20260921_180355.mp4",300,"2026-09-21 18:04:00.020604","VEH_035","motorcycle","UNK","UNK","UNK","gray","0.00","UNK","2026-09-22 04:20:52.550699","2026-09-22 04:20:52.550699"
"S25U","INFER_S25U_VEH_ROOF_20260921_180355.mp4",300,"2026-09-21 18:04:00.020604","VEH_036","motorcycle","UNK","UNK","UNK","UNK","0.00","UNK","2026-09-22 04:20:52.550699","2026-09-22 04:20:52.550699"
"S25U","INFER_S25U_VEH_ROOF_20260921_180355.mp4",300,"2026-09-21 18:04:00.020604","VEH_037","motorcycle","UNK","UNK","UNK","UNK","0.00","UNK","2026-09-22 04:20:52.550699","2026-09-22 04:20:52.550699"
"S25U","INFER_S25U_VEH_ROOF_20260921_180355.mp4",300,"2026-09-21 18:04:00.020604","VEH_038","motorcycle","UNK","UNK","UNK","black","0.00","UNK","2026-09-22 04:20:52.550699","2026-09-22 04:20:52.550699"
"S25U","INFER_S25U_VEH_ROOF_20260921_180355.mp4",300,"2026-09-21 18:04:00.020604","VEH_039","motorcycle","UNK","UNK","UNK","gray","0.00","UNK","2026-09-22 04:20:52.550699","2026-09-22 04:20:52.550699"
"S25U","INFER_S25U_VEH_ROOF_20260921_180355.mp4",300,"2026-09-21 18:04:00.020604","VEH_040","motorcycle","UNK","UNK","UNK","gray","0.00","UNK","2026-09-22 04:20:52.550699","2026-09-22 04:20:52.550699"
"S25U","INFER_S25U_VEH_ROOF_20260921_180355.mp4",300,"2026-09-21 18:04:00.020604","VEH_041","motorcycle","UNK","UNK","UNK","gray","0.00","UNK","2026-09-22 04:20:52.550699","2026-09-22 04:20:52.550699"
"S25U","INFER_S25U_VEH_ROOF_20260921_180355.mp4",300,"2026-09-21 18:04:00.020604","VEH_042","bus","UNK","UNK","UNK","gray","0.00","UNK","2026-09-22 04:20:52.550699","2026-09-22 04:20:52.550699"
"S25U","INFER_S25U_VEH_ROOF_20260921_180355.mp4",300,"2026-09-21 18:04:00.020604","VEH_043","truck","UNK","UNK","UNK","UNK","0.00","UNK","2026-09-22 04:20:52.550699","2026-09-22 04:20:52.550699"
"S25U","INFER_S25U_VEH_ROOF_20260921_180355.mp4",310,"2026-09-21 18:04:00.187957","VEH_001","motorcycle","UNK","UNK","UNK","gray","0.00","UNK","2026-09-22 04:20:54.858437","2026-09-22 04:20:54.858437"
"S25U","INFER_S25U_VEH_ROOF_20260921_180355.mp4",310,"2026-09-21 18:04:00.187957","VEH_002","motorcycle","UNK","UNK","UNK","gray","0.00","UNK","2026-09-22 04:20:54.858437","2026-09-22 04:20:54.858437"
"S25U","INFER_S25U_VEH_ROOF_20260921_180355.mp4",310,"2026-09-21 18:04:00.187957","VEH_003","motorcycle","UNK","UNK","UNK","gray","0.00","UNK","2026-09-22 04:20:54.858437","2026-09-22 04:20:54.858437"
"S25U","INFER_S25U_VEH_ROOF_20260921_180355.mp4",310,"2026-09-21 18:04:00.187957","VEH_004","motorcycle","UNK","UNK","UNK","UNK","0.00","UNK","2026-09-22 04:20:54.858437","2026-09-22 04:20:54.858437"
"S25U","INFER_S25U_VEH_ROOF_20260921_180355.mp4",310,"2026-09-21 18:04:00.187957","VEH_005","motorcycle","UNK","UNK","UNK","gray","0.00","UNK","2026-09-22 04:20:54.858437","2026-09-22 04:20:54.858437"
"S25U","INFER_S25U_VEH_ROOF_20260921_180355.mp4",310,"2026-09-21 18:04:00.187957","VEH_006","motorcycle","UNK","UNK","UNK","gray","0.00","UNK","2026-09-22 04:20:54.858437","2026-09-22 04:20:54.858437"
"S25U","INFER_S25U_VEH_ROOF_20260921_180355.mp4",310,"2026-09-21 18:04:00.187957","VEH_007","motorcycle","UNK","UNK","UNK","gray","0.00","UNK","2026-09-22 04:20:54.858437","2026-09-22 04:20:54.858437"
"S25U","INFER_S25U_VEH_ROOF_20260921_180355.mp4",310,"2026-09-21 18:04:00.187957","VEH_008","motorcycle","UNK","UNK","UNK","gray","0.00","UNK","2026-09-22 04:20:54.858437","2026-09-22 04:20:54.858437"
"S25U","INFER_S25U_VEH_ROOF_20260921_180355.mp4",310,"2026-09-21 18:04:00.187957","VEH_009","motorcycle","UNK","UNK","UNK","gray","0.00","UNK","2026-09-22 04:20:54.858437","2026-09-22 04:20:54.858437"
"S25U","INFER_S25U_VEH_ROOF_20260921_180355.mp4",310,"2026-09-21 18:04:00.187957","VEH_010","motorcycle","UNK","UNK","UNK","gray","0.00","UNK","2026-09-22 04:20:54.858437","2026-09-22 04:20:54.858437"
"S25U","INFER_S25U_VEH_ROOF_20260921_180355.mp4",310,"2026-09-21 18:04:00.187957","VEH_011","motorcycle","UNK","UNK","UNK","gray","0.00","UNK","2026-09-22 04:20:54.858437","2026-09-22 04:20:54.858437"
"S25U","INFER_S25U_VEH_ROOF_20260921_180355.mp4",310,"2026-09-21 18:04:00.187957","VEH_012","motorcycle","UNK","UNK","UNK","black","0.00","UNK","2026-09-22 04:20:54.858437","2026-09-22 04:20:54.858437"
"S25U","INFER_S25U_VEH_ROOF_20260921_180355.mp4",310,"2026-09-21 18:04:00.187957","VEH_013","motorcycle","UNK","UNK","UNK","gray","0.00","UNK","2026-09-22 04:20:54.858437","2026-09-22 04:20:54.858437"
"S25U","INFER_S25U_VEH_ROOF_20260921_180355.mp4",310,"2026-09-21 18:04:00.187957","VEH_014","motorcycle","UNK","UNK","UNK","gray","0.00","UNK","2026-09-22 04:20:54.858437","2026-09-22 04:20:54.858437"
"S25U","INFER_S25U_VEH_ROOF_20260921_180355.mp4",310,"2026-09-21 18:04:00.187957","VEH_015","motorcycle","UNK","UNK","UNK","gray","0.00","UNK","2026-09-22 04:20:54.858437","2026-09-22 04:20:54.858437"
"S25U","INFER_S25U_VEH_ROOF_20260921_180355.mp4",310,"2026-09-21 18:04:00.187957","VEH_016","motorcycle","UNK","UNK","UNK","gray","0.00","UNK","2026-09-22 04:20:54.858437","2026-09-22 04:20:54.858437"
"S25U","INFER_S25U_VEH_ROOF_20260921_180355.mp4",310,"2026-09-21 18:04:00.187957","VEH_017","motorcycle","UNK","UNK","UNK","gray","0.00","UNK","2026-09-22 04:20:54.858437","2026-09-22 04:20:54.858437"
"S25U","INFER_S25U_VEH_ROOF_20260921_180355.mp4",310,"2026-09-21 18:04:00.187957","VEH_018","motorcycle","UNK","UNK","UNK","gray","0.00","UNK","2026-09-22 04:20:54.858437","2026-09-22 04:20:54.858437"
"S25U","INFER_S25U_VEH_ROOF_20260921_180355.mp4",310,"2026-09-21 18:04:00.187957","VEH_019","motorcycle","UNK","UNK","UNK","gray","0.00","UNK","2026-09-22 04:20:54.858437","2026-09-22 04:20:54.858437"
"S25U","INFER_S25U_VEH_ROOF_20260921_180355.mp4",310,"2026-09-21 18:04:00.187957","VEH_020","motorcycle","UNK","UNK","UNK","black","0.00","UNK","2026-09-22 04:20:54.858437","2026-09-22 04:20:54.858437"
"S25U","INFER_S25U_VEH_ROOF_20260921_180355.mp4",310,"2026-09-21 18:04:00.187957","VEH_021","motorcycle","UNK","UNK","UNK","black","0.00","UNK","2026-09-22 04:20:54.858437","2026-09-22 04:20:54.858437"
"S25U","INFER_S25U_VEH_ROOF_20260921_180355.mp4",310,"2026-09-21 18:04:00.187957","VEH_022","motorcycle","UNK","UNK","UNK","black","0.00","UNK","2026-09-22 04:20:54.858437","2026-09-22 04:20:54.858437"
"S25U","INFER_S25U_VEH_ROOF_20260921_180355.mp4",310,"2026-09-21 18:04:00.187957","VEH_023","motorcycle","UNK","UNK","UNK","gray","0.00","UNK","2026-09-22 04:20:54.858437","2026-09-22 04:20:54.858437"
"S25U","INFER_S25U_VEH_ROOF_20260921_180355.mp4",310,"2026-09-21 18:04:00.187957","VEH_024","motorcycle","UNK","UNK","UNK","gray","0.00","UNK","2026-09-22 04:20:54.858437","2026-09-22 04:20:54.858437"
"S25U","INFER_S25U_VEH_ROOF_20260921_180355.mp4",310,"2026-09-21 18:04:00.187957","VEH_025","motorcycle","UNK","UNK","UNK","black","0.00","UNK","2026-09-22 04:20:54.858437","2026-09-22 04:20:54.858437"
"S25U","INFER_S25U_VEH_ROOF_20260921_180355.mp4",310,"2026-09-21 18:04:00.187957","VEH_026","motorcycle","UNK","UNK","UNK","black","0.00","UNK","2026-09-22 04:20:54.858437","2026-09-22 04:20:54.858437"
"S25U","INFER_S25U_VEH_ROOF_20260921_180355.mp4",310,"2026-09-21 18:04:00.187957","VEH_027","motorcycle","UNK","UNK","UNK","black","0.00","UNK","2026-09-22 04:20:54.858437","2026-09-22 04:20:54.858437"
"S25U","INFER_S25U_VEH_ROOF_20260921_180355.mp4",310,"2026-09-21 18:04:00.187957","VEH_028","motorcycle","UNK","UNK","UNK","black","0.00","UNK","2026-09-22 04:20:54.858437","2026-09-22 04:20:54.858437"
"S25U","INFER_S25U_VEH_ROOF_20260921_180355.mp4",310,"2026-09-21 18:04:00.187957","VEH_029","motorcycle","UNK","UNK","UNK","black","0.00","UNK","2026-09-22 04:20:54.858437","2026-09-22 04:20:54.858437"
"S25U","INFER_S25U_VEH_ROOF_20260921_180355.mp4",310,"2026-09-21 18:04:00.187957","VEH_030","motorcycle","UNK","UNK","UNK","UNK","0.00","UNK","2026-09-22 04:20:54.858437","2026-09-22 04:20:54.858437"
"S25U","INFER_S25U_VEH_ROOF_20260921_180355.mp4",310,"2026-09-21 18:04:00.187957","VEH_031","motorcycle","UNK","UNK","UNK","UNK","0.00","UNK","2026-09-22 04:20:54.858437","2026-09-22 04:20:54.858437"
"S25U","INFER_S25U_VEH_ROOF_20260921_180355.mp4",310,"2026-09-21 18:04:00.187957","VEH_032","motorcycle","UNK","UNK","UNK","UNK","0.00","UNK","2026-09-22 04:20:54.858437","2026-09-22 04:20:54.858437"
"S25U","INFER_S25U_VEH_ROOF_20260921_180355.mp4",310,"2026-09-21 18:04:00.187957","VEH_033","motorcycle","UNK","UNK","UNK","gray","0.00","UNK","2026-09-22 04:20:54.858437","2026-09-22 04:20:54.858437"
"S25U","INFER_S25U_VEH_ROOF_20260921_180355.mp4",310,"2026-09-21 18:04:00.187957","VEH_034","motorcycle","UNK","UNK","UNK","gray","0.00","UNK","2026-09-22 04:20:54.858437","2026-09-22 04:20:54.858437"
"S25U","INFER_S25U_VEH_ROOF_20260921_180355.mp4",310,"2026-09-21 18:04:00.187957","VEH_035","motorcycle","UNK","UNK","UNK","UNK","0.00","UNK","2026-09-22 04:20:54.858437","2026-09-22 04:20:54.858437"
"S25U","INFER_S25U_VEH_ROOF_20260921_180355.mp4",310,"2026-09-21 18:04:00.187957","VEH_036","motorcycle","UNK","UNK","UNK","UNK","0.00","UNK","2026-09-22 04:20:54.858437","2026-09-22 04:20:54.858437"
"S25U","INFER_S25U_VEH_ROOF_20260921_180355.mp4",310,"2026-09-21 18:04:00.187957","VEH_037","motorcycle","UNK","UNK","UNK","UNK","0.00","UNK","2026-09-22 04:20:54.858437","2026-09-22 04:20:54.858437"
"S25U","INFER_S25U_VEH_ROOF_20260921_180355.mp4",310,"2026-09-21 18:04:00.187957","VEH_038","motorcycle","UNK","UNK","UNK","gray","0.00","UNK","2026-09-22 04:20:54.858437","2026-09-22 04:20:54.858437"
"S25U","INFER_S25U_VEH_ROOF_20260921_180355.mp4",310,"2026-09-21 18:04:00.187957","VEH_039","motorcycle","UNK","UNK","UNK","black","0.00","UNK","2026-09-22 04:20:54.858437","2026-09-22 04:20:54.858437"
"S25U","INFER_S25U_VEH_ROOF_20260921_180355.mp4",310,"2026-09-21 18:04:00.187957","VEH_040","motorcycle","UNK","UNK","UNK","black","0.00","UNK","2026-09-22 04:20:54.858437","2026-09-22 04:20:54.858437"
"S25U","INFER_S25U_VEH_ROOF_20260921_180355.mp4",310,"2026-09-21 18:04:00.187957","VEH_041","motorcycle","UNK","UNK","UNK","black","0.00","UNK","2026-09-22 04:20:54.858437","2026-09-22 04:20:54.858437"
"S25U","INFER_S25U_VEH_ROOF_20260921_180355.mp4",310,"2026-09-21 18:04:00.187957","VEH_042","motorcycle","UNK","UNK","UNK","gray","0.00","UNK","2026-09-22 04:20:54.858437","2026-09-22 04:20:54.858437"
"S25U","INFER_S25U_VEH_ROOF_20260921_180355.mp4",310,"2026-09-21 18:04:00.187957","VEH_043","motorcycle","UNK","UNK","UNK","UNK","0.00","UNK","2026-09-22 04:20:54.858437","2026-09-22 04:20:54.858437"
"S25U","INFER_S25U_VEH_ROOF_20260921_180355.mp4",310,"2026-09-21 18:04:00.187957","VEH_044","motorcycle","UNK","UNK","UNK","gray","0.00","UNK","2026-09-22 04:20:54.858437","2026-09-22 04:20:54.858437"
"S25U","INFER_S25U_VEH_ROOF_20260921_180355.mp4",310,"2026-09-21 18:04:00.187957","VEH_045","truck","UNK","UNK","UNK","UNK","0.00","UNK","2026-09-22 04:20:54.858437","2026-09-22 04:20:54.858437"
"S25U","INFER_S25U_VEH_ROOF_20260921_180355.mp4",320,"2026-09-21 18:04:00.355311","VEH_001","motorcycle","UNK","UNK","UNK","gray","0.00","UNK","2026-09-22 04:20:57.23574","2026-09-22 04:20:57.23574"
"S25U","INFER_S25U_VEH_ROOF_20260921_180355.mp4",320,"2026-09-21 18:04:00.355311","VEH_002","motorcycle","UNK","UNK","UNK","gray","0.00","UNK","2026-09-22 04:20:57.23574","2026-09-22 04:20:57.23574"
"S25U","INFER_S25U_VEH_ROOF_20260921_180355.mp4",320,"2026-09-21 18:04:00.355311","VEH_003","motorcycle","UNK","UNK","UNK","gray","0.00","UNK","2026-09-22 04:20:57.23574","2026-09-22 04:20:57.23574"
"S25U","INFER_S25U_VEH_ROOF_20260921_180355.mp4",320,"2026-09-21 18:04:00.355311","VEH_004","motorcycle","UNK","UNK","UNK","gray","0.00","UNK","2026-09-22 04:20:57.23574","2026-09-22 04:20:57.23574"
"S25U","INFER_S25U_VEH_ROOF_20260921_180355.mp4",320,"2026-09-21 18:04:00.355311","VEH_005","motorcycle","UNK","UNK","UNK","gray","0.00","UNK","2026-09-22 04:20:57.23574","2026-09-22 04:20:57.23574"
"S25U","INFER_S25U_VEH_ROOF_20260921_180355.mp4",320,"2026-09-21 18:04:00.355311","VEH_006","motorcycle","UNK","UNK","UNK","gray","0.00","UNK","2026-09-22 04:20:57.23574","2026-09-22 04:20:57.23574"
"S25U","INFER_S25U_VEH_ROOF_20260921_180355.mp4",320,"2026-09-21 18:04:00.355311","VEH_007","motorcycle","UNK","UNK","UNK","gray","0.00","UNK","2026-09-22 04:20:57.23574","2026-09-22 04:20:57.23574"
"S25U","INFER_S25U_VEH_ROOF_20260921_180355.mp4",320,"2026-09-21 18:04:00.355311","VEH_008","motorcycle","UNK","UNK","UNK","gray","0.00","UNK","2026-09-22 04:20:57.23574","2026-09-22 04:20:57.23574"
"S25U","INFER_S25U_VEH_ROOF_20260921_180355.mp4",320,"2026-09-21 18:04:00.355311","VEH_009","motorcycle","UNK","UNK","UNK","gray","0.00","UNK","2026-09-22 04:20:57.23574","2026-09-22 04:20:57.23574"
"S25U","INFER_S25U_VEH_ROOF_20260921_180355.mp4",320,"2026-09-21 18:04:00.355311","VEH_010","motorcycle","UNK","UNK","UNK","gray","0.00","UNK","2026-09-22 04:20:57.23574","2026-09-22 04:20:57.23574"
"S25U","INFER_S25U_VEH_ROOF_20260921_180355.mp4",320,"2026-09-21 18:04:00.355311","VEH_011","motorcycle","UNK","UNK","UNK","black","0.00","UNK","2026-09-22 04:20:57.23574","2026-09-22 04:20:57.23574"
"S25U","INFER_S25U_VEH_ROOF_20260921_180355.mp4",320,"2026-09-21 18:04:00.355311","VEH_012","motorcycle","UNK","UNK","UNK","black","0.00","UNK","2026-09-22 04:20:57.23574","2026-09-22 04:20:57.23574"
"S25U","INFER_S25U_VEH_ROOF_20260921_180355.mp4",320,"2026-09-21 18:04:00.355311","VEH_013","motorcycle","UNK","UNK","UNK","black","0.00","UNK","2026-09-22 04:20:57.23574","2026-09-22 04:20:57.23574"
"S25U","INFER_S25U_VEH_ROOF_20260921_180355.mp4",320,"2026-09-21 18:04:00.355311","VEH_014","motorcycle","UNK","UNK","UNK","gray","0.00","UNK","2026-09-22 04:20:57.23574","2026-09-22 04:20:57.23574"
"S25U","INFER_S25U_VEH_ROOF_20260921_180355.mp4",320,"2026-09-21 18:04:00.355311","VEH_015","motorcycle","UNK","UNK","UNK","gray","0.00","UNK","2026-09-22 04:20:57.23574","2026-09-22 04:20:57.23574"
"S25U","INFER_S25U_VEH_ROOF_20260921_180355.mp4",320,"2026-09-21 18:04:00.355311","VEH_016","motorcycle","UNK","UNK","UNK","gray","0.00","UNK","2026-09-22 04:20:57.23574","2026-09-22 04:20:57.23574"
"S25U","INFER_S25U_VEH_ROOF_20260921_180355.mp4",320,"2026-09-21 18:04:00.355311","VEH_017","motorcycle","UNK","UNK","UNK","gray","0.00","UNK","2026-09-22 04:20:57.23574","2026-09-22 04:20:57.23574"
"S25U","INFER_S25U_VEH_ROOF_20260921_180355.mp4",320,"2026-09-21 18:04:00.355311","VEH_018","motorcycle","UNK","UNK","UNK","gray","0.00","UNK","2026-09-22 04:20:57.23574","2026-09-22 04:20:57.23574"
"S25U","INFER_S25U_VEH_ROOF_20260921_180355.mp4",320,"2026-09-21 18:04:00.355311","VEH_019","motorcycle","UNK","UNK","UNK","black","0.00","UNK","2026-09-22 04:20:57.23574","2026-09-22 04:20:57.23574"
"S25U","INFER_S25U_VEH_ROOF_20260921_180355.mp4",320,"2026-09-21 18:04:00.355311","VEH_020","motorcycle","UNK","UNK","UNK","gray","0.00","UNK","2026-09-22 04:20:57.23574","2026-09-22 04:20:57.23574"
"S25U","INFER_S25U_VEH_ROOF_20260921_180355.mp4",320,"2026-09-21 18:04:00.355311","VEH_021","motorcycle","UNK","UNK","UNK","black","0.00","UNK","2026-09-22 04:20:57.23574","2026-09-22 04:20:57.23574"
"S25U","INFER_S25U_VEH_ROOF_20260921_180355.mp4",320,"2026-09-21 18:04:00.355311","VEH_022","motorcycle","UNK","UNK","UNK","gray","0.00","UNK","2026-09-22 04:20:57.23574","2026-09-22 04:20:57.23574"
"S25U","INFER_S25U_VEH_ROOF_20260921_180355.mp4",320,"2026-09-21 18:04:00.355311","VEH_023","motorcycle","UNK","UNK","UNK","gray","0.00","UNK","2026-09-22 04:20:57.23574","2026-09-22 04:20:57.23574"
"S25U","INFER_S25U_VEH_ROOF_20260921_180355.mp4",320,"2026-09-21 18:04:00.355311","VEH_024","motorcycle","UNK","UNK","UNK","gray","0.00","UNK","2026-09-22 04:20:57.23574","2026-09-22 04:20:57.23574"
"S25U","INFER_S25U_VEH_ROOF_20260921_180355.mp4",320,"2026-09-21 18:04:00.355311","VEH_025","motorcycle","UNK","UNK","UNK","gray","0.00","UNK","2026-09-22 04:20:57.23574","2026-09-22 04:20:57.23574"
"S25U","INFER_S25U_VEH_ROOF_20260921_180355.mp4",320,"2026-09-21 18:04:00.355311","VEH_026","motorcycle","UNK","UNK","UNK","black","0.00","UNK","2026-09-22 04:20:57.23574","2026-09-22 04:20:57.23574"
"S25U","INFER_S25U_VEH_ROOF_20260921_180355.mp4",320,"2026-09-21 18:04:00.355311","VEH_027","motorcycle","UNK","UNK","UNK","black","0.00","UNK","2026-09-22 04:20:57.23574","2026-09-22 04:20:57.23574"
"S25U","INFER_S25U_VEH_ROOF_20260921_180355.mp4",320,"2026-09-21 18:04:00.355311","VEH_028","motorcycle","UNK","UNK","UNK","UNK","0.00","UNK","2026-09-22 04:20:57.23574","2026-09-22 04:20:57.23574"
"S25U","INFER_S25U_VEH_ROOF_20260921_180355.mp4",320,"2026-09-21 18:04:00.355311","VEH_029","motorcycle","UNK","UNK","UNK","UNK","0.00","UNK","2026-09-22 04:20:57.23574","2026-09-22 04:20:57.23574"
"S25U","INFER_S25U_VEH_ROOF_20260921_180355.mp4",320,"2026-09-21 18:04:00.355311","VEH_030","motorcycle","UNK","UNK","UNK","UNK","0.00","UNK","2026-09-22 04:20:57.23574","2026-09-22 04:20:57.23574"
"S25U","INFER_S25U_VEH_ROOF_20260921_180355.mp4",320,"2026-09-21 18:04:00.355311","VEH_031","motorcycle","UNK","UNK","UNK","UNK","0.00","UNK","2026-09-22 04:20:57.23574","2026-09-22 04:20:57.23574"
"S25U","INFER_S25U_VEH_ROOF_20260921_180355.mp4",320,"2026-09-21 18:04:00.355311","VEH_032","motorcycle","UNK","UNK","UNK","UNK","0.00","UNK","2026-09-22 04:20:57.23574","2026-09-22 04:20:57.23574"
"S25U","INFER_S25U_VEH_ROOF_20260921_180355.mp4",320,"2026-09-21 18:04:00.355311","VEH_033","motorcycle","UNK","UNK","UNK","gray","0.00","UNK","2026-09-22 04:20:57.23574","2026-09-22 04:20:57.23574"
"S25U","INFER_S25U_VEH_ROOF_20260921_180355.mp4",320,"2026-09-21 18:04:00.355311","VEH_034","motorcycle","UNK","UNK","UNK","black","0.00","UNK","2026-09-22 04:20:57.23574","2026-09-22 04:20:57.23574"
"S25U","INFER_S25U_VEH_ROOF_20260921_180355.mp4",320,"2026-09-21 18:04:00.355311","VEH_035","motorcycle","UNK","UNK","UNK","black","0.00","UNK","2026-09-22 04:20:57.23574","2026-09-22 04:20:57.23574"
"S25U","INFER_S25U_VEH_ROOF_20260921_180355.mp4",320,"2026-09-21 18:04:00.355311","VEH_036","motorcycle","UNK","UNK","UNK","black","0.00","UNK","2026-09-22 04:20:57.23574","2026-09-22 04:20:57.23574"
"S25U","INFER_S25U_VEH_ROOF_20260921_180355.mp4",320,"2026-09-21 18:04:00.355311","VEH_037","motorcycle","UNK","UNK","UNK","UNK","0.00","UNK","2026-09-22 04:20:57.23574","2026-09-22 04:20:57.23574"
"S25U","INFER_S25U_VEH_ROOF_20260921_180355.mp4",320,"2026-09-21 18:04:00.355311","VEH_038","motorcycle","UNK","UNK","UNK","gray","0.00","UNK","2026-09-22 04:20:57.23574","2026-09-22 04:20:57.23574"
"S25U","INFER_S25U_VEH_ROOF_20260921_180355.mp4",320,"2026-09-21 18:04:00.355311","VEH_039","motorcycle","UNK","UNK","UNK","black","0.00","UNK","2026-09-22 04:20:57.23574","2026-09-22 04:20:57.23574"
"S25U","INFER_S25U_VEH_ROOF_20260921_180355.mp4",320,"2026-09-21 18:04:00.355311","VEH_040","motorcycle","UNK","UNK","UNK","gray","0.00","UNK","2026-09-22 04:20:57.23574","2026-09-22 04:20:57.23574"
"S25U","INFER_S25U_VEH_ROOF_20260921_180355.mp4",320,"2026-09-21 18:04:00.355311","VEH_041","bus","UNK","UNK","UNK","gray","0.00","UNK","2026-09-22 04:20:57.23574","2026-09-22 04:20:57.23574"
"S25U","INFER_S25U_VEH_ROOF_20260921_180355.mp4",320,"2026-09-21 18:04:00.355311","VEH_042","motorcycle","UNK","UNK","UNK","black","0.00","UNK","2026-09-22 04:20:57.23574","2026-09-22 04:20:57.23574"
"S25U","INFER_S25U_VEH_ROOF_20260921_180355.mp4",320,"2026-09-21 18:04:00.355311","VEH_043","motorcycle","UNK","UNK","UNK","black","0.00","UNK","2026-09-22 04:20:57.23574","2026-09-22 04:20:57.23574"
"S25U","INFER_S25U_VEH_ROOF_20260921_180355.mp4",320,"2026-09-21 18:04:00.355311","VEH_044","truck","UNK","UNK","UNK","UNK","0.00","UNK","2026-09-22 04:20:57.23574","2026-09-22 04:20:57.23574"
"S25U","INFER_S25U_VEH_ROOF_20260921_180355.mp4",330,"2026-09-21 18:04:00.522664","VEH_001","motorcycle","UNK","UNK","UNK","gray","0.00","UNK","2026-09-22 04:20:59.423808","2026-09-22 04:20:59.423808"
"S25U","INFER_S25U_VEH_ROOF_20260921_180355.mp4",330,"2026-09-21 18:04:00.522664","VEH_002","motorcycle","UNK","UNK","UNK","gray","0.00","UNK","2026-09-22 04:20:59.423808","2026-09-22 04:20:59.423808"
"S25U","INFER_S25U_VEH_ROOF_20260921_180355.mp4",330,"2026-09-21 18:04:00.522664","VEH_003","motorcycle","UNK","UNK","UNK","gray","0.00","UNK","2026-09-22 04:20:59.423808","2026-09-22 04:20:59.423808"
"S25U","INFER_S25U_VEH_ROOF_20260921_180355.mp4",330,"2026-09-21 18:04:00.522664","VEH_004","motorcycle","UNK","UNK","UNK","black","0.00","UNK","2026-09-22 04:20:59.423808","2026-09-22 04:20:59.423808"
"S25U","INFER_S25U_VEH_ROOF_20260921_180355.mp4",330,"2026-09-21 18:04:00.522664","VEH_005","motorcycle","UNK","UNK","UNK","gray","0.00","UNK","2026-09-22 04:20:59.423808","2026-09-22 04:20:59.423808"
"S25U","INFER_S25U_VEH_ROOF_20260921_180355.mp4",330,"2026-09-21 18:04:00.522664","VEH_006","motorcycle","UNK","UNK","UNK","gray","0.00","UNK","2026-09-22 04:20:59.423808","2026-09-22 04:20:59.423808"
"S25U","INFER_S25U_VEH_ROOF_20260921_180355.mp4",330,"2026-09-21 18:04:00.522664","VEH_007","motorcycle","UNK","UNK","UNK","gray","0.00","UNK","2026-09-22 04:20:59.423808","2026-09-22 04:20:59.423808"
"S25U","INFER_S25U_VEH_ROOF_20260921_180355.mp4",330,"2026-09-21 18:04:00.522664","VEH_008","motorcycle","UNK","UNK","UNK","gray","0.00","UNK","2026-09-22 04:20:59.423808","2026-09-22 04:20:59.423808"
"S25U","INFER_S25U_VEH_ROOF_20260921_180355.mp4",330,"2026-09-21 18:04:00.522664","VEH_009","motorcycle","UNK","UNK","UNK","gray","0.00","UNK","2026-09-22 04:20:59.423808","2026-09-22 04:20:59.423808"
"S25U","INFER_S25U_VEH_ROOF_20260921_180355.mp4",330,"2026-09-21 18:04:00.522664","VEH_010","motorcycle","UNK","UNK","UNK","gray","0.00","UNK","2026-09-22 04:20:59.423808","2026-09-22 04:20:59.423808"
"S25U","INFER_S25U_VEH_ROOF_20260921_180355.mp4",330,"2026-09-21 18:04:00.522664","VEH_011","motorcycle","UNK","UNK","UNK","gray","0.00","UNK","2026-09-22 04:20:59.423808","2026-09-22 04:20:59.423808"
"S25U","INFER_S25U_VEH_ROOF_20260921_180355.mp4",330,"2026-09-21 18:04:00.522664","VEH_012","motorcycle","UNK","UNK","UNK","gray","0.00","UNK","2026-09-22 04:20:59.423808","2026-09-22 04:20:59.423808"
"S25U","INFER_S25U_VEH_ROOF_20260921_180355.mp4",330,"2026-09-21 18:04:00.522664","VEH_013","motorcycle","UNK","UNK","UNK","gray","0.00","UNK","2026-09-22 04:20:59.423808","2026-09-22 04:20:59.423808"
"S25U","INFER_S25U_VEH_ROOF_20260921_180355.mp4",330,"2026-09-21 18:04:00.522664","VEH_014","motorcycle","UNK","UNK","UNK","gray","0.00","UNK","2026-09-22 04:20:59.423808","2026-09-22 04:20:59.423808"
"S25U","INFER_S25U_VEH_ROOF_20260921_180355.mp4",330,"2026-09-21 18:04:00.522664","VEH_015","motorcycle","UNK","UNK","UNK","black","0.00","UNK","2026-09-22 04:20:59.423808","2026-09-22 04:20:59.423808"
"S25U","INFER_S25U_VEH_ROOF_20260921_180355.mp4",330,"2026-09-21 18:04:00.522664","VEH_016","motorcycle","UNK","UNK","UNK","gray","0.00","UNK","2026-09-22 04:20:59.423808","2026-09-22 04:20:59.423808"
"S25U","INFER_S25U_VEH_ROOF_20260921_180355.mp4",330,"2026-09-21 18:04:00.522664","VEH_017","motorcycle","UNK","UNK","UNK","black","0.00","UNK","2026-09-22 04:20:59.423808","2026-09-22 04:20:59.423808"
"S25U","INFER_S25U_VEH_ROOF_20260921_180355.mp4",330,"2026-09-21 18:04:00.522664","VEH_018","motorcycle","UNK","UNK","UNK","black","0.00","UNK","2026-09-22 04:20:59.423808","2026-09-22 04:20:59.423808"
"S25U","INFER_S25U_VEH_ROOF_20260921_180355.mp4",330,"2026-09-21 18:04:00.522664","VEH_019","motorcycle","UNK","UNK","UNK","gray","0.00","UNK","2026-09-22 04:20:59.423808","2026-09-22 04:20:59.423808"
"S25U","INFER_S25U_VEH_ROOF_20260921_180355.mp4",330,"2026-09-21 18:04:00.522664","VEH_020","motorcycle","UNK","UNK","UNK","gray","0.00","UNK","2026-09-22 04:20:59.423808","2026-09-22 04:20:59.423808"
"S25U","INFER_S25U_VEH_ROOF_20260921_180355.mp4",330,"2026-09-21 18:04:00.522664","VEH_021","motorcycle","UNK","UNK","UNK","gray","0.00","UNK","2026-09-22 04:20:59.423808","2026-09-22 04:20:59.423808"
"S25U","INFER_S25U_VEH_ROOF_20260921_180355.mp4",330,"2026-09-21 18:04:00.522664","VEH_022","motorcycle","UNK","UNK","UNK","gray","0.00","UNK","2026-09-22 04:20:59.423808","2026-09-22 04:20:59.423808"
"S25U","INFER_S25U_VEH_ROOF_20260921_180355.mp4",330,"2026-09-21 18:04:00.522664","VEH_023","motorcycle","UNK","UNK","UNK","gray","0.00","UNK","2026-09-22 04:20:59.423808","2026-09-22 04:20:59.423808"
"S25U","INFER_S25U_VEH_ROOF_20260921_180355.mp4",330,"2026-09-21 18:04:00.522664","VEH_024","motorcycle","UNK","UNK","UNK","black","0.00","UNK","2026-09-22 04:20:59.423808","2026-09-22 04:20:59.423808"
"S25U","INFER_S25U_VEH_ROOF_20260921_180355.mp4",330,"2026-09-21 18:04:00.522664","VEH_025","motorcycle","UNK","UNK","UNK","black","0.00","UNK","2026-09-22 04:20:59.423808","2026-09-22 04:20:59.423808"
"S25U","INFER_S25U_VEH_ROOF_20260921_180355.mp4",330,"2026-09-21 18:04:00.522664","VEH_026","motorcycle","UNK","UNK","UNK","black","0.00","UNK","2026-09-22 04:20:59.423808","2026-09-22 04:20:59.423808"
"S25U","INFER_S25U_VEH_ROOF_20260921_180355.mp4",330,"2026-09-21 18:04:00.522664","VEH_027","motorcycle","UNK","UNK","UNK","black","0.00","UNK","2026-09-22 04:20:59.423808","2026-09-22 04:20:59.423808"
"S25U","INFER_S25U_VEH_ROOF_20260921_180355.mp4",330,"2026-09-21 18:04:00.522664","VEH_028","motorcycle","UNK","UNK","UNK","black","0.00","UNK","2026-09-22 04:20:59.423808","2026-09-22 04:20:59.423808"
"S25U","INFER_S25U_VEH_ROOF_20260921_180355.mp4",330,"2026-09-21 18:04:00.522664","VEH_029","motorcycle","UNK","UNK","UNK","UNK","0.00","UNK","2026-09-22 04:20:59.423808","2026-09-22 04:20:59.423808"
"S25U","INFER_S25U_VEH_ROOF_20260921_180355.mp4",330,"2026-09-21 18:04:00.522664","VEH_030","motorcycle","UNK","UNK","UNK","UNK","0.00","UNK","2026-09-22 04:20:59.423808","2026-09-22 04:20:59.423808"
"S25U","INFER_S25U_VEH_ROOF_20260921_180355.mp4",330,"2026-09-21 18:04:00.522664","VEH_031","motorcycle","UNK","UNK","UNK","UNK","0.00","UNK","2026-09-22 04:20:59.423808","2026-09-22 04:20:59.423808"
"S25U","INFER_S25U_VEH_ROOF_20260921_180355.mp4",330,"2026-09-21 18:04:00.522664","VEH_032","motorcycle","UNK","UNK","UNK","gray","0.00","UNK","2026-09-22 04:20:59.423808","2026-09-22 04:20:59.423808"
"S25U","INFER_S25U_VEH_ROOF_20260921_180355.mp4",330,"2026-09-21 18:04:00.522664","VEH_033","motorcycle","UNK","UNK","UNK","gray","0.00","UNK","2026-09-22 04:20:59.423808","2026-09-22 04:20:59.423808"
"S25U","INFER_S25U_VEH_ROOF_20260921_180355.mp4",330,"2026-09-21 18:04:00.522664","VEH_034","motorcycle","UNK","UNK","UNK","gray","0.00","UNK","2026-09-22 04:20:59.423808","2026-09-22 04:20:59.423808"
"S25U","INFER_S25U_VEH_ROOF_20260921_180355.mp4",330,"2026-09-21 18:04:00.522664","VEH_035","motorcycle","UNK","UNK","UNK","black","0.00","UNK","2026-09-22 04:20:59.423808","2026-09-22 04:20:59.423808"
"S25U","INFER_S25U_VEH_ROOF_20260921_180355.mp4",330,"2026-09-21 18:04:00.522664","VEH_036","motorcycle","UNK","UNK","UNK","UNK","0.00","UNK","2026-09-22 04:20:59.423808","2026-09-22 04:20:59.423808"
"S25U","INFER_S25U_VEH_ROOF_20260921_180355.mp4",330,"2026-09-21 18:04:00.522664","VEH_037","motorcycle","UNK","UNK","UNK","UNK","0.00","UNK","2026-09-22 04:20:59.423808","2026-09-22 04:20:59.423808"
"S25U","INFER_S25U_VEH_ROOF_20260921_180355.mp4",330,"2026-09-21 18:04:00.522664","VEH_038","motorcycle","UNK","UNK","UNK","UNK","0.00","UNK","2026-09-22 04:20:59.423808","2026-09-22 04:20:59.423808"
"S25U","INFER_S25U_VEH_ROOF_20260921_180355.mp4",330,"2026-09-21 18:04:00.522664","VEH_039","motorcycle","UNK","UNK","UNK","black","0.00","UNK","2026-09-22 04:20:59.423808","2026-09-22 04:20:59.423808"
"S25U","INFER_S25U_VEH_ROOF_20260921_180355.mp4",330,"2026-09-21 18:04:00.522664","VEH_040","motorcycle","UNK","UNK","UNK","red","0.00","UNK","2026-09-22 04:20:59.423808","2026-09-22 04:20:59.423808"
"S25U","INFER_S25U_VEH_ROOF_20260921_180355.mp4",330,"2026-09-21 18:04:00.522664","VEH_041","motorcycle","UNK","UNK","UNK","black","0.00","UNK","2026-09-22 04:20:59.423808","2026-09-22 04:20:59.423808"
"S25U","INFER_S25U_VEH_ROOF_20260921_180355.mp4",330,"2026-09-21 18:04:00.522664","VEH_042","bus","UNK","UNK","UNK","gray","0.00","UNK","2026-09-22 04:20:59.423808","2026-09-22 04:20:59.423808"
"S25U","INFER_S25U_VEH_ROOF_20260921_180355.mp4",340,"2026-09-21 18:04:00.690017","VEH_001","motorcycle","UNK","UNK","UNK","gray","0.00","UNK","2026-09-22 04:21:01.86837","2026-09-22 04:21:01.86837"
"S25U","INFER_S25U_VEH_ROOF_20260921_180355.mp4",340,"2026-09-21 18:04:00.690017","VEH_002","motorcycle","UNK","UNK","UNK","black","0.00","UNK","2026-09-22 04:21:01.86837","2026-09-22 04:21:01.86837"
"S25U","INFER_S25U_VEH_ROOF_20260921_180355.mp4",340,"2026-09-21 18:04:00.690017","VEH_003","motorcycle","UNK","UNK","UNK","gray","0.00","UNK","2026-09-22 04:21:01.86837","2026-09-22 04:21:01.86837"
"S25U","INFER_S25U_VEH_ROOF_20260921_180355.mp4",340,"2026-09-21 18:04:00.690017","VEH_004","motorcycle","UNK","UNK","UNK","gray","0.00","UNK","2026-09-22 04:21:01.86837","2026-09-22 04:21:01.86837"
"S25U","INFER_S25U_VEH_ROOF_20260921_180355.mp4",340,"2026-09-21 18:04:00.690017","VEH_005","motorcycle","UNK","UNK","UNK","gray","0.00","UNK","2026-09-22 04:21:01.86837","2026-09-22 04:21:01.86837"
"S25U","INFER_S25U_VEH_ROOF_20260921_180355.mp4",340,"2026-09-21 18:04:00.690017","VEH_006","motorcycle","UNK","UNK","UNK","gray","0.00","UNK","2026-09-22 04:21:01.86837","2026-09-22 04:21:01.86837"
"S25U","INFER_S25U_VEH_ROOF_20260921_180355.mp4",340,"2026-09-21 18:04:00.690017","VEH_007","motorcycle","UNK","UNK","UNK","gray","0.00","UNK","2026-09-22 04:21:01.86837","2026-09-22 04:21:01.86837"
"S25U","INFER_S25U_VEH_ROOF_20260921_180355.mp4",340,"2026-09-21 18:04:00.690017","VEH_008","motorcycle","UNK","UNK","UNK","black","0.00","UNK","2026-09-22 04:21:01.86837","2026-09-22 04:21:01.86837"
"S25U","INFER_S25U_VEH_ROOF_20260921_180355.mp4",340,"2026-09-21 18:04:00.690017","VEH_009","motorcycle","UNK","UNK","UNK","black","0.00","UNK","2026-09-22 04:21:01.86837","2026-09-22 04:21:01.86837"
"S25U","INFER_S25U_VEH_ROOF_20260921_180355.mp4",340,"2026-09-21 18:04:00.690017","VEH_010","motorcycle","UNK","UNK","UNK","black","0.00","UNK","2026-09-22 04:21:01.86837","2026-09-22 04:21:01.86837"
"S25U","INFER_S25U_VEH_ROOF_20260921_180355.mp4",340,"2026-09-21 18:04:00.690017","VEH_011","motorcycle","UNK","UNK","UNK","gray","0.00","UNK","2026-09-22 04:21:01.86837","2026-09-22 04:21:01.86837"
"S25U","INFER_S25U_VEH_ROOF_20260921_180355.mp4",340,"2026-09-21 18:04:00.690017","VEH_012","motorcycle","UNK","UNK","UNK","gray","0.00","UNK","2026-09-22 04:21:01.86837","2026-09-22 04:21:01.86837"
"S25U","INFER_S25U_VEH_ROOF_20260921_180355.mp4",340,"2026-09-21 18:04:00.690017","VEH_013","motorcycle","UNK","UNK","UNK","gray","0.00","UNK","2026-09-22 04:21:01.86837","2026-09-22 04:21:01.86837"
"S25U","INFER_S25U_VEH_ROOF_20260921_180355.mp4",340,"2026-09-21 18:04:00.690017","VEH_014","motorcycle","UNK","UNK","UNK","gray","0.00","UNK","2026-09-22 04:21:01.86837","2026-09-22 04:21:01.86837"
"S25U","INFER_S25U_VEH_ROOF_20260921_180355.mp4",340,"2026-09-21 18:04:00.690017","VEH_015","motorcycle","UNK","UNK","UNK","gray","0.00","UNK","2026-09-22 04:21:01.86837","2026-09-22 04:21:01.86837"
"S25U","INFER_S25U_VEH_ROOF_20260921_180355.mp4",340,"2026-09-21 18:04:00.690017","VEH_016","motorcycle","UNK","UNK","UNK","gray","0.00","UNK","2026-09-22 04:21:01.86837","2026-09-22 04:21:01.86837"
"S25U","INFER_S25U_VEH_ROOF_20260921_180355.mp4",340,"2026-09-21 18:04:00.690017","VEH_017","motorcycle","UNK","UNK","UNK","gray","0.00","UNK","2026-09-22 04:21:01.86837","2026-09-22 04:21:01.86837"
"S25U","INFER_S25U_VEH_ROOF_20260921_180355.mp4",340,"2026-09-21 18:04:00.690017","VEH_018","motorcycle","UNK","UNK","UNK","gray","0.00","UNK","2026-09-22 04:21:01.86837","2026-09-22 04:21:01.86837"
"S25U","INFER_S25U_VEH_ROOF_20260921_180355.mp4",340,"2026-09-21 18:04:00.690017","VEH_019","motorcycle","UNK","UNK","UNK","black","0.00","UNK","2026-09-22 04:21:01.86837","2026-09-22 04:21:01.86837"
"S25U","INFER_S25U_VEH_ROOF_20260921_180355.mp4",340,"2026-09-21 18:04:00.690017","VEH_020","motorcycle","UNK","UNK","UNK","gray","0.00","UNK","2026-09-22 04:21:01.86837","2026-09-22 04:21:01.86837"
"S25U","INFER_S25U_VEH_ROOF_20260921_180355.mp4",340,"2026-09-21 18:04:00.690017","VEH_021","motorcycle","UNK","UNK","UNK","gray","0.00","UNK","2026-09-22 04:21:01.86837","2026-09-22 04:21:01.86837"
"S25U","INFER_S25U_VEH_ROOF_20260921_180355.mp4",340,"2026-09-21 18:04:00.690017","VEH_022","motorcycle","UNK","UNK","UNK","gray","0.00","UNK","2026-09-22 04:21:01.86837","2026-09-22 04:21:01.86837"
"S25U","INFER_S25U_VEH_ROOF_20260921_180355.mp4",340,"2026-09-21 18:04:00.690017","VEH_023","motorcycle","UNK","UNK","UNK","gray","0.00","UNK","2026-09-22 04:21:01.86837","2026-09-22 04:21:01.86837"
"S25U","INFER_S25U_VEH_ROOF_20260921_180355.mp4",340,"2026-09-21 18:04:00.690017","VEH_024","motorcycle","UNK","UNK","UNK","gray","0.00","UNK","2026-09-22 04:21:01.86837","2026-09-22 04:21:01.86837"
"S25U","INFER_S25U_VEH_ROOF_20260921_180355.mp4",340,"2026-09-21 18:04:00.690017","VEH_025","motorcycle","UNK","UNK","UNK","gray","0.00","UNK","2026-09-22 04:21:01.86837","2026-09-22 04:21:01.86837"
"S25U","INFER_S25U_VEH_ROOF_20260921_180355.mp4",340,"2026-09-21 18:04:00.690017","VEH_026","motorcycle","UNK","UNK","UNK","gray","0.00","UNK","2026-09-22 04:21:01.86837","2026-09-22 04:21:01.86837"
"S25U","INFER_S25U_VEH_ROOF_20260921_180355.mp4",340,"2026-09-21 18:04:00.690017","VEH_027","motorcycle","UNK","UNK","UNK","black","0.00","UNK","2026-09-22 04:21:01.86837","2026-09-22 04:21:01.86837"
"S25U","INFER_S25U_VEH_ROOF_20260921_180355.mp4",340,"2026-09-21 18:04:00.690017","VEH_028","motorcycle","UNK","UNK","UNK","black","0.00","UNK","2026-09-22 04:21:01.86837","2026-09-22 04:21:01.86837"
"S25U","INFER_S25U_VEH_ROOF_20260921_180355.mp4",340,"2026-09-21 18:04:00.690017","VEH_029","motorcycle","UNK","UNK","UNK","UNK","0.00","UNK","2026-09-22 04:21:01.86837","2026-09-22 04:21:01.86837"
"S25U","INFER_S25U_VEH_ROOF_20260921_180355.mp4",340,"2026-09-21 18:04:00.690017","VEH_030","motorcycle","UNK","UNK","UNK","UNK","0.00","UNK","2026-09-22 04:21:01.86837","2026-09-22 04:21:01.86837"
"S25U","INFER_S25U_VEH_ROOF_20260921_180355.mp4",340,"2026-09-21 18:04:00.690017","VEH_031","motorcycle","UNK","UNK","UNK","UNK","0.00","UNK","2026-09-22 04:21:01.86837","2026-09-22 04:21:01.86837"
"S25U","INFER_S25U_VEH_ROOF_20260921_180355.mp4",340,"2026-09-21 18:04:00.690017","VEH_032","motorcycle","UNK","UNK","UNK","UNK","0.00","UNK","2026-09-22 04:21:01.86837","2026-09-22 04:21:01.86837"
"S25U","INFER_S25U_VEH_ROOF_20260921_180355.mp4",340,"2026-09-21 18:04:00.690017","VEH_033","motorcycle","UNK","UNK","UNK","gray","0.00","UNK","2026-09-22 04:21:01.86837","2026-09-22 04:21:01.86837"
"S25U","INFER_S25U_VEH_ROOF_20260921_180355.mp4",340,"2026-09-21 18:04:00.690017","VEH_034","motorcycle","UNK","UNK","UNK","gray","0.00","UNK","2026-09-22 04:21:01.86837","2026-09-22 04:21:01.86837"
"S25U","INFER_S25U_VEH_ROOF_20260921_180355.mp4",340,"2026-09-21 18:04:00.690017","VEH_035","motorcycle","UNK","UNK","UNK","gray","0.00","UNK","2026-09-22 04:21:01.86837","2026-09-22 04:21:01.86837"
"S25U","INFER_S25U_VEH_ROOF_20260921_180355.mp4",340,"2026-09-21 18:04:00.690017","VEH_036","motorcycle","UNK","UNK","UNK","black","0.00","UNK","2026-09-22 04:21:01.86837","2026-09-22 04:21:01.86837"
"S25U","INFER_S25U_VEH_ROOF_20260921_180355.mp4",340,"2026-09-21 18:04:00.690017","VEH_037","motorcycle","UNK","UNK","UNK","black","0.00","UNK","2026-09-22 04:21:01.86837","2026-09-22 04:21:01.86837"
"S25U","INFER_S25U_VEH_ROOF_20260921_180355.mp4",340,"2026-09-21 18:04:00.690017","VEH_038","motorcycle","UNK","UNK","UNK","black","0.00","UNK","2026-09-22 04:21:01.86837","2026-09-22 04:21:01.86837"
"S25U","INFER_S25U_VEH_ROOF_20260921_180355.mp4",340,"2026-09-21 18:04:00.690017","VEH_039","motorcycle","UNK","UNK","UNK","black","0.00","UNK","2026-09-22 04:21:01.86837","2026-09-22 04:21:01.86837"
"S25U","INFER_S25U_VEH_ROOF_20260921_180355.mp4",340,"2026-09-21 18:04:00.690017","VEH_040","motorcycle","UNK","UNK","UNK","UNK","0.00","UNK","2026-09-22 04:21:01.86837","2026-09-22 04:21:01.86837"
"S25U","INFER_S25U_VEH_ROOF_20260921_180355.mp4",340,"2026-09-21 18:04:00.690017","VEH_041","motorcycle","UNK","UNK","UNK","black","0.00","UNK","2026-09-22 04:21:01.86837","2026-09-22 04:21:01.86837"
"S25U","INFER_S25U_VEH_ROOF_20260921_180355.mp4",340,"2026-09-21 18:04:00.690017","VEH_042","motorcycle","UNK","UNK","UNK","gray","0.00","UNK","2026-09-22 04:21:01.86837","2026-09-22 04:21:01.86837"
"S25U","INFER_S25U_VEH_ROOF_20260921_180355.mp4",340,"2026-09-21 18:04:00.690017","VEH_043","motorcycle","UNK","UNK","UNK","black","0.00","UNK","2026-09-22 04:21:01.86837","2026-09-22 04:21:01.86837"
"S25U","INFER_S25U_VEH_ROOF_20260921_180355.mp4",340,"2026-09-21 18:04:00.690017","VEH_044","truck","UNK","UNK","UNK","UNK","0.00","UNK","2026-09-22 04:21:01.86837","2026-09-22 04:21:01.86837"
"S25U","INFER_S25U_VEH_ROOF_20260921_180355.mp4",340,"2026-09-21 18:04:00.690017","VEH_045","bus","UNK","UNK","UNK","gray","0.00","UNK","2026-09-22 04:21:01.86837","2026-09-22 04:21:01.86837"
"S25U","INFER_S25U_VEH_ROOF_20260921_180355.mp4",350,"2026-09-21 18:04:00.857371","VEH_001","motorcycle","UNK","UNK","UNK","gray","0.00","UNK","2026-09-22 04:21:04.354502","2026-09-22 04:21:04.354502"
"S25U","INFER_S25U_VEH_ROOF_20260921_180355.mp4",350,"2026-09-21 18:04:00.857371","VEH_002","motorcycle","UNK","UNK","UNK","black","0.00","UNK","2026-09-22 04:21:04.354502","2026-09-22 04:21:04.354502"
"S25U","INFER_S25U_VEH_ROOF_20260921_180355.mp4",350,"2026-09-21 18:04:00.857371","VEH_003","motorcycle","UNK","UNK","UNK","gray","0.00","UNK","2026-09-22 04:21:04.354502","2026-09-22 04:21:04.354502"
"S25U","INFER_S25U_VEH_ROOF_20260921_180355.mp4",350,"2026-09-21 18:04:00.857371","VEH_004","motorcycle","UNK","UNK","UNK","black","0.00","UNK","2026-09-22 04:21:04.354502","2026-09-22 04:21:04.354502"
"S25U","INFER_S25U_VEH_ROOF_20260921_180355.mp4",350,"2026-09-21 18:04:00.857371","VEH_005","motorcycle","UNK","UNK","UNK","gray","0.00","UNK","2026-09-22 04:21:04.354502","2026-09-22 04:21:04.354502"
"S25U","INFER_S25U_VEH_ROOF_20260921_180355.mp4",350,"2026-09-21 18:04:00.857371","VEH_006","motorcycle","UNK","UNK","UNK","gray","0.00","UNK","2026-09-22 04:21:04.354502","2026-09-22 04:21:04.354502"
"S25U","INFER_S25U_VEH_ROOF_20260921_180355.mp4",350,"2026-09-21 18:04:00.857371","VEH_007","motorcycle","UNK","UNK","UNK","gray","0.00","UNK","2026-09-22 04:21:04.354502","2026-09-22 04:21:04.354502"
"S25U","INFER_S25U_VEH_ROOF_20260921_180355.mp4",350,"2026-09-21 18:04:00.857371","VEH_008","motorcycle","UNK","UNK","UNK","gray","0.00","UNK","2026-09-22 04:21:04.354502","2026-09-22 04:21:04.354502"
"S25U","INFER_S25U_VEH_ROOF_20260921_180355.mp4",350,"2026-09-21 18:04:00.857371","VEH_009","motorcycle","UNK","UNK","UNK","gray","0.00","UNK","2026-09-22 04:21:04.354502","2026-09-22 04:21:04.354502"
"S25U","INFER_S25U_VEH_ROOF_20260921_180355.mp4",350,"2026-09-21 18:04:00.857371","VEH_010","motorcycle","UNK","UNK","UNK","gray","0.00","UNK","2026-09-22 04:21:04.354502","2026-09-22 04:21:04.354502"
"S25U","INFER_S25U_VEH_ROOF_20260921_180355.mp4",350,"2026-09-21 18:04:00.857371","VEH_011","motorcycle","UNK","UNK","UNK","gray","0.00","UNK","2026-09-22 04:21:04.354502","2026-09-22 04:21:04.354502"
"S25U","INFER_S25U_VEH_ROOF_20260921_180355.mp4",350,"2026-09-21 18:04:00.857371","VEH_012","motorcycle","UNK","UNK","UNK","gray","0.00","UNK","2026-09-22 04:21:04.354502","2026-09-22 04:21:04.354502"
"S25U","INFER_S25U_VEH_ROOF_20260921_180355.mp4",350,"2026-09-21 18:04:00.857371","VEH_013","motorcycle","UNK","UNK","UNK","gray","0.00","UNK","2026-09-22 04:21:04.354502","2026-09-22 04:21:04.354502"
"S25U","INFER_S25U_VEH_ROOF_20260921_180355.mp4",350,"2026-09-21 18:04:00.857371","VEH_014","motorcycle","UNK","UNK","UNK","gray","0.00","UNK","2026-09-22 04:21:04.354502","2026-09-22 04:21:04.354502"
"S25U","INFER_S25U_VEH_ROOF_20260921_180355.mp4",350,"2026-09-21 18:04:00.857371","VEH_015","motorcycle","UNK","UNK","UNK","black","0.00","UNK","2026-09-22 04:21:04.354502","2026-09-22 04:21:04.354502"
"S25U","INFER_S25U_VEH_ROOF_20260921_180355.mp4",350,"2026-09-21 18:04:00.857371","VEH_016","motorcycle","UNK","UNK","UNK","gray","0.00","UNK","2026-09-22 04:21:04.354502","2026-09-22 04:21:04.354502"
"S25U","INFER_S25U_VEH_ROOF_20260921_180355.mp4",350,"2026-09-21 18:04:00.857371","VEH_017","motorcycle","UNK","UNK","UNK","gray","0.00","UNK","2026-09-22 04:21:04.354502","2026-09-22 04:21:04.354502"
"S25U","INFER_S25U_VEH_ROOF_20260921_180355.mp4",350,"2026-09-21 18:04:00.857371","VEH_018","motorcycle","UNK","UNK","UNK","gray","0.00","UNK","2026-09-22 04:21:04.354502","2026-09-22 04:21:04.354502"
"S25U","INFER_S25U_VEH_ROOF_20260921_180355.mp4",350,"2026-09-21 18:04:00.857371","VEH_019","motorcycle","UNK","UNK","UNK","gray","0.00","UNK","2026-09-22 04:21:04.354502","2026-09-22 04:21:04.354502"
"S25U","INFER_S25U_VEH_ROOF_20260921_180355.mp4",350,"2026-09-21 18:04:00.857371","VEH_020","motorcycle","UNK","UNK","UNK","gray","0.00","UNK","2026-09-22 04:21:04.354502","2026-09-22 04:21:04.354502"
"S25U","INFER_S25U_VEH_ROOF_20260921_180355.mp4",350,"2026-09-21 18:04:00.857371","VEH_021","motorcycle","UNK","UNK","UNK","black","0.00","UNK","2026-09-22 04:21:04.354502","2026-09-22 04:21:04.354502"
"S25U","INFER_S25U_VEH_ROOF_20260921_180355.mp4",350,"2026-09-21 18:04:00.857371","VEH_022","motorcycle","UNK","UNK","UNK","gray","0.00","UNK","2026-09-22 04:21:04.354502","2026-09-22 04:21:04.354502"
"S25U","INFER_S25U_VEH_ROOF_20260921_180355.mp4",350,"2026-09-21 18:04:00.857371","VEH_023","motorcycle","UNK","UNK","UNK","black","0.00","UNK","2026-09-22 04:21:04.354502","2026-09-22 04:21:04.354502"
"S25U","INFER_S25U_VEH_ROOF_20260921_180355.mp4",350,"2026-09-21 18:04:00.857371","VEH_024","motorcycle","UNK","UNK","UNK","black","0.00","UNK","2026-09-22 04:21:04.354502","2026-09-22 04:21:04.354502"
"S25U","INFER_S25U_VEH_ROOF_20260921_180355.mp4",350,"2026-09-21 18:04:00.857371","VEH_025","motorcycle","UNK","UNK","UNK","gray","0.00","UNK","2026-09-22 04:21:04.354502","2026-09-22 04:21:04.354502"
"S25U","INFER_S25U_VEH_ROOF_20260921_180355.mp4",350,"2026-09-21 18:04:00.857371","VEH_026","motorcycle","UNK","UNK","UNK","black","0.00","UNK","2026-09-22 04:21:04.354502","2026-09-22 04:21:04.354502"
"S25U","INFER_S25U_VEH_ROOF_20260921_180355.mp4",350,"2026-09-21 18:04:00.857371","VEH_027","motorcycle","UNK","UNK","UNK","black","0.00","UNK","2026-09-22 04:21:04.354502","2026-09-22 04:21:04.354502"
"S25U","INFER_S25U_VEH_ROOF_20260921_180355.mp4",350,"2026-09-21 18:04:00.857371","VEH_028","motorcycle","UNK","UNK","UNK","black","0.00","UNK","2026-09-22 04:21:04.354502","2026-09-22 04:21:04.354502"
"S25U","INFER_S25U_VEH_ROOF_20260921_180355.mp4",350,"2026-09-21 18:04:00.857371","VEH_029","motorcycle","UNK","UNK","UNK","UNK","0.00","UNK","2026-09-22 04:21:04.354502","2026-09-22 04:21:04.354502"
"S25U","INFER_S25U_VEH_ROOF_20260921_180355.mp4",350,"2026-09-21 18:04:00.857371","VEH_030","motorcycle","UNK","UNK","UNK","UNK","0.00","UNK","2026-09-22 04:21:04.354502","2026-09-22 04:21:04.354502"
"S25U","INFER_S25U_VEH_ROOF_20260921_180355.mp4",350,"2026-09-21 18:04:00.857371","VEH_031","motorcycle","UNK","UNK","UNK","UNK","0.00","UNK","2026-09-22 04:21:04.354502","2026-09-22 04:21:04.354502"
"S25U","INFER_S25U_VEH_ROOF_20260921_180355.mp4",350,"2026-09-21 18:04:00.857371","VEH_032","motorcycle","UNK","UNK","UNK","gray","0.00","UNK","2026-09-22 04:21:04.354502","2026-09-22 04:21:04.354502"
"S25U","INFER_S25U_VEH_ROOF_20260921_180355.mp4",350,"2026-09-21 18:04:00.857371","VEH_033","motorcycle","UNK","UNK","UNK","gray","0.00","UNK","2026-09-22 04:21:04.354502","2026-09-22 04:21:04.354502"
"S25U","INFER_S25U_VEH_ROOF_20260921_180355.mp4",350,"2026-09-21 18:04:00.857371","VEH_034","motorcycle","UNK","UNK","UNK","black","0.00","UNK","2026-09-22 04:21:04.354502","2026-09-22 04:21:04.354502"
"S25U","INFER_S25U_VEH_ROOF_20260921_180355.mp4",350,"2026-09-21 18:04:00.857371","VEH_035","motorcycle","UNK","UNK","UNK","UNK","0.00","UNK","2026-09-22 04:21:04.354502","2026-09-22 04:21:04.354502"
"S25U","INFER_S25U_VEH_ROOF_20260921_180355.mp4",350,"2026-09-21 18:04:00.857371","VEH_036","motorcycle","UNK","UNK","UNK","UNK","0.00","UNK","2026-09-22 04:21:04.354502","2026-09-22 04:21:04.354502"
"S25U","INFER_S25U_VEH_ROOF_20260921_180355.mp4",350,"2026-09-21 18:04:00.857371","VEH_037","motorcycle","UNK","UNK","UNK","gray","0.00","UNK","2026-09-22 04:21:04.354502","2026-09-22 04:21:04.354502"
"S25U","INFER_S25U_VEH_ROOF_20260921_180355.mp4",350,"2026-09-21 18:04:00.857371","VEH_038","motorcycle","UNK","UNK","UNK","black","0.00","UNK","2026-09-22 04:21:04.354502","2026-09-22 04:21:04.354502"
"S25U","INFER_S25U_VEH_ROOF_20260921_180355.mp4",350,"2026-09-21 18:04:00.857371","VEH_039","motorcycle","UNK","UNK","UNK","gray","0.00","UNK","2026-09-22 04:21:04.354502","2026-09-22 04:21:04.354502"
"S25U","INFER_S25U_VEH_ROOF_20260921_180355.mp4",350,"2026-09-21 18:04:00.857371","VEH_040","motorcycle","UNK","UNK","UNK","black","0.00","UNK","2026-09-22 04:21:04.354502","2026-09-22 04:21:04.354502"
"S25U","INFER_S25U_VEH_ROOF_20260921_180355.mp4",350,"2026-09-21 18:04:00.857371","VEH_041","motorcycle","UNK","UNK","UNK","black","0.00","UNK","2026-09-22 04:21:04.354502","2026-09-22 04:21:04.354502"
"S25U","INFER_S25U_VEH_ROOF_20260921_180355.mp4",350,"2026-09-21 18:04:00.857371","VEH_042","motorcycle","UNK","UNK","UNK","black","0.00","UNK","2026-09-22 04:21:04.354502","2026-09-22 04:21:04.354502"
"S25U","INFER_S25U_VEH_ROOF_20260921_180355.mp4",350,"2026-09-21 18:04:00.857371","VEH_043","motorcycle","UNK","UNK","UNK","UNK","0.00","UNK","2026-09-22 04:21:04.354502","2026-09-22 04:21:04.354502"
"S25U","INFER_S25U_VEH_ROOF_20260921_180355.mp4",350,"2026-09-21 18:04:00.857371","VEH_044","motorcycle","UNK","UNK","UNK","black","0.00","UNK","2026-09-22 04:21:04.354502","2026-09-22 04:21:04.354502"
"S25U","INFER_S25U_VEH_ROOF_20260921_180355.mp4",350,"2026-09-21 18:04:00.857371","VEH_045","truck","UNK","UNK","UNK","UNK","0.00","UNK","2026-09-22 04:21:04.354502","2026-09-22 04:21:04.354502"
"S25U","INFER_S25U_VEH_ROOF_20260921_180355.mp4",350,"2026-09-21 18:04:00.857371","VEH_046","bus","UNK","UNK","UNK","gray","0.00","UNK","2026-09-22 04:21:04.354502","2026-09-22 04:21:04.354502"
"S25U","INFER_S25U_VEH_ROOF_20260921_180355.mp4",360,"2026-09-21 18:04:01.024724","VEH_001","motorcycle","UNK","UNK","UNK","gray","0.00","UNK","2026-09-22 04:21:06.407173","2026-09-22 04:21:06.407173"
"S25U","INFER_S25U_VEH_ROOF_20260921_180355.mp4",360,"2026-09-21 18:04:01.024724","VEH_002","motorcycle","UNK","UNK","UNK","gray","0.00","UNK","2026-09-22 04:21:06.407173","2026-09-22 04:21:06.407173"
"S25U","INFER_S25U_VEH_ROOF_20260921_180355.mp4",360,"2026-09-21 18:04:01.024724","VEH_003","motorcycle","UNK","UNK","UNK","gray","0.00","UNK","2026-09-22 04:21:06.407173","2026-09-22 04:21:06.407173"
"S25U","INFER_S25U_VEH_ROOF_20260921_180355.mp4",360,"2026-09-21 18:04:01.024724","VEH_004","motorcycle","UNK","UNK","UNK","gray","0.00","UNK","2026-09-22 04:21:06.407173","2026-09-22 04:21:06.407173"
"S25U","INFER_S25U_VEH_ROOF_20260921_180355.mp4",360,"2026-09-21 18:04:01.024724","VEH_005","motorcycle","UNK","UNK","UNK","gray","0.00","UNK","2026-09-22 04:21:06.407173","2026-09-22 04:21:06.407173"
"S25U","INFER_S25U_VEH_ROOF_20260921_180355.mp4",360,"2026-09-21 18:04:01.024724","VEH_006","motorcycle","UNK","UNK","UNK","gray","0.00","UNK","2026-09-22 04:21:06.407173","2026-09-22 04:21:06.407173"
"S25U","INFER_S25U_VEH_ROOF_20260921_180355.mp4",360,"2026-09-21 18:04:01.024724","VEH_007","motorcycle","UNK","UNK","UNK","gray","0.00","UNK","2026-09-22 04:21:06.407173","2026-09-22 04:21:06.407173"
"S25U","INFER_S25U_VEH_ROOF_20260921_180355.mp4",360,"2026-09-21 18:04:01.024724","VEH_008","motorcycle","UNK","UNK","UNK","gray","0.00","UNK","2026-09-22 04:21:06.407173","2026-09-22 04:21:06.407173"
"S25U","INFER_S25U_VEH_ROOF_20260921_180355.mp4",360,"2026-09-21 18:04:01.024724","VEH_009","motorcycle","UNK","UNK","UNK","black","0.00","UNK","2026-09-22 04:21:06.407173","2026-09-22 04:21:06.407173"
"S25U","INFER_S25U_VEH_ROOF_20260921_180355.mp4",360,"2026-09-21 18:04:01.024724","VEH_010","motorcycle","UNK","UNK","UNK","gray","0.00","UNK","2026-09-22 04:21:06.407173","2026-09-22 04:21:06.407173"
"S25U","INFER_S25U_VEH_ROOF_20260921_180355.mp4",360,"2026-09-21 18:04:01.024724","VEH_011","motorcycle","UNK","UNK","UNK","gray","0.00","UNK","2026-09-22 04:21:06.407173","2026-09-22 04:21:06.407173"
"S25U","INFER_S25U_VEH_ROOF_20260921_180355.mp4",360,"2026-09-21 18:04:01.024724","VEH_012","motorcycle","UNK","UNK","UNK","gray","0.00","UNK","2026-09-22 04:21:06.407173","2026-09-22 04:21:06.407173"
"S25U","INFER_S25U_VEH_ROOF_20260921_180355.mp4",360,"2026-09-21 18:04:01.024724","VEH_013","motorcycle","UNK","UNK","UNK","gray","0.00","UNK","2026-09-22 04:21:06.407173","2026-09-22 04:21:06.407173"
"S25U","INFER_S25U_VEH_ROOF_20260921_180355.mp4",360,"2026-09-21 18:04:01.024724","VEH_014","motorcycle","UNK","UNK","UNK","gray","0.00","UNK","2026-09-22 04:21:06.407173","2026-09-22 04:21:06.407173"
"S25U","INFER_S25U_VEH_ROOF_20260921_180355.mp4",360,"2026-09-21 18:04:01.024724","VEH_015","motorcycle","UNK","UNK","UNK","gray","0.00","UNK","2026-09-22 04:21:06.407173","2026-09-22 04:21:06.407173"
"S25U","INFER_S25U_VEH_ROOF_20260921_180355.mp4",360,"2026-09-21 18:04:01.024724","VEH_016","motorcycle","UNK","UNK","UNK","black","0.00","UNK","2026-09-22 04:21:06.407173","2026-09-22 04:21:06.407173"
"S25U","INFER_S25U_VEH_ROOF_20260921_180355.mp4",360,"2026-09-21 18:04:01.024724","VEH_017","motorcycle","UNK","UNK","UNK","black","0.00","UNK","2026-09-22 04:21:06.407173","2026-09-22 04:21:06.407173"
"S25U","INFER_S25U_VEH_ROOF_20260921_180355.mp4",360,"2026-09-21 18:04:01.024724","VEH_018","motorcycle","UNK","UNK","UNK","black","0.00","UNK","2026-09-22 04:21:06.407173","2026-09-22 04:21:06.407173"
"S25U","INFER_S25U_VEH_ROOF_20260921_180355.mp4",360,"2026-09-21 18:04:01.024724","VEH_019","motorcycle","UNK","UNK","UNK","black","0.00","UNK","2026-09-22 04:21:06.407173","2026-09-22 04:21:06.407173"
"S25U","INFER_S25U_VEH_ROOF_20260921_180355.mp4",360,"2026-09-21 18:04:01.024724","VEH_020","motorcycle","UNK","UNK","UNK","gray","0.00","UNK","2026-09-22 04:21:06.407173","2026-09-22 04:21:06.407173"
"S25U","INFER_S25U_VEH_ROOF_20260921_180355.mp4",360,"2026-09-21 18:04:01.024724","VEH_021","motorcycle","UNK","UNK","UNK","gray","0.00","UNK","2026-09-22 04:21:06.407173","2026-09-22 04:21:06.407173"
"S25U","INFER_S25U_VEH_ROOF_20260921_180355.mp4",360,"2026-09-21 18:04:01.024724","VEH_022","motorcycle","UNK","UNK","UNK","gray","0.00","UNK","2026-09-22 04:21:06.407173","2026-09-22 04:21:06.407173"
"S25U","INFER_S25U_VEH_ROOF_20260921_180355.mp4",360,"2026-09-21 18:04:01.024724","VEH_023","motorcycle","UNK","UNK","UNK","gray","0.00","UNK","2026-09-22 04:21:06.407173","2026-09-22 04:21:06.407173"
"S25U","INFER_S25U_VEH_ROOF_20260921_180355.mp4",360,"2026-09-21 18:04:01.024724","VEH_024","motorcycle","UNK","UNK","UNK","black","0.00","UNK","2026-09-22 04:21:06.407173","2026-09-22 04:21:06.407173"
"S25U","INFER_S25U_VEH_ROOF_20260921_180355.mp4",360,"2026-09-21 18:04:01.024724","VEH_025","motorcycle","UNK","UNK","UNK","black","0.00","UNK","2026-09-22 04:21:06.407173","2026-09-22 04:21:06.407173"
"S25U","INFER_S25U_VEH_ROOF_20260921_180355.mp4",360,"2026-09-21 18:04:01.024724","VEH_026","motorcycle","UNK","UNK","UNK","black","0.00","UNK","2026-09-22 04:21:06.407173","2026-09-22 04:21:06.407173"
"S25U","INFER_S25U_VEH_ROOF_20260921_180355.mp4",360,"2026-09-21 18:04:01.024724","VEH_027","motorcycle","UNK","UNK","UNK","black","0.00","UNK","2026-09-22 04:21:06.407173","2026-09-22 04:21:06.407173"
"S25U","INFER_S25U_VEH_ROOF_20260921_180355.mp4",360,"2026-09-21 18:04:01.024724","VEH_028","motorcycle","UNK","UNK","UNK","UNK","0.00","UNK","2026-09-22 04:21:06.407173","2026-09-22 04:21:06.407173"
"S25U","INFER_S25U_VEH_ROOF_20260921_180355.mp4",360,"2026-09-21 18:04:01.024724","VEH_029","motorcycle","UNK","UNK","UNK","UNK","0.00","UNK","2026-09-22 04:21:06.407173","2026-09-22 04:21:06.407173"
"S25U","INFER_S25U_VEH_ROOF_20260921_180355.mp4",360,"2026-09-21 18:04:01.024724","VEH_030","motorcycle","UNK","UNK","UNK","UNK","0.00","UNK","2026-09-22 04:21:06.407173","2026-09-22 04:21:06.407173"
"S25U","INFER_S25U_VEH_ROOF_20260921_180355.mp4",360,"2026-09-21 18:04:01.024724","VEH_031","motorcycle","UNK","UNK","UNK","UNK","0.00","UNK","2026-09-22 04:21:06.407173","2026-09-22 04:21:06.407173"
"S25U","INFER_S25U_VEH_ROOF_20260921_180355.mp4",360,"2026-09-21 18:04:01.024724","VEH_032","motorcycle","UNK","UNK","UNK","gray","0.00","UNK","2026-09-22 04:21:06.407173","2026-09-22 04:21:06.407173"
"S25U","INFER_S25U_VEH_ROOF_20260921_180355.mp4",360,"2026-09-21 18:04:01.024724","VEH_033","motorcycle","UNK","UNK","UNK","UNK","0.00","UNK","2026-09-22 04:21:06.407173","2026-09-22 04:21:06.407173"
"S25U","INFER_S25U_VEH_ROOF_20260921_180355.mp4",360,"2026-09-21 18:04:01.024724","VEH_034","motorcycle","UNK","UNK","UNK","UNK","0.00","UNK","2026-09-22 04:21:06.407173","2026-09-22 04:21:06.407173"
"S25U","INFER_S25U_VEH_ROOF_20260921_180355.mp4",360,"2026-09-21 18:04:01.024724","VEH_035","motorcycle","UNK","UNK","UNK","gray","0.00","UNK","2026-09-22 04:21:06.407173","2026-09-22 04:21:06.407173"
"S25U","INFER_S25U_VEH_ROOF_20260921_180355.mp4",360,"2026-09-21 18:04:01.024724","VEH_036","motorcycle","UNK","UNK","UNK","black","0.00","UNK","2026-09-22 04:21:06.407173","2026-09-22 04:21:06.407173"
"S25U","INFER_S25U_VEH_ROOF_20260921_180355.mp4",360,"2026-09-21 18:04:01.024724","VEH_037","motorcycle","UNK","UNK","UNK","black","0.00","UNK","2026-09-22 04:21:06.407173","2026-09-22 04:21:06.407173"
"S25U","INFER_S25U_VEH_ROOF_20260921_180355.mp4",360,"2026-09-21 18:04:01.024724","VEH_038","motorcycle","UNK","UNK","UNK","black","0.00","UNK","2026-09-22 04:21:06.407173","2026-09-22 04:21:06.407173"
"S25U","INFER_S25U_VEH_ROOF_20260921_180355.mp4",360,"2026-09-21 18:04:01.024724","VEH_039","motorcycle","UNK","UNK","UNK","black","0.00","UNK","2026-09-22 04:21:06.407173","2026-09-22 04:21:06.407173"
"S25U","INFER_S25U_VEH_ROOF_20260921_180355.mp4",360,"2026-09-21 18:04:01.024724","VEH_040","motorcycle","UNK","UNK","UNK","black","0.00","UNK","2026-09-22 04:21:06.407173","2026-09-22 04:21:06.407173"
"S25U","INFER_S25U_VEH_ROOF_20260921_180355.mp4",360,"2026-09-21 18:04:01.024724","VEH_041","motorcycle","UNK","UNK","UNK","UNK","0.00","UNK","2026-09-22 04:21:06.407173","2026-09-22 04:21:06.407173"
"S25U","INFER_S25U_VEH_ROOF_20260921_180355.mp4",360,"2026-09-21 18:04:01.024724","VEH_042","truck","UNK","UNK","UNK","UNK","0.00","UNK","2026-09-22 04:21:06.407173","2026-09-22 04:21:06.407173"
"S25U","INFER_S25U_VEH_ROOF_20260921_180355.mp4",370,"2026-09-21 18:04:01.192078","VEH_001","motorcycle","UNK","UNK","UNK","gray","0.00","UNK","2026-09-22 04:21:08.766402","2026-09-22 04:21:08.766402"
"S25U","INFER_S25U_VEH_ROOF_20260921_180355.mp4",370,"2026-09-21 18:04:01.192078","VEH_002","motorcycle","UNK","UNK","UNK","black","0.00","UNK","2026-09-22 04:21:08.766402","2026-09-22 04:21:08.766402"
"S25U","INFER_S25U_VEH_ROOF_20260921_180355.mp4",370,"2026-09-21 18:04:01.192078","VEH_003","motorcycle","UNK","UNK","UNK","gray","0.00","UNK","2026-09-22 04:21:08.766402","2026-09-22 04:21:08.766402"
"S25U","INFER_S25U_VEH_ROOF_20260921_180355.mp4",370,"2026-09-21 18:04:01.192078","VEH_004","motorcycle","UNK","UNK","UNK","gray","0.00","UNK","2026-09-22 04:21:08.766402","2026-09-22 04:21:08.766402"
"S25U","INFER_S25U_VEH_ROOF_20260921_180355.mp4",370,"2026-09-21 18:04:01.192078","VEH_005","motorcycle","UNK","UNK","UNK","gray","0.00","UNK","2026-09-22 04:21:08.766402","2026-09-22 04:21:08.766402"
"S25U","INFER_S25U_VEH_ROOF_20260921_180355.mp4",370,"2026-09-21 18:04:01.192078","VEH_006","motorcycle","UNK","UNK","UNK","gray","0.00","UNK","2026-09-22 04:21:08.766402","2026-09-22 04:21:08.766402"
"S25U","INFER_S25U_VEH_ROOF_20260921_180355.mp4",370,"2026-09-21 18:04:01.192078","VEH_007","motorcycle","UNK","UNK","UNK","gray","0.00","UNK","2026-09-22 04:21:08.766402","2026-09-22 04:21:08.766402"
"S25U","INFER_S25U_VEH_ROOF_20260921_180355.mp4",370,"2026-09-21 18:04:01.192078","VEH_008","motorcycle","UNK","UNK","UNK","gray","0.00","UNK","2026-09-22 04:21:08.766402","2026-09-22 04:21:08.766402"
"S25U","INFER_S25U_VEH_ROOF_20260921_180355.mp4",370,"2026-09-21 18:04:01.192078","VEH_009","motorcycle","UNK","UNK","UNK","gray","0.00","UNK","2026-09-22 04:21:08.766402","2026-09-22 04:21:08.766402"
"S25U","INFER_S25U_VEH_ROOF_20260921_180355.mp4",370,"2026-09-21 18:04:01.192078","VEH_010","motorcycle","UNK","UNK","UNK","black","0.00","UNK","2026-09-22 04:21:08.766402","2026-09-22 04:21:08.766402"
"S25U","INFER_S25U_VEH_ROOF_20260921_180355.mp4",370,"2026-09-21 18:04:01.192078","VEH_011","motorcycle","UNK","UNK","UNK","black","0.00","UNK","2026-09-22 04:21:08.766402","2026-09-22 04:21:08.766402"
"S25U","INFER_S25U_VEH_ROOF_20260921_180355.mp4",370,"2026-09-21 18:04:01.192078","VEH_012","motorcycle","UNK","UNK","UNK","black","0.00","UNK","2026-09-22 04:21:08.766402","2026-09-22 04:21:08.766402"
"S25U","INFER_S25U_VEH_ROOF_20260921_180355.mp4",370,"2026-09-21 18:04:01.192078","VEH_013","motorcycle","UNK","UNK","UNK","gray","0.00","UNK","2026-09-22 04:21:08.766402","2026-09-22 04:21:08.766402"
"S25U","INFER_S25U_VEH_ROOF_20260921_180355.mp4",370,"2026-09-21 18:04:01.192078","VEH_014","motorcycle","UNK","UNK","UNK","gray","0.00","UNK","2026-09-22 04:21:08.766402","2026-09-22 04:21:08.766402"
"S25U","INFER_S25U_VEH_ROOF_20260921_180355.mp4",370,"2026-09-21 18:04:01.192078","VEH_015","motorcycle","UNK","UNK","UNK","gray","0.00","UNK","2026-09-22 04:21:08.766402","2026-09-22 04:21:08.766402"
"S25U","INFER_S25U_VEH_ROOF_20260921_180355.mp4",370,"2026-09-21 18:04:01.192078","VEH_016","motorcycle","UNK","UNK","UNK","gray","0.00","UNK","2026-09-22 04:21:08.766402","2026-09-22 04:21:08.766402"
"S25U","INFER_S25U_VEH_ROOF_20260921_180355.mp4",370,"2026-09-21 18:04:01.192078","VEH_017","motorcycle","UNK","UNK","UNK","gray","0.00","UNK","2026-09-22 04:21:08.766402","2026-09-22 04:21:08.766402"
"S25U","INFER_S25U_VEH_ROOF_20260921_180355.mp4",370,"2026-09-21 18:04:01.192078","VEH_018","motorcycle","UNK","UNK","UNK","gray","0.00","UNK","2026-09-22 04:21:08.766402","2026-09-22 04:21:08.766402"
"S25U","INFER_S25U_VEH_ROOF_20260921_180355.mp4",370,"2026-09-21 18:04:01.192078","VEH_019","motorcycle","UNK","UNK","UNK","black","0.00","UNK","2026-09-22 04:21:08.766402","2026-09-22 04:21:08.766402"
"S25U","INFER_S25U_VEH_ROOF_20260921_180355.mp4",370,"2026-09-21 18:04:01.192078","VEH_020","motorcycle","UNK","UNK","UNK","black","0.00","UNK","2026-09-22 04:21:08.766402","2026-09-22 04:21:08.766402"
"S25U","INFER_S25U_VEH_ROOF_20260921_180355.mp4",370,"2026-09-21 18:04:01.192078","VEH_021","motorcycle","UNK","UNK","UNK","gray","0.00","UNK","2026-09-22 04:21:08.766402","2026-09-22 04:21:08.766402"
"S25U","INFER_S25U_VEH_ROOF_20260921_180355.mp4",370,"2026-09-21 18:04:01.192078","VEH_022","motorcycle","UNK","UNK","UNK","gray","0.00","UNK","2026-09-22 04:21:08.766402","2026-09-22 04:21:08.766402"
"S25U","INFER_S25U_VEH_ROOF_20260921_180355.mp4",370,"2026-09-21 18:04:01.192078","VEH_023","motorcycle","UNK","UNK","UNK","black","0.00","UNK","2026-09-22 04:21:08.766402","2026-09-22 04:21:08.766402"
"S25U","INFER_S25U_VEH_ROOF_20260921_180355.mp4",370,"2026-09-21 18:04:01.192078","VEH_024","motorcycle","UNK","UNK","UNK","black","0.00","UNK","2026-09-22 04:21:08.766402","2026-09-22 04:21:08.766402"
"S25U","INFER_S25U_VEH_ROOF_20260921_180355.mp4",370,"2026-09-21 18:04:01.192078","VEH_025","motorcycle","UNK","UNK","UNK","black","0.00","UNK","2026-09-22 04:21:08.766402","2026-09-22 04:21:08.766402"
"S25U","INFER_S25U_VEH_ROOF_20260921_180355.mp4",370,"2026-09-21 18:04:01.192078","VEH_026","motorcycle","UNK","UNK","UNK","black","0.00","UNK","2026-09-22 04:21:08.766402","2026-09-22 04:21:08.766402"
"S25U","INFER_S25U_VEH_ROOF_20260921_180355.mp4",370,"2026-09-21 18:04:01.192078","VEH_027","motorcycle","UNK","UNK","UNK","UNK","0.00","UNK","2026-09-22 04:21:08.766402","2026-09-22 04:21:08.766402"
"S25U","INFER_S25U_VEH_ROOF_20260921_180355.mp4",370,"2026-09-21 18:04:01.192078","VEH_028","motorcycle","UNK","UNK","UNK","UNK","0.00","UNK","2026-09-22 04:21:08.766402","2026-09-22 04:21:08.766402"
"S25U","INFER_S25U_VEH_ROOF_20260921_180355.mp4",370,"2026-09-21 18:04:01.192078","VEH_029","motorcycle","UNK","UNK","UNK","gray","0.00","UNK","2026-09-22 04:21:08.766402","2026-09-22 04:21:08.766402"
"S25U","INFER_S25U_VEH_ROOF_20260921_180355.mp4",370,"2026-09-21 18:04:01.192078","VEH_030","motorcycle","UNK","UNK","UNK","gray","0.00","UNK","2026-09-22 04:21:08.766402","2026-09-22 04:21:08.766402"
"S25U","INFER_S25U_VEH_ROOF_20260921_180355.mp4",370,"2026-09-21 18:04:01.192078","VEH_031","motorcycle","UNK","UNK","UNK","gray","0.00","UNK","2026-09-22 04:21:08.766402","2026-09-22 04:21:08.766402"
"S25U","INFER_S25U_VEH_ROOF_20260921_180355.mp4",370,"2026-09-21 18:04:01.192078","VEH_032","motorcycle","UNK","UNK","UNK","UNK","0.00","UNK","2026-09-22 04:21:08.766402","2026-09-22 04:21:08.766402"
"S25U","INFER_S25U_VEH_ROOF_20260921_180355.mp4",370,"2026-09-21 18:04:01.192078","VEH_033","motorcycle","UNK","UNK","UNK","UNK","0.00","UNK","2026-09-22 04:21:08.766402","2026-09-22 04:21:08.766402"
"S25U","INFER_S25U_VEH_ROOF_20260921_180355.mp4",370,"2026-09-21 18:04:01.192078","VEH_034","motorcycle","UNK","UNK","UNK","gray","0.00","UNK","2026-09-22 04:21:08.766402","2026-09-22 04:21:08.766402"
"S25U","INFER_S25U_VEH_ROOF_20260921_180355.mp4",370,"2026-09-21 18:04:01.192078","VEH_035","motorcycle","UNK","UNK","UNK","gray","0.00","UNK","2026-09-22 04:21:08.766402","2026-09-22 04:21:08.766402"
"S25U","INFER_S25U_VEH_ROOF_20260921_180355.mp4",370,"2026-09-21 18:04:01.192078","VEH_036","motorcycle","UNK","UNK","UNK","black","0.00","UNK","2026-09-22 04:21:08.766402","2026-09-22 04:21:08.766402"
"S25U","INFER_S25U_VEH_ROOF_20260921_180355.mp4",370,"2026-09-21 18:04:01.192078","VEH_037","motorcycle","UNK","UNK","UNK","black","0.00","UNK","2026-09-22 04:21:08.766402","2026-09-22 04:21:08.766402"
"S25U","INFER_S25U_VEH_ROOF_20260921_180355.mp4",370,"2026-09-21 18:04:01.192078","VEH_038","motorcycle","UNK","UNK","UNK","black","0.00","UNK","2026-09-22 04:21:08.766402","2026-09-22 04:21:08.766402"
"S25U","INFER_S25U_VEH_ROOF_20260921_180355.mp4",370,"2026-09-21 18:04:01.192078","VEH_039","motorcycle","UNK","UNK","UNK","black","0.00","UNK","2026-09-22 04:21:08.766402","2026-09-22 04:21:08.766402"
"S25U","INFER_S25U_VEH_ROOF_20260921_180355.mp4",370,"2026-09-21 18:04:01.192078","VEH_040","motorcycle","UNK","UNK","UNK","black","0.00","UNK","2026-09-22 04:21:08.766402","2026-09-22 04:21:08.766402"
"S25U","INFER_S25U_VEH_ROOF_20260921_180355.mp4",370,"2026-09-21 18:04:01.192078","VEH_041","motorcycle","UNK","UNK","UNK","black","0.00","UNK","2026-09-22 04:21:08.766402","2026-09-22 04:21:08.766402"
"S25U","INFER_S25U_VEH_ROOF_20260921_180355.mp4",370,"2026-09-21 18:04:01.192078","VEH_042","motorcycle","UNK","UNK","UNK","black","0.00","UNK","2026-09-22 04:21:08.766402","2026-09-22 04:21:08.766402"
"S25U","INFER_S25U_VEH_ROOF_20260921_180355.mp4",370,"2026-09-21 18:04:01.192078","VEH_043","bus","UNK","UNK","UNK","gray","0.00","UNK","2026-09-22 04:21:08.766402","2026-09-22 04:21:08.766402"
"S25U","INFER_S25U_VEH_ROOF_20260921_180355.mp4",370,"2026-09-21 18:04:01.192078","VEH_044","truck","UNK","UNK","UNK","UNK","0.00","UNK","2026-09-22 04:21:08.766402","2026-09-22 04:21:08.766402"
"S25U","INFER_S25U_VEH_ROOF_20260921_180355.mp4",380,"2026-09-21 18:04:01.359431","VEH_001","motorcycle","UNK","UNK","UNK","gray","0.00","UNK","2026-09-22 04:21:10.732318","2026-09-22 04:21:10.732318"
"S25U","INFER_S25U_VEH_ROOF_20260921_180355.mp4",380,"2026-09-21 18:04:01.359431","VEH_002","motorcycle","UNK","UNK","UNK","black","0.00","UNK","2026-09-22 04:21:10.732318","2026-09-22 04:21:10.732318"
"S25U","INFER_S25U_VEH_ROOF_20260921_180355.mp4",380,"2026-09-21 18:04:01.359431","VEH_003","motorcycle","UNK","UNK","UNK","gray","0.00","UNK","2026-09-22 04:21:10.732318","2026-09-22 04:21:10.732318"
"S25U","INFER_S25U_VEH_ROOF_20260921_180355.mp4",380,"2026-09-21 18:04:01.359431","VEH_004","motorcycle","UNK","UNK","UNK","gray","0.00","UNK","2026-09-22 04:21:10.732318","2026-09-22 04:21:10.732318"
"S25U","INFER_S25U_VEH_ROOF_20260921_180355.mp4",380,"2026-09-21 18:04:01.359431","VEH_005","motorcycle","UNK","UNK","UNK","black","0.00","UNK","2026-09-22 04:21:10.732318","2026-09-22 04:21:10.732318"
"S25U","INFER_S25U_VEH_ROOF_20260921_180355.mp4",380,"2026-09-21 18:04:01.359431","VEH_006","motorcycle","UNK","UNK","UNK","gray","0.00","UNK","2026-09-22 04:21:10.732318","2026-09-22 04:21:10.732318"
"S25U","INFER_S25U_VEH_ROOF_20260921_180355.mp4",380,"2026-09-21 18:04:01.359431","VEH_007","motorcycle","UNK","UNK","UNK","gray","0.00","UNK","2026-09-22 04:21:10.732318","2026-09-22 04:21:10.732318"
"S25U","INFER_S25U_VEH_ROOF_20260921_180355.mp4",380,"2026-09-21 18:04:01.359431","VEH_008","motorcycle","UNK","UNK","UNK","gray","0.00","UNK","2026-09-22 04:21:10.732318","2026-09-22 04:21:10.732318"
"S25U","INFER_S25U_VEH_ROOF_20260921_180355.mp4",380,"2026-09-21 18:04:01.359431","VEH_009","motorcycle","UNK","UNK","UNK","gray","0.00","UNK","2026-09-22 04:21:10.732318","2026-09-22 04:21:10.732318"
"S25U","INFER_S25U_VEH_ROOF_20260921_180355.mp4",380,"2026-09-21 18:04:01.359431","VEH_010","motorcycle","UNK","UNK","UNK","gray","0.00","UNK","2026-09-22 04:21:10.732318","2026-09-22 04:21:10.732318"
"S25U","INFER_S25U_VEH_ROOF_20260921_180355.mp4",380,"2026-09-21 18:04:01.359431","VEH_011","motorcycle","UNK","UNK","UNK","gray","0.00","UNK","2026-09-22 04:21:10.732318","2026-09-22 04:21:10.732318"
"S25U","INFER_S25U_VEH_ROOF_20260921_180355.mp4",380,"2026-09-21 18:04:01.359431","VEH_012","motorcycle","UNK","UNK","UNK","gray","0.00","UNK","2026-09-22 04:21:10.732318","2026-09-22 04:21:10.732318"
"S25U","INFER_S25U_VEH_ROOF_20260921_180355.mp4",380,"2026-09-21 18:04:01.359431","VEH_013","motorcycle","UNK","UNK","UNK","gray","0.00","UNK","2026-09-22 04:21:10.732318","2026-09-22 04:21:10.732318"
"S25U","INFER_S25U_VEH_ROOF_20260921_180355.mp4",380,"2026-09-21 18:04:01.359431","VEH_014","motorcycle","UNK","UNK","UNK","black","0.00","UNK","2026-09-22 04:21:10.732318","2026-09-22 04:21:10.732318"
"S25U","INFER_S25U_VEH_ROOF_20260921_180355.mp4",380,"2026-09-21 18:04:01.359431","VEH_015","motorcycle","UNK","UNK","UNK","black","0.00","UNK","2026-09-22 04:21:10.732318","2026-09-22 04:21:10.732318"
"S25U","INFER_S25U_VEH_ROOF_20260921_180355.mp4",380,"2026-09-21 18:04:01.359431","VEH_016","motorcycle","UNK","UNK","UNK","black","0.00","UNK","2026-09-22 04:21:10.732318","2026-09-22 04:21:10.732318"
"S25U","INFER_S25U_VEH_ROOF_20260921_180355.mp4",380,"2026-09-21 18:04:01.359431","VEH_017","motorcycle","UNK","UNK","UNK","black","0.00","UNK","2026-09-22 04:21:10.732318","2026-09-22 04:21:10.732318"
"S25U","INFER_S25U_VEH_ROOF_20260921_180355.mp4",380,"2026-09-21 18:04:01.359431","VEH_018","motorcycle","UNK","UNK","UNK","gray","0.00","UNK","2026-09-22 04:21:10.732318","2026-09-22 04:21:10.732318"
"S25U","INFER_S25U_VEH_ROOF_20260921_180355.mp4",380,"2026-09-21 18:04:01.359431","VEH_019","motorcycle","UNK","UNK","UNK","gray","0.00","UNK","2026-09-22 04:21:10.732318","2026-09-22 04:21:10.732318"
"S25U","INFER_S25U_VEH_ROOF_20260921_180355.mp4",380,"2026-09-21 18:04:01.359431","VEH_020","motorcycle","UNK","UNK","UNK","gray","0.00","UNK","2026-09-22 04:21:10.732318","2026-09-22 04:21:10.732318"
"S25U","INFER_S25U_VEH_ROOF_20260921_180355.mp4",380,"2026-09-21 18:04:01.359431","VEH_021","motorcycle","UNK","UNK","UNK","gray","0.00","UNK","2026-09-22 04:21:10.732318","2026-09-22 04:21:10.732318"
"S25U","INFER_S25U_VEH_ROOF_20260921_180355.mp4",380,"2026-09-21 18:04:01.359431","VEH_022","motorcycle","UNK","UNK","UNK","black","0.00","UNK","2026-09-22 04:21:10.732318","2026-09-22 04:21:10.732318"
"S25U","INFER_S25U_VEH_ROOF_20260921_180355.mp4",380,"2026-09-21 18:04:01.359431","VEH_023","motorcycle","UNK","UNK","UNK","red","0.00","UNK","2026-09-22 04:21:10.732318","2026-09-22 04:21:10.732318"
"S25U","INFER_S25U_VEH_ROOF_20260921_180355.mp4",380,"2026-09-21 18:04:01.359431","VEH_024","motorcycle","UNK","UNK","UNK","black","0.00","UNK","2026-09-22 04:21:10.732318","2026-09-22 04:21:10.732318"
"S25U","INFER_S25U_VEH_ROOF_20260921_180355.mp4",380,"2026-09-21 18:04:01.359431","VEH_025","motorcycle","UNK","UNK","UNK","black","0.00","UNK","2026-09-22 04:21:10.732318","2026-09-22 04:21:10.732318"
"S25U","INFER_S25U_VEH_ROOF_20260921_180355.mp4",380,"2026-09-21 18:04:01.359431","VEH_026","motorcycle","UNK","UNK","UNK","UNK","0.00","UNK","2026-09-22 04:21:10.732318","2026-09-22 04:21:10.732318"
"S25U","INFER_S25U_VEH_ROOF_20260921_180355.mp4",380,"2026-09-21 18:04:01.359431","VEH_027","motorcycle","UNK","UNK","UNK","UNK","0.00","UNK","2026-09-22 04:21:10.732318","2026-09-22 04:21:10.732318"
"S25U","INFER_S25U_VEH_ROOF_20260921_180355.mp4",380,"2026-09-21 18:04:01.359431","VEH_028","motorcycle","UNK","UNK","UNK","UNK","0.00","UNK","2026-09-22 04:21:10.732318","2026-09-22 04:21:10.732318"
"S25U","INFER_S25U_VEH_ROOF_20260921_180355.mp4",380,"2026-09-21 18:04:01.359431","VEH_029","motorcycle","UNK","UNK","UNK","UNK","0.00","UNK","2026-09-22 04:21:10.732318","2026-09-22 04:21:10.732318"
"S25U","INFER_S25U_VEH_ROOF_20260921_180355.mp4",380,"2026-09-21 18:04:01.359431","VEH_030","motorcycle","UNK","UNK","UNK","UNK","0.00","UNK","2026-09-22 04:21:10.732318","2026-09-22 04:21:10.732318"
"S25U","INFER_S25U_VEH_ROOF_20260921_180355.mp4",380,"2026-09-21 18:04:01.359431","VEH_031","motorcycle","UNK","UNK","UNK","gray","0.00","UNK","2026-09-22 04:21:10.732318","2026-09-22 04:21:10.732318"
"S25U","INFER_S25U_VEH_ROOF_20260921_180355.mp4",380,"2026-09-21 18:04:01.359431","VEH_032","motorcycle","UNK","UNK","UNK","gray","0.00","UNK","2026-09-22 04:21:10.732318","2026-09-22 04:21:10.732318"
"S25U","INFER_S25U_VEH_ROOF_20260921_180355.mp4",380,"2026-09-21 18:04:01.359431","VEH_033","motorcycle","UNK","UNK","UNK","gray","0.00","UNK","2026-09-22 04:21:10.732318","2026-09-22 04:21:10.732318"
"S25U","INFER_S25U_VEH_ROOF_20260921_180355.mp4",380,"2026-09-21 18:04:01.359431","VEH_034","motorcycle","UNK","UNK","UNK","gray","0.00","UNK","2026-09-22 04:21:10.732318","2026-09-22 04:21:10.732318"
"S25U","INFER_S25U_VEH_ROOF_20260921_180355.mp4",380,"2026-09-21 18:04:01.359431","VEH_035","motorcycle","UNK","UNK","UNK","gray","0.00","UNK","2026-09-22 04:21:10.732318","2026-09-22 04:21:10.732318"
"S25U","INFER_S25U_VEH_ROOF_20260921_180355.mp4",380,"2026-09-21 18:04:01.359431","VEH_036","motorcycle","UNK","UNK","UNK","UNK","0.00","UNK","2026-09-22 04:21:10.732318","2026-09-22 04:21:10.732318"
"S25U","INFER_S25U_VEH_ROOF_20260921_180355.mp4",380,"2026-09-21 18:04:01.359431","VEH_037","bus","UNK","UNK","UNK","gray","0.00","UNK","2026-09-22 04:21:10.732318","2026-09-22 04:21:10.732318"
"S25U","INFER_S25U_VEH_ROOF_20260921_180355.mp4",380,"2026-09-21 18:04:01.359431","VEH_038","motorcycle","UNK","UNK","UNK","black","0.00","UNK","2026-09-22 04:21:10.732318","2026-09-22 04:21:10.732318"
"S25U","INFER_S25U_VEH_ROOF_20260921_180355.mp4",380,"2026-09-21 18:04:01.359431","VEH_039","motorcycle","UNK","UNK","UNK","black","0.00","UNK","2026-09-22 04:21:10.732318","2026-09-22 04:21:10.732318"
"S25U","INFER_S25U_VEH_ROOF_20260921_180355.mp4",380,"2026-09-21 18:04:01.359431","VEH_040","motorcycle","UNK","UNK","UNK","black","0.00","UNK","2026-09-22 04:21:10.732318","2026-09-22 04:21:10.732318"
"S25U","INFER_S25U_VEH_ROOF_20260921_180355.mp4",380,"2026-09-21 18:04:01.359431","VEH_041","motorcycle","UNK","UNK","UNK","UNK","0.00","UNK","2026-09-22 04:21:10.732318","2026-09-22 04:21:10.732318"
"S25U","INFER_S25U_VEH_ROOF_20260921_180355.mp4",380,"2026-09-21 18:04:01.359431","VEH_042","truck","UNK","UNK","UNK","UNK","0.00","UNK","2026-09-22 04:21:10.732318","2026-09-22 04:21:10.732318"
"S25U","INFER_S25U_VEH_ROOF_20260921_180355.mp4",390,"2026-09-21 18:04:01.526785","VEH_001","motorcycle","UNK","UNK","UNK","gray","0.00","UNK","2026-09-22 04:21:13.316126","2026-09-22 04:21:13.316126"
"S25U","INFER_S25U_VEH_ROOF_20260921_180355.mp4",390,"2026-09-21 18:04:01.526785","VEH_002","motorcycle","UNK","UNK","UNK","UNK","0.00","UNK","2026-09-22 04:21:13.316126","2026-09-22 04:21:13.316126"
"S25U","INFER_S25U_VEH_ROOF_20260921_180355.mp4",390,"2026-09-21 18:04:01.526785","VEH_003","motorcycle","UNK","UNK","UNK","gray","0.00","UNK","2026-09-22 04:21:13.316126","2026-09-22 04:21:13.316126"
"S25U","INFER_S25U_VEH_ROOF_20260921_180355.mp4",390,"2026-09-21 18:04:01.526785","VEH_004","motorcycle","UNK","UNK","UNK","black","0.00","UNK","2026-09-22 04:21:13.316126","2026-09-22 04:21:13.316126"
"S25U","INFER_S25U_VEH_ROOF_20260921_180355.mp4",390,"2026-09-21 18:04:01.526785","VEH_005","motorcycle","UNK","UNK","UNK","gray","0.00","UNK","2026-09-22 04:21:13.316126","2026-09-22 04:21:13.316126"
"S25U","INFER_S25U_VEH_ROOF_20260921_180355.mp4",390,"2026-09-21 18:04:01.526785","VEH_006","motorcycle","UNK","UNK","UNK","gray","0.00","UNK","2026-09-22 04:21:13.316126","2026-09-22 04:21:13.316126"
"S25U","INFER_S25U_VEH_ROOF_20260921_180355.mp4",390,"2026-09-21 18:04:01.526785","VEH_007","motorcycle","UNK","UNK","UNK","gray","0.00","UNK","2026-09-22 04:21:13.316126","2026-09-22 04:21:13.316126"
"S25U","INFER_S25U_VEH_ROOF_20260921_180355.mp4",390,"2026-09-21 18:04:01.526785","VEH_008","motorcycle","UNK","UNK","UNK","gray","0.00","UNK","2026-09-22 04:21:13.316126","2026-09-22 04:21:13.316126"
"S25U","INFER_S25U_VEH_ROOF_20260921_180355.mp4",390,"2026-09-21 18:04:01.526785","VEH_009","motorcycle","UNK","UNK","UNK","gray","0.00","UNK","2026-09-22 04:21:13.316126","2026-09-22 04:21:13.316126"
"S25U","INFER_S25U_VEH_ROOF_20260921_180355.mp4",390,"2026-09-21 18:04:01.526785","VEH_010","motorcycle","UNK","UNK","UNK","gray","0.00","UNK","2026-09-22 04:21:13.316126","2026-09-22 04:21:13.316126"
"S25U","INFER_S25U_VEH_ROOF_20260921_180355.mp4",390,"2026-09-21 18:04:01.526785","VEH_011","motorcycle","UNK","UNK","UNK","gray","0.00","UNK","2026-09-22 04:21:13.316126","2026-09-22 04:21:13.316126"
"S25U","INFER_S25U_VEH_ROOF_20260921_180355.mp4",390,"2026-09-21 18:04:01.526785","VEH_012","motorcycle","UNK","UNK","UNK","gray","0.00","UNK","2026-09-22 04:21:13.316126","2026-09-22 04:21:13.316126"
"S25U","INFER_S25U_VEH_ROOF_20260921_180355.mp4",390,"2026-09-21 18:04:01.526785","VEH_013","motorcycle","UNK","UNK","UNK","gray","0.00","UNK","2026-09-22 04:21:13.316126","2026-09-22 04:21:13.316126"
"S25U","INFER_S25U_VEH_ROOF_20260921_180355.mp4",390,"2026-09-21 18:04:01.526785","VEH_014","motorcycle","UNK","UNK","UNK","gray","0.00","UNK","2026-09-22 04:21:13.316126","2026-09-22 04:21:13.316126"
"S25U","INFER_S25U_VEH_ROOF_20260921_180355.mp4",390,"2026-09-21 18:04:01.526785","VEH_015","motorcycle","UNK","UNK","UNK","gray","0.00","UNK","2026-09-22 04:21:13.316126","2026-09-22 04:21:13.316126"
"S25U","INFER_S25U_VEH_ROOF_20260921_180355.mp4",390,"2026-09-21 18:04:01.526785","VEH_016","motorcycle","UNK","UNK","UNK","gray","0.00","UNK","2026-09-22 04:21:13.316126","2026-09-22 04:21:13.316126"
"S25U","INFER_S25U_VEH_ROOF_20260921_180355.mp4",390,"2026-09-21 18:04:01.526785","VEH_017","motorcycle","UNK","UNK","UNK","gray","0.00","UNK","2026-09-22 04:21:13.316126","2026-09-22 04:21:13.316126"
"S25U","INFER_S25U_VEH_ROOF_20260921_180355.mp4",390,"2026-09-21 18:04:01.526785","VEH_018","motorcycle","UNK","UNK","UNK","black","0.00","UNK","2026-09-22 04:21:13.316126","2026-09-22 04:21:13.316126"
"S25U","INFER_S25U_VEH_ROOF_20260921_180355.mp4",390,"2026-09-21 18:04:01.526785","VEH_019","motorcycle","UNK","UNK","UNK","black","0.00","UNK","2026-09-22 04:21:13.316126","2026-09-22 04:21:13.316126"
"S25U","INFER_S25U_VEH_ROOF_20260921_180355.mp4",390,"2026-09-21 18:04:01.526785","VEH_020","motorcycle","UNK","UNK","UNK","black","0.00","UNK","2026-09-22 04:21:13.316126","2026-09-22 04:21:13.316126"
"S25U","INFER_S25U_VEH_ROOF_20260921_180355.mp4",390,"2026-09-21 18:04:01.526785","VEH_021","motorcycle","UNK","UNK","UNK","black","0.00","UNK","2026-09-22 04:21:13.316126","2026-09-22 04:21:13.316126"
"S25U","INFER_S25U_VEH_ROOF_20260921_180355.mp4",390,"2026-09-21 18:04:01.526785","VEH_022","motorcycle","UNK","UNK","UNK","gray","0.00","UNK","2026-09-22 04:21:13.316126","2026-09-22 04:21:13.316126"
"S25U","INFER_S25U_VEH_ROOF_20260921_180355.mp4",390,"2026-09-21 18:04:01.526785","VEH_023","motorcycle","UNK","UNK","UNK","gray","0.00","UNK","2026-09-22 04:21:13.316126","2026-09-22 04:21:13.316126"
"S25U","INFER_S25U_VEH_ROOF_20260921_180355.mp4",390,"2026-09-21 18:04:01.526785","VEH_024","motorcycle","UNK","UNK","UNK","gray","0.00","UNK","2026-09-22 04:21:13.316126","2026-09-22 04:21:13.316126"
"S25U","INFER_S25U_VEH_ROOF_20260921_180355.mp4",390,"2026-09-21 18:04:01.526785","VEH_025","motorcycle","UNK","UNK","UNK","gray","0.00","UNK","2026-09-22 04:21:13.316126","2026-09-22 04:21:13.316126"
"S25U","INFER_S25U_VEH_ROOF_20260921_180355.mp4",390,"2026-09-21 18:04:01.526785","VEH_026","motorcycle","UNK","UNK","UNK","gray","0.00","UNK","2026-09-22 04:21:13.316126","2026-09-22 04:21:13.316126"
"S25U","INFER_S25U_VEH_ROOF_20260921_180355.mp4",390,"2026-09-21 18:04:01.526785","VEH_027","motorcycle","UNK","UNK","UNK","black","0.00","UNK","2026-09-22 04:21:13.316126","2026-09-22 04:21:13.316126"
"S25U","INFER_S25U_VEH_ROOF_20260921_180355.mp4",390,"2026-09-21 18:04:01.526785","VEH_028","motorcycle","UNK","UNK","UNK","black","0.00","UNK","2026-09-22 04:21:13.316126","2026-09-22 04:21:13.316126"
"S25U","INFER_S25U_VEH_ROOF_20260921_180355.mp4",390,"2026-09-21 18:04:01.526785","VEH_029","motorcycle","UNK","UNK","UNK","black","0.00","UNK","2026-09-22 04:21:13.316126","2026-09-22 04:21:13.316126"
"S25U","INFER_S25U_VEH_ROOF_20260921_180355.mp4",390,"2026-09-21 18:04:01.526785","VEH_030","motorcycle","UNK","UNK","UNK","black","0.00","UNK","2026-09-22 04:21:13.316126","2026-09-22 04:21:13.316126"
"S25U","INFER_S25U_VEH_ROOF_20260921_180355.mp4",390,"2026-09-21 18:04:01.526785","VEH_031","motorcycle","UNK","UNK","UNK","UNK","0.00","UNK","2026-09-22 04:21:13.316126","2026-09-22 04:21:13.316126"
"S25U","INFER_S25U_VEH_ROOF_20260921_180355.mp4",390,"2026-09-21 18:04:01.526785","VEH_032","motorcycle","UNK","UNK","UNK","UNK","0.00","UNK","2026-09-22 04:21:13.316126","2026-09-22 04:21:13.316126"
"S25U","INFER_S25U_VEH_ROOF_20260921_180355.mp4",390,"2026-09-21 18:04:01.526785","VEH_033","motorcycle","UNK","UNK","UNK","gray","0.00","UNK","2026-09-22 04:21:13.316126","2026-09-22 04:21:13.316126"
"S25U","INFER_S25U_VEH_ROOF_20260921_180355.mp4",390,"2026-09-21 18:04:01.526785","VEH_034","motorcycle","UNK","UNK","UNK","black","0.00","UNK","2026-09-22 04:21:13.316126","2026-09-22 04:21:13.316126"
"S25U","INFER_S25U_VEH_ROOF_20260921_180355.mp4",390,"2026-09-21 18:04:01.526785","VEH_035","motorcycle","UNK","UNK","UNK","UNK","0.00","UNK","2026-09-22 04:21:13.316126","2026-09-22 04:21:13.316126"
"S25U","INFER_S25U_VEH_ROOF_20260921_180355.mp4",390,"2026-09-21 18:04:01.526785","VEH_036","motorcycle","UNK","UNK","UNK","gray","0.00","UNK","2026-09-22 04:21:13.316126","2026-09-22 04:21:13.316126"
"S25U","INFER_S25U_VEH_ROOF_20260921_180355.mp4",390,"2026-09-21 18:04:01.526785","VEH_037","motorcycle","UNK","UNK","UNK","gray","0.00","UNK","2026-09-22 04:21:13.316126","2026-09-22 04:21:13.316126"
"S25U","INFER_S25U_VEH_ROOF_20260921_180355.mp4",390,"2026-09-21 18:04:01.526785","VEH_038","motorcycle","UNK","UNK","UNK","black","0.00","UNK","2026-09-22 04:21:13.316126","2026-09-22 04:21:13.316126"
"S25U","INFER_S25U_VEH_ROOF_20260921_180355.mp4",390,"2026-09-21 18:04:01.526785","VEH_039","motorcycle","UNK","UNK","UNK","black","0.00","UNK","2026-09-22 04:21:13.316126","2026-09-22 04:21:13.316126"
"S25U","INFER_S25U_VEH_ROOF_20260921_180355.mp4",390,"2026-09-21 18:04:01.526785","VEH_040","motorcycle","UNK","UNK","UNK","red","0.00","UNK","2026-09-22 04:21:13.316126","2026-09-22 04:21:13.316126"
"S25U","INFER_S25U_VEH_ROOF_20260921_180355.mp4",390,"2026-09-21 18:04:01.526785","VEH_041","bus","UNK","UNK","UNK","gray","0.00","UNK","2026-09-22 04:21:13.316126","2026-09-22 04:21:13.316126"
"S25U","INFER_S25U_VEH_ROOF_20260921_180355.mp4",390,"2026-09-21 18:04:01.526785","VEH_042","motorcycle","UNK","UNK","UNK","black","0.00","UNK","2026-09-22 04:21:13.316126","2026-09-22 04:21:13.316126"
"S25U","INFER_S25U_VEH_ROOF_20260921_180355.mp4",390,"2026-09-21 18:04:01.526785","VEH_043","motorcycle","UNK","UNK","UNK","black","0.00","UNK","2026-09-22 04:21:13.316126","2026-09-22 04:21:13.316126"
"S25U","INFER_S25U_VEH_ROOF_20260921_180355.mp4",390,"2026-09-21 18:04:01.526785","VEH_044","motorcycle","UNK","UNK","UNK","black","0.00","UNK","2026-09-22 04:21:13.316126","2026-09-22 04:21:13.316126"
"S25U","INFER_S25U_VEH_ROOF_20260921_180355.mp4",390,"2026-09-21 18:04:01.526785","VEH_045","motorcycle","UNK","UNK","UNK","black","0.00","UNK","2026-09-22 04:21:13.316126","2026-09-22 04:21:13.316126"
"S25U","INFER_S25U_VEH_ROOF_20260921_180355.mp4",390,"2026-09-21 18:04:01.526785","VEH_046","truck","UNK","UNK","UNK","UNK","0.00","UNK","2026-09-22 04:21:13.316126","2026-09-22 04:21:13.316126"
"S25U","INFER_S25U_VEH_ROOF_20260921_180355.mp4",400,"2026-09-21 18:04:01.694138","VEH_001","motorcycle","UNK","UNK","UNK","gray","0.00","UNK","2026-09-22 04:21:15.476816","2026-09-22 04:21:15.476816"
"S25U","INFER_S25U_VEH_ROOF_20260921_180355.mp4",400,"2026-09-21 18:04:01.694138","VEH_002","motorcycle","UNK","UNK","UNK","black","0.00","UNK","2026-09-22 04:21:15.476816","2026-09-22 04:21:15.476816"
"S25U","INFER_S25U_VEH_ROOF_20260921_180355.mp4",400,"2026-09-21 18:04:01.694138","VEH_003","motorcycle","UNK","UNK","UNK","UNK","0.00","UNK","2026-09-22 04:21:15.476816","2026-09-22 04:21:15.476816"
"S25U","INFER_S25U_VEH_ROOF_20260921_180355.mp4",400,"2026-09-21 18:04:01.694138","VEH_004","motorcycle","UNK","UNK","UNK","gray","0.00","UNK","2026-09-22 04:21:15.476816","2026-09-22 04:21:15.476816"
"S25U","INFER_S25U_VEH_ROOF_20260921_180355.mp4",400,"2026-09-21 18:04:01.694138","VEH_005","motorcycle","UNK","UNK","UNK","gray","0.00","UNK","2026-09-22 04:21:15.476816","2026-09-22 04:21:15.476816"
"S25U","INFER_S25U_VEH_ROOF_20260921_180355.mp4",400,"2026-09-21 18:04:01.694138","VEH_006","motorcycle","UNK","UNK","UNK","gray","0.00","UNK","2026-09-22 04:21:15.476816","2026-09-22 04:21:15.476816"
"S25U","INFER_S25U_VEH_ROOF_20260921_180355.mp4",400,"2026-09-21 18:04:01.694138","VEH_007","motorcycle","UNK","UNK","UNK","gray","0.00","UNK","2026-09-22 04:21:15.476816","2026-09-22 04:21:15.476816"
"S25U","INFER_S25U_VEH_ROOF_20260921_180355.mp4",400,"2026-09-21 18:04:01.694138","VEH_008","motorcycle","UNK","UNK","UNK","gray","0.00","UNK","2026-09-22 04:21:15.476816","2026-09-22 04:21:15.476816"
"S25U","INFER_S25U_VEH_ROOF_20260921_180355.mp4",400,"2026-09-21 18:04:01.694138","VEH_009","motorcycle","UNK","UNK","UNK","gray","0.00","UNK","2026-09-22 04:21:15.476816","2026-09-22 04:21:15.476816"
"S25U","INFER_S25U_VEH_ROOF_20260921_180355.mp4",400,"2026-09-21 18:04:01.694138","VEH_010","motorcycle","UNK","UNK","UNK","gray","0.00","UNK","2026-09-22 04:21:15.476816","2026-09-22 04:21:15.476816"
"S25U","INFER_S25U_VEH_ROOF_20260921_180355.mp4",400,"2026-09-21 18:04:01.694138","VEH_011","motorcycle","UNK","UNK","UNK","gray","0.00","UNK","2026-09-22 04:21:15.476816","2026-09-22 04:21:15.476816"
"S25U","INFER_S25U_VEH_ROOF_20260921_180355.mp4",400,"2026-09-21 18:04:01.694138","VEH_012","motorcycle","UNK","UNK","UNK","gray","0.00","UNK","2026-09-22 04:21:15.476816","2026-09-22 04:21:15.476816"
"S25U","INFER_S25U_VEH_ROOF_20260921_180355.mp4",400,"2026-09-21 18:04:01.694138","VEH_013","motorcycle","UNK","UNK","UNK","gray","0.00","UNK","2026-09-22 04:21:15.476816","2026-09-22 04:21:15.476816"
"S25U","INFER_S25U_VEH_ROOF_20260921_180355.mp4",400,"2026-09-21 18:04:01.694138","VEH_014","motorcycle","UNK","UNK","UNK","gray","0.00","UNK","2026-09-22 04:21:15.476816","2026-09-22 04:21:15.476816"
"S25U","INFER_S25U_VEH_ROOF_20260921_180355.mp4",400,"2026-09-21 18:04:01.694138","VEH_015","motorcycle","UNK","UNK","UNK","gray","0.00","UNK","2026-09-22 04:21:15.476816","2026-09-22 04:21:15.476816"
"S25U","INFER_S25U_VEH_ROOF_20260921_180355.mp4",400,"2026-09-21 18:04:01.694138","VEH_016","motorcycle","UNK","UNK","UNK","gray","0.00","UNK","2026-09-22 04:21:15.476816","2026-09-22 04:21:15.476816"
"S25U","INFER_S25U_VEH_ROOF_20260921_180355.mp4",400,"2026-09-21 18:04:01.694138","VEH_017","motorcycle","UNK","UNK","UNK","gray","0.00","UNK","2026-09-22 04:21:15.476816","2026-09-22 04:21:15.476816"
"S25U","INFER_S25U_VEH_ROOF_20260921_180355.mp4",400,"2026-09-21 18:04:01.694138","VEH_018","motorcycle","UNK","UNK","UNK","gray","0.00","UNK","2026-09-22 04:21:15.476816","2026-09-22 04:21:15.476816"
"S25U","INFER_S25U_VEH_ROOF_20260921_180355.mp4",400,"2026-09-21 18:04:01.694138","VEH_019","motorcycle","UNK","UNK","UNK","black","0.00","UNK","2026-09-22 04:21:15.476816","2026-09-22 04:21:15.476816"
"S25U","INFER_S25U_VEH_ROOF_20260921_180355.mp4",400,"2026-09-21 18:04:01.694138","VEH_020","motorcycle","UNK","UNK","UNK","black","0.00","UNK","2026-09-22 04:21:15.476816","2026-09-22 04:21:15.476816"
"S25U","INFER_S25U_VEH_ROOF_20260921_180355.mp4",400,"2026-09-21 18:04:01.694138","VEH_021","motorcycle","UNK","UNK","UNK","black","0.00","UNK","2026-09-22 04:21:15.476816","2026-09-22 04:21:15.476816"
"S25U","INFER_S25U_VEH_ROOF_20260921_180355.mp4",400,"2026-09-21 18:04:01.694138","VEH_022","motorcycle","UNK","UNK","UNK","gray","0.00","UNK","2026-09-22 04:21:15.476816","2026-09-22 04:21:15.476816"
"S25U","INFER_S25U_VEH_ROOF_20260921_180355.mp4",400,"2026-09-21 18:04:01.694138","VEH_023","motorcycle","UNK","UNK","UNK","gray","0.00","UNK","2026-09-22 04:21:15.476816","2026-09-22 04:21:15.476816"
"S25U","INFER_S25U_VEH_ROOF_20260921_180355.mp4",400,"2026-09-21 18:04:01.694138","VEH_024","motorcycle","UNK","UNK","UNK","gray","0.00","UNK","2026-09-22 04:21:15.476816","2026-09-22 04:21:15.476816"
"S25U","INFER_S25U_VEH_ROOF_20260921_180355.mp4",400,"2026-09-21 18:04:01.694138","VEH_025","motorcycle","UNK","UNK","UNK","black","0.00","UNK","2026-09-22 04:21:15.476816","2026-09-22 04:21:15.476816"
"S25U","INFER_S25U_VEH_ROOF_20260921_180355.mp4",400,"2026-09-21 18:04:01.694138","VEH_026","motorcycle","UNK","UNK","UNK","black","0.00","UNK","2026-09-22 04:21:15.476816","2026-09-22 04:21:15.476816"
"S25U","INFER_S25U_VEH_ROOF_20260921_180355.mp4",400,"2026-09-21 18:04:01.694138","VEH_027","motorcycle","UNK","UNK","UNK","black","0.00","UNK","2026-09-22 04:21:15.476816","2026-09-22 04:21:15.476816"
"S25U","INFER_S25U_VEH_ROOF_20260921_180355.mp4",400,"2026-09-21 18:04:01.694138","VEH_028","motorcycle","UNK","UNK","UNK","black","0.00","UNK","2026-09-22 04:21:15.476816","2026-09-22 04:21:15.476816"
"S25U","INFER_S25U_VEH_ROOF_20260921_180355.mp4",400,"2026-09-21 18:04:01.694138","VEH_029","motorcycle","UNK","UNK","UNK","black","0.00","UNK","2026-09-22 04:21:15.476816","2026-09-22 04:21:15.476816"
"S25U","INFER_S25U_VEH_ROOF_20260921_180355.mp4",400,"2026-09-21 18:04:01.694138","VEH_030","motorcycle","UNK","UNK","UNK","UNK","0.00","UNK","2026-09-22 04:21:15.476816","2026-09-22 04:21:15.476816"
"S25U","INFER_S25U_VEH_ROOF_20260921_180355.mp4",400,"2026-09-21 18:04:01.694138","VEH_031","motorcycle","UNK","UNK","UNK","UNK","0.00","UNK","2026-09-22 04:21:15.476816","2026-09-22 04:21:15.476816"
"S25U","INFER_S25U_VEH_ROOF_20260921_180355.mp4",400,"2026-09-21 18:04:01.694138","VEH_032","motorcycle","UNK","UNK","UNK","UNK","0.00","UNK","2026-09-22 04:21:15.476816","2026-09-22 04:21:15.476816"
"S25U","INFER_S25U_VEH_ROOF_20260921_180355.mp4",400,"2026-09-21 18:04:01.694138","VEH_033","motorcycle","UNK","UNK","UNK","UNK","0.00","UNK","2026-09-22 04:21:15.476816","2026-09-22 04:21:15.476816"
"S25U","INFER_S25U_VEH_ROOF_20260921_180355.mp4",400,"2026-09-21 18:04:01.694138","VEH_034","motorcycle","UNK","UNK","UNK","gray","0.00","UNK","2026-09-22 04:21:15.476816","2026-09-22 04:21:15.476816"
"S25U","INFER_S25U_VEH_ROOF_20260921_180355.mp4",400,"2026-09-21 18:04:01.694138","VEH_035","motorcycle","UNK","UNK","UNK","black","0.00","UNK","2026-09-22 04:21:15.476816","2026-09-22 04:21:15.476816"
"S25U","INFER_S25U_VEH_ROOF_20260921_180355.mp4",400,"2026-09-21 18:04:01.694138","VEH_036","motorcycle","UNK","UNK","UNK","UNK","0.00","UNK","2026-09-22 04:21:15.476816","2026-09-22 04:21:15.476816"
"S25U","INFER_S25U_VEH_ROOF_20260921_180355.mp4",400,"2026-09-21 18:04:01.694138","VEH_037","motorcycle","UNK","UNK","UNK","gray","0.00","UNK","2026-09-22 04:21:15.476816","2026-09-22 04:21:15.476816"
"S25U","INFER_S25U_VEH_ROOF_20260921_180355.mp4",400,"2026-09-21 18:04:01.694138","VEH_038","motorcycle","UNK","UNK","UNK","black","0.00","UNK","2026-09-22 04:21:15.476816","2026-09-22 04:21:15.476816"
"S25U","INFER_S25U_VEH_ROOF_20260921_180355.mp4",400,"2026-09-21 18:04:01.694138","VEH_039","motorcycle","UNK","UNK","UNK","gray","0.00","UNK","2026-09-22 04:21:15.476816","2026-09-22 04:21:15.476816"
"S25U","INFER_S25U_VEH_ROOF_20260921_180355.mp4",400,"2026-09-21 18:04:01.694138","VEH_040","motorcycle","UNK","UNK","UNK","gray","0.00","UNK","2026-09-22 04:21:15.476816","2026-09-22 04:21:15.476816"
"S25U","INFER_S25U_VEH_ROOF_20260921_180355.mp4",400,"2026-09-21 18:04:01.694138","VEH_041","motorcycle","UNK","UNK","UNK","black","0.00","UNK","2026-09-22 04:21:15.476816","2026-09-22 04:21:15.476816"
"S25U","INFER_S25U_VEH_ROOF_20260921_180355.mp4",400,"2026-09-21 18:04:01.694138","VEH_042","motorcycle","UNK","UNK","UNK","black","0.00","UNK","2026-09-22 04:21:15.476816","2026-09-22 04:21:15.476816"
"S25U","INFER_S25U_VEH_ROOF_20260921_180355.mp4",400,"2026-09-21 18:04:01.694138","VEH_043","motorcycle","UNK","UNK","UNK","gray","0.00","UNK","2026-09-22 04:21:15.476816","2026-09-22 04:21:15.476816"
"S25U","INFER_S25U_VEH_ROOF_20260921_180355.mp4",400,"2026-09-21 18:04:01.694138","VEH_044","motorcycle","UNK","UNK","UNK","black","0.00","UNK","2026-09-22 04:21:15.476816","2026-09-22 04:21:15.476816"
"S25U","INFER_S25U_VEH_ROOF_20260921_180355.mp4",400,"2026-09-21 18:04:01.694138","VEH_045","truck","UNK","UNK","UNK","UNK","0.00","UNK","2026-09-22 04:21:15.476816","2026-09-22 04:21:15.476816"
"S25U","INFER_S25U_VEH_ROOF_20260921_180355.mp4",410,"2026-09-21 18:04:01.861492","VEH_001","motorcycle","UNK","UNK","UNK","gray","0.00","UNK","2026-09-22 04:21:17.893913","2026-09-22 04:21:17.893913"
"S25U","INFER_S25U_VEH_ROOF_20260921_180355.mp4",410,"2026-09-21 18:04:01.861492","VEH_002","motorcycle","UNK","UNK","UNK","UNK","0.00","UNK","2026-09-22 04:21:17.893913","2026-09-22 04:21:17.893913"
"S25U","INFER_S25U_VEH_ROOF_20260921_180355.mp4",410,"2026-09-21 18:04:01.861492","VEH_003","motorcycle","UNK","UNK","UNK","black","0.00","UNK","2026-09-22 04:21:17.893913","2026-09-22 04:21:17.893913"
"S25U","INFER_S25U_VEH_ROOF_20260921_180355.mp4",410,"2026-09-21 18:04:01.861492","VEH_004","motorcycle","UNK","UNK","UNK","gray","0.00","UNK","2026-09-22 04:21:17.893913","2026-09-22 04:21:17.893913"
"S25U","INFER_S25U_VEH_ROOF_20260921_180355.mp4",410,"2026-09-21 18:04:01.861492","VEH_005","motorcycle","UNK","UNK","UNK","gray","0.00","UNK","2026-09-22 04:21:17.893913","2026-09-22 04:21:17.893913"
"S25U","INFER_S25U_VEH_ROOF_20260921_180355.mp4",410,"2026-09-21 18:04:01.861492","VEH_006","motorcycle","UNK","UNK","UNK","gray","0.00","UNK","2026-09-22 04:21:17.893913","2026-09-22 04:21:17.893913"
"S25U","INFER_S25U_VEH_ROOF_20260921_180355.mp4",410,"2026-09-21 18:04:01.861492","VEH_007","motorcycle","UNK","UNK","UNK","gray","0.00","UNK","2026-09-22 04:21:17.893913","2026-09-22 04:21:17.893913"
"S25U","INFER_S25U_VEH_ROOF_20260921_180355.mp4",410,"2026-09-21 18:04:01.861492","VEH_008","motorcycle","UNK","UNK","UNK","gray","0.00","UNK","2026-09-22 04:21:17.893913","2026-09-22 04:21:17.893913"
"S25U","INFER_S25U_VEH_ROOF_20260921_180355.mp4",410,"2026-09-21 18:04:01.861492","VEH_009","motorcycle","UNK","UNK","UNK","gray","0.00","UNK","2026-09-22 04:21:17.893913","2026-09-22 04:21:17.893913"
"S25U","INFER_S25U_VEH_ROOF_20260921_180355.mp4",410,"2026-09-21 18:04:01.861492","VEH_010","motorcycle","UNK","UNK","UNK","gray","0.00","UNK","2026-09-22 04:21:17.893913","2026-09-22 04:21:17.893913"
"S25U","INFER_S25U_VEH_ROOF_20260921_180355.mp4",410,"2026-09-21 18:04:01.861492","VEH_011","motorcycle","UNK","UNK","UNK","gray","0.00","UNK","2026-09-22 04:21:17.893913","2026-09-22 04:21:17.893913"
"S25U","INFER_S25U_VEH_ROOF_20260921_180355.mp4",410,"2026-09-21 18:04:01.861492","VEH_012","motorcycle","UNK","UNK","UNK","gray","0.00","UNK","2026-09-22 04:21:17.893913","2026-09-22 04:21:17.893913"
"S25U","INFER_S25U_VEH_ROOF_20260921_180355.mp4",410,"2026-09-21 18:04:01.861492","VEH_013","motorcycle","UNK","UNK","UNK","gray","0.00","UNK","2026-09-22 04:21:17.893913","2026-09-22 04:21:17.893913"
"S25U","INFER_S25U_VEH_ROOF_20260921_180355.mp4",410,"2026-09-21 18:04:01.861492","VEH_014","motorcycle","UNK","UNK","UNK","gray","0.00","UNK","2026-09-22 04:21:17.893913","2026-09-22 04:21:17.893913"
"S25U","INFER_S25U_VEH_ROOF_20260921_180355.mp4",410,"2026-09-21 18:04:01.861492","VEH_015","motorcycle","UNK","UNK","UNK","gray","0.00","UNK","2026-09-22 04:21:17.893913","2026-09-22 04:21:17.893913"
"S25U","INFER_S25U_VEH_ROOF_20260921_180355.mp4",410,"2026-09-21 18:04:01.861492","VEH_016","motorcycle","UNK","UNK","UNK","black","0.00","UNK","2026-09-22 04:21:17.893913","2026-09-22 04:21:17.893913"
"S25U","INFER_S25U_VEH_ROOF_20260921_180355.mp4",410,"2026-09-21 18:04:01.861492","VEH_017","motorcycle","UNK","UNK","UNK","black","0.00","UNK","2026-09-22 04:21:17.893913","2026-09-22 04:21:17.893913"
"S25U","INFER_S25U_VEH_ROOF_20260921_180355.mp4",410,"2026-09-21 18:04:01.861492","VEH_018","motorcycle","UNK","UNK","UNK","black","0.00","UNK","2026-09-22 04:21:17.893913","2026-09-22 04:21:17.893913"
"S25U","INFER_S25U_VEH_ROOF_20260921_180355.mp4",410,"2026-09-21 18:04:01.861492","VEH_019","motorcycle","UNK","UNK","UNK","gray","0.00","UNK","2026-09-22 04:21:17.893913","2026-09-22 04:21:17.893913"
"S25U","INFER_S25U_VEH_ROOF_20260921_180355.mp4",410,"2026-09-21 18:04:01.861492","VEH_020","motorcycle","UNK","UNK","UNK","gray","0.00","UNK","2026-09-22 04:21:17.893913","2026-09-22 04:21:17.893913"
"S25U","INFER_S25U_VEH_ROOF_20260921_180355.mp4",410,"2026-09-21 18:04:01.861492","VEH_021","motorcycle","UNK","UNK","UNK","black","0.00","UNK","2026-09-22 04:21:17.893913","2026-09-22 04:21:17.893913"
"S25U","INFER_S25U_VEH_ROOF_20260921_180355.mp4",410,"2026-09-21 18:04:01.861492","VEH_022","motorcycle","UNK","UNK","UNK","black","0.00","UNK","2026-09-22 04:21:17.893913","2026-09-22 04:21:17.893913"
"S25U","INFER_S25U_VEH_ROOF_20260921_180355.mp4",410,"2026-09-21 18:04:01.861492","VEH_023","motorcycle","UNK","UNK","UNK","black","0.00","UNK","2026-09-22 04:21:17.893913","2026-09-22 04:21:17.893913"
"S25U","INFER_S25U_VEH_ROOF_20260921_180355.mp4",410,"2026-09-21 18:04:01.861492","VEH_024","motorcycle","UNK","UNK","UNK","black","0.00","UNK","2026-09-22 04:21:17.893913","2026-09-22 04:21:17.893913"
"S25U","INFER_S25U_VEH_ROOF_20260921_180355.mp4",410,"2026-09-21 18:04:01.861492","VEH_025","motorcycle","UNK","UNK","UNK","black","0.00","UNK","2026-09-22 04:21:17.893913","2026-09-22 04:21:17.893913"
"S25U","INFER_S25U_VEH_ROOF_20260921_180355.mp4",410,"2026-09-21 18:04:01.861492","VEH_026","motorcycle","UNK","UNK","UNK","black","0.00","UNK","2026-09-22 04:21:17.893913","2026-09-22 04:21:17.893913"
"S25U","INFER_S25U_VEH_ROOF_20260921_180355.mp4",410,"2026-09-21 18:04:01.861492","VEH_027","motorcycle","UNK","UNK","UNK","black","0.00","UNK","2026-09-22 04:21:17.893913","2026-09-22 04:21:17.893913"
"S25U","INFER_S25U_VEH_ROOF_20260921_180355.mp4",410,"2026-09-21 18:04:01.861492","VEH_028","motorcycle","UNK","UNK","UNK","UNK","0.00","UNK","2026-09-22 04:21:17.893913","2026-09-22 04:21:17.893913"
"S25U","INFER_S25U_VEH_ROOF_20260921_180355.mp4",410,"2026-09-21 18:04:01.861492","VEH_029","motorcycle","UNK","UNK","UNK","UNK","0.00","UNK","2026-09-22 04:21:17.893913","2026-09-22 04:21:17.893913"
"S25U","INFER_S25U_VEH_ROOF_20260921_180355.mp4",410,"2026-09-21 18:04:01.861492","VEH_030","motorcycle","UNK","UNK","UNK","UNK","0.00","UNK","2026-09-22 04:21:17.893913","2026-09-22 04:21:17.893913"
"S25U","INFER_S25U_VEH_ROOF_20260921_180355.mp4",410,"2026-09-21 18:04:01.861492","VEH_031","motorcycle","UNK","UNK","UNK","UNK","0.00","UNK","2026-09-22 04:21:17.893913","2026-09-22 04:21:17.893913"
"S25U","INFER_S25U_VEH_ROOF_20260921_180355.mp4",410,"2026-09-21 18:04:01.861492","VEH_032","motorcycle","UNK","UNK","UNK","gray","0.00","UNK","2026-09-22 04:21:17.893913","2026-09-22 04:21:17.893913"
"S25U","INFER_S25U_VEH_ROOF_20260921_180355.mp4",410,"2026-09-21 18:04:01.861492","VEH_033","motorcycle","UNK","UNK","UNK","black","0.00","UNK","2026-09-22 04:21:17.893913","2026-09-22 04:21:17.893913"
"S25U","INFER_S25U_VEH_ROOF_20260921_180355.mp4",410,"2026-09-21 18:04:01.861492","VEH_034","motorcycle","UNK","UNK","UNK","gray","0.00","UNK","2026-09-22 04:21:17.893913","2026-09-22 04:21:17.893913"
"S25U","INFER_S25U_VEH_ROOF_20260921_180355.mp4",410,"2026-09-21 18:04:01.861492","VEH_035","motorcycle","UNK","UNK","UNK","UNK","0.00","UNK","2026-09-22 04:21:17.893913","2026-09-22 04:21:17.893913"
"S25U","INFER_S25U_VEH_ROOF_20260921_180355.mp4",410,"2026-09-21 18:04:01.861492","VEH_036","motorcycle","UNK","UNK","UNK","UNK","0.00","UNK","2026-09-22 04:21:17.893913","2026-09-22 04:21:17.893913"
"S25U","INFER_S25U_VEH_ROOF_20260921_180355.mp4",410,"2026-09-21 18:04:01.861492","VEH_037","motorcycle","UNK","UNK","UNK","gray","0.00","UNK","2026-09-22 04:21:17.893913","2026-09-22 04:21:17.893913"
"S25U","INFER_S25U_VEH_ROOF_20260921_180355.mp4",410,"2026-09-21 18:04:01.861492","VEH_038","motorcycle","UNK","UNK","UNK","gray","0.00","UNK","2026-09-22 04:21:17.893913","2026-09-22 04:21:17.893913"
"S25U","INFER_S25U_VEH_ROOF_20260921_180355.mp4",410,"2026-09-21 18:04:01.861492","VEH_039","motorcycle","UNK","UNK","UNK","gray","0.00","UNK","2026-09-22 04:21:17.893913","2026-09-22 04:21:17.893913"
"S25U","INFER_S25U_VEH_ROOF_20260921_180355.mp4",410,"2026-09-21 18:04:01.861492","VEH_040","motorcycle","UNK","UNK","UNK","black","0.00","UNK","2026-09-22 04:21:17.893913","2026-09-22 04:21:17.893913"
"S25U","INFER_S25U_VEH_ROOF_20260921_180355.mp4",410,"2026-09-21 18:04:01.861492","VEH_041","motorcycle","UNK","UNK","UNK","black","0.00","UNK","2026-09-22 04:21:17.893913","2026-09-22 04:21:17.893913"
"S25U","INFER_S25U_VEH_ROOF_20260921_180355.mp4",410,"2026-09-21 18:04:01.861492","VEH_042","motorcycle","UNK","UNK","UNK","black","0.00","UNK","2026-09-22 04:21:17.893913","2026-09-22 04:21:17.893913"
"S25U","INFER_S25U_VEH_ROOF_20260921_180355.mp4",410,"2026-09-21 18:04:01.861492","VEH_043","motorcycle","UNK","UNK","UNK","black","0.00","UNK","2026-09-22 04:21:17.893913","2026-09-22 04:21:17.893913"
"S25U","INFER_S25U_VEH_ROOF_20260921_180355.mp4",410,"2026-09-21 18:04:01.861492","VEH_044","motorcycle","UNK","UNK","UNK","black","0.00","UNK","2026-09-22 04:21:17.893913","2026-09-22 04:21:17.893913"
"S25U","INFER_S25U_VEH_ROOF_20260921_180355.mp4",420,"2026-09-21 18:04:02.028845","VEH_001","motorcycle","UNK","UNK","UNK","gray","0.00","UNK","2026-09-22 04:21:20.199627","2026-09-22 04:21:20.199627"
"S25U","INFER_S25U_VEH_ROOF_20260921_180355.mp4",420,"2026-09-21 18:04:02.028845","VEH_002","motorcycle","UNK","UNK","UNK","UNK","0.00","UNK","2026-09-22 04:21:20.199627","2026-09-22 04:21:20.199627"
"S25U","INFER_S25U_VEH_ROOF_20260921_180355.mp4",420,"2026-09-21 18:04:02.028845","VEH_003","motorcycle","UNK","UNK","UNK","gray","0.00","UNK","2026-09-22 04:21:20.199627","2026-09-22 04:21:20.199627"
"S25U","INFER_S25U_VEH_ROOF_20260921_180355.mp4",420,"2026-09-21 18:04:02.028845","VEH_004","motorcycle","UNK","UNK","UNK","gray","0.00","UNK","2026-09-22 04:21:20.199627","2026-09-22 04:21:20.199627"
"S25U","INFER_S25U_VEH_ROOF_20260921_180355.mp4",420,"2026-09-21 18:04:02.028845","VEH_005","motorcycle","UNK","UNK","UNK","black","0.00","UNK","2026-09-22 04:21:20.199627","2026-09-22 04:21:20.199627"
"S25U","INFER_S25U_VEH_ROOF_20260921_180355.mp4",420,"2026-09-21 18:04:02.028845","VEH_006","motorcycle","UNK","UNK","UNK","gray","0.00","UNK","2026-09-22 04:21:20.199627","2026-09-22 04:21:20.199627"
"S25U","INFER_S25U_VEH_ROOF_20260921_180355.mp4",420,"2026-09-21 18:04:02.028845","VEH_007","motorcycle","UNK","UNK","UNK","gray","0.00","UNK","2026-09-22 04:21:20.199627","2026-09-22 04:21:20.199627"
"S25U","INFER_S25U_VEH_ROOF_20260921_180355.mp4",420,"2026-09-21 18:04:02.028845","VEH_008","motorcycle","UNK","UNK","UNK","gray","0.00","UNK","2026-09-22 04:21:20.199627","2026-09-22 04:21:20.199627"
"S25U","INFER_S25U_VEH_ROOF_20260921_180355.mp4",420,"2026-09-21 18:04:02.028845","VEH_009","motorcycle","UNK","UNK","UNK","gray","0.00","UNK","2026-09-22 04:21:20.199627","2026-09-22 04:21:20.199627"
"S25U","INFER_S25U_VEH_ROOF_20260921_180355.mp4",420,"2026-09-21 18:04:02.028845","VEH_010","motorcycle","UNK","UNK","UNK","gray","0.00","UNK","2026-09-22 04:21:20.199627","2026-09-22 04:21:20.199627"
"S25U","INFER_S25U_VEH_ROOF_20260921_180355.mp4",420,"2026-09-21 18:04:02.028845","VEH_011","motorcycle","UNK","UNK","UNK","gray","0.00","UNK","2026-09-22 04:21:20.199627","2026-09-22 04:21:20.199627"
"S25U","INFER_S25U_VEH_ROOF_20260921_180355.mp4",420,"2026-09-21 18:04:02.028845","VEH_012","motorcycle","UNK","UNK","UNK","gray","0.00","UNK","2026-09-22 04:21:20.199627","2026-09-22 04:21:20.199627"
"S25U","INFER_S25U_VEH_ROOF_20260921_180355.mp4",420,"2026-09-21 18:04:02.028845","VEH_013","motorcycle","UNK","UNK","UNK","gray","0.00","UNK","2026-09-22 04:21:20.199627","2026-09-22 04:21:20.199627"
"S25U","INFER_S25U_VEH_ROOF_20260921_180355.mp4",420,"2026-09-21 18:04:02.028845","VEH_014","motorcycle","UNK","UNK","UNK","gray","0.00","UNK","2026-09-22 04:21:20.199627","2026-09-22 04:21:20.199627"
"S25U","INFER_S25U_VEH_ROOF_20260921_180355.mp4",420,"2026-09-21 18:04:02.028845","VEH_015","motorcycle","UNK","UNK","UNK","gray","0.00","UNK","2026-09-22 04:21:20.199627","2026-09-22 04:21:20.199627"
"S25U","INFER_S25U_VEH_ROOF_20260921_180355.mp4",420,"2026-09-21 18:04:02.028845","VEH_016","motorcycle","UNK","UNK","UNK","black","0.00","UNK","2026-09-22 04:21:20.199627","2026-09-22 04:21:20.199627"
"S25U","INFER_S25U_VEH_ROOF_20260921_180355.mp4",420,"2026-09-21 18:04:02.028845","VEH_017","motorcycle","UNK","UNK","UNK","black","0.00","UNK","2026-09-22 04:21:20.199627","2026-09-22 04:21:20.199627"
"S25U","INFER_S25U_VEH_ROOF_20260921_180355.mp4",420,"2026-09-21 18:04:02.028845","VEH_018","motorcycle","UNK","UNK","UNK","gray","0.00","UNK","2026-09-22 04:21:20.199627","2026-09-22 04:21:20.199627"
"S25U","INFER_S25U_VEH_ROOF_20260921_180355.mp4",420,"2026-09-21 18:04:02.028845","VEH_019","motorcycle","UNK","UNK","UNK","gray","0.00","UNK","2026-09-22 04:21:20.199627","2026-09-22 04:21:20.199627"
"S25U","INFER_S25U_VEH_ROOF_20260921_180355.mp4",420,"2026-09-21 18:04:02.028845","VEH_020","motorcycle","UNK","UNK","UNK","gray","0.00","UNK","2026-09-22 04:21:20.199627","2026-09-22 04:21:20.199627"
"S25U","INFER_S25U_VEH_ROOF_20260921_180355.mp4",420,"2026-09-21 18:04:02.028845","VEH_021","motorcycle","UNK","UNK","UNK","black","0.00","UNK","2026-09-22 04:21:20.199627","2026-09-22 04:21:20.199627"
"S25U","INFER_S25U_VEH_ROOF_20260921_180355.mp4",420,"2026-09-21 18:04:02.028845","VEH_022","motorcycle","UNK","UNK","UNK","black","0.00","UNK","2026-09-22 04:21:20.199627","2026-09-22 04:21:20.199627"
"S25U","INFER_S25U_VEH_ROOF_20260921_180355.mp4",420,"2026-09-21 18:04:02.028845","VEH_023","motorcycle","UNK","UNK","UNK","black","0.00","UNK","2026-09-22 04:21:20.199627","2026-09-22 04:21:20.199627"
"S25U","INFER_S25U_VEH_ROOF_20260921_180355.mp4",420,"2026-09-21 18:04:02.028845","VEH_024","motorcycle","UNK","UNK","UNK","red","0.00","UNK","2026-09-22 04:21:20.199627","2026-09-22 04:21:20.199627"
"S25U","INFER_S25U_VEH_ROOF_20260921_180355.mp4",420,"2026-09-21 18:04:02.028845","VEH_025","motorcycle","UNK","UNK","UNK","black","0.00","UNK","2026-09-22 04:21:20.199627","2026-09-22 04:21:20.199627"
"S25U","INFER_S25U_VEH_ROOF_20260921_180355.mp4",420,"2026-09-21 18:04:02.028845","VEH_026","motorcycle","UNK","UNK","UNK","black","0.00","UNK","2026-09-22 04:21:20.199627","2026-09-22 04:21:20.199627"
"S25U","INFER_S25U_VEH_ROOF_20260921_180355.mp4",420,"2026-09-21 18:04:02.028845","VEH_027","motorcycle","UNK","UNK","UNK","black","0.00","UNK","2026-09-22 04:21:20.199627","2026-09-22 04:21:20.199627"
"S25U","INFER_S25U_VEH_ROOF_20260921_180355.mp4",420,"2026-09-21 18:04:02.028845","VEH_028","motorcycle","UNK","UNK","UNK","UNK","0.00","UNK","2026-09-22 04:21:20.199627","2026-09-22 04:21:20.199627"
"S25U","INFER_S25U_VEH_ROOF_20260921_180355.mp4",420,"2026-09-21 18:04:02.028845","VEH_029","motorcycle","UNK","UNK","UNK","UNK","0.00","UNK","2026-09-22 04:21:20.199627","2026-09-22 04:21:20.199627"
"S25U","INFER_S25U_VEH_ROOF_20260921_180355.mp4",420,"2026-09-21 18:04:02.028845","VEH_030","motorcycle","UNK","UNK","UNK","UNK","0.00","UNK","2026-09-22 04:21:20.199627","2026-09-22 04:21:20.199627"
"S25U","INFER_S25U_VEH_ROOF_20260921_180355.mp4",420,"2026-09-21 18:04:02.028845","VEH_031","motorcycle","UNK","UNK","UNK","UNK","0.00","UNK","2026-09-22 04:21:20.199627","2026-09-22 04:21:20.199627"
"S25U","INFER_S25U_VEH_ROOF_20260921_180355.mp4",420,"2026-09-21 18:04:02.028845","VEH_032","motorcycle","UNK","UNK","UNK","gray","0.00","UNK","2026-09-22 04:21:20.199627","2026-09-22 04:21:20.199627"
"S25U","INFER_S25U_VEH_ROOF_20260921_180355.mp4",420,"2026-09-21 18:04:02.028845","VEH_033","motorcycle","UNK","UNK","UNK","black","0.00","UNK","2026-09-22 04:21:20.199627","2026-09-22 04:21:20.199627"
"S25U","INFER_S25U_VEH_ROOF_20260921_180355.mp4",420,"2026-09-21 18:04:02.028845","VEH_034","motorcycle","UNK","UNK","UNK","gray","0.00","UNK","2026-09-22 04:21:20.199627","2026-09-22 04:21:20.199627"
"S25U","INFER_S25U_VEH_ROOF_20260921_180355.mp4",420,"2026-09-21 18:04:02.028845","VEH_035","motorcycle","UNK","UNK","UNK","red","0.00","UNK","2026-09-22 04:21:20.199627","2026-09-22 04:21:20.199627"
"S25U","INFER_S25U_VEH_ROOF_20260921_180355.mp4",420,"2026-09-21 18:04:02.028845","VEH_036","motorcycle","UNK","UNK","UNK","UNK","0.00","UNK","2026-09-22 04:21:20.199627","2026-09-22 04:21:20.199627"
"S25U","INFER_S25U_VEH_ROOF_20260921_180355.mp4",420,"2026-09-21 18:04:02.028845","VEH_037","motorcycle","UNK","UNK","UNK","gray","0.00","UNK","2026-09-22 04:21:20.199627","2026-09-22 04:21:20.199627"
"S25U","INFER_S25U_VEH_ROOF_20260921_180355.mp4",420,"2026-09-21 18:04:02.028845","VEH_038","motorcycle","UNK","UNK","UNK","gray","0.00","UNK","2026-09-22 04:21:20.199627","2026-09-22 04:21:20.199627"
"S25U","INFER_S25U_VEH_ROOF_20260921_180355.mp4",420,"2026-09-21 18:04:02.028845","VEH_039","motorcycle","UNK","UNK","UNK","gray","0.00","UNK","2026-09-22 04:21:20.199627","2026-09-22 04:21:20.199627"
"S25U","INFER_S25U_VEH_ROOF_20260921_180355.mp4",420,"2026-09-21 18:04:02.028845","VEH_040","motorcycle","UNK","UNK","UNK","black","0.00","UNK","2026-09-22 04:21:20.199627","2026-09-22 04:21:20.199627"
"S25U","INFER_S25U_VEH_ROOF_20260921_180355.mp4",420,"2026-09-21 18:04:02.028845","VEH_041","motorcycle","UNK","UNK","UNK","black","0.00","UNK","2026-09-22 04:21:20.199627","2026-09-22 04:21:20.199627"
"S25U","INFER_S25U_VEH_ROOF_20260921_180355.mp4",420,"2026-09-21 18:04:02.028845","VEH_042","motorcycle","UNK","UNK","UNK","black","0.00","UNK","2026-09-22 04:21:20.199627","2026-09-22 04:21:20.199627"
"S25U","INFER_S25U_VEH_ROOF_20260921_180355.mp4",420,"2026-09-21 18:04:02.028845","VEH_043","motorcycle","UNK","UNK","UNK","red","0.00","UNK","2026-09-22 04:21:20.199627","2026-09-22 04:21:20.199627"
"S25U","INFER_S25U_VEH_ROOF_20260921_180355.mp4",420,"2026-09-21 18:04:02.028845","VEH_044","motorcycle","UNK","UNK","UNK","black","0.00","UNK","2026-09-22 04:21:20.199627","2026-09-22 04:21:20.199627"
"S25U","INFER_S25U_VEH_ROOF_20260921_180355.mp4",420,"2026-09-21 18:04:02.028845","VEH_045","motorcycle","UNK","UNK","UNK","black","0.00","UNK","2026-09-22 04:21:20.199627","2026-09-22 04:21:20.199627"
"S25U","INFER_S25U_VEH_ROOF_20260921_180355.mp4",420,"2026-09-21 18:04:02.028845","VEH_046","truck","UNK","UNK","UNK","UNK","0.00","UNK","2026-09-22 04:21:20.199627","2026-09-22 04:21:20.199627"
"S25U","INFER_S25U_VEH_ROOF_20260921_180355.mp4",420,"2026-09-21 18:04:02.028845","VEH_047","bus","UNK","UNK","UNK","gray","0.00","UNK","2026-09-22 04:21:20.199627","2026-09-22 04:21:20.199627"
"S25U","INFER_S25U_VEH_ROOF_20260921_180355.mp4",430,"2026-09-21 18:04:02.196199","VEH_001","motorcycle","UNK","UNK","UNK","gray","0.00","UNK","2026-09-22 04:21:22.371416","2026-09-22 04:21:22.371416"
"S25U","INFER_S25U_VEH_ROOF_20260921_180355.mp4",430,"2026-09-21 18:04:02.196199","VEH_002","motorcycle","UNK","UNK","UNK","black","0.00","UNK","2026-09-22 04:21:22.371416","2026-09-22 04:21:22.371416"
"S25U","INFER_S25U_VEH_ROOF_20260921_180355.mp4",430,"2026-09-21 18:04:02.196199","VEH_003","motorcycle","UNK","UNK","UNK","UNK","0.00","UNK","2026-09-22 04:21:22.371416","2026-09-22 04:21:22.371416"
"S25U","INFER_S25U_VEH_ROOF_20260921_180355.mp4",430,"2026-09-21 18:04:02.196199","VEH_004","motorcycle","UNK","UNK","UNK","gray","0.00","UNK","2026-09-22 04:21:22.371416","2026-09-22 04:21:22.371416"
"S25U","INFER_S25U_VEH_ROOF_20260921_180355.mp4",430,"2026-09-21 18:04:02.196199","VEH_005","motorcycle","UNK","UNK","UNK","gray","0.00","UNK","2026-09-22 04:21:22.371416","2026-09-22 04:21:22.371416"
"S25U","INFER_S25U_VEH_ROOF_20260921_180355.mp4",430,"2026-09-21 18:04:02.196199","VEH_006","motorcycle","UNK","UNK","UNK","gray","0.00","UNK","2026-09-22 04:21:22.371416","2026-09-22 04:21:22.371416"
"S25U","INFER_S25U_VEH_ROOF_20260921_180355.mp4",430,"2026-09-21 18:04:02.196199","VEH_007","motorcycle","UNK","UNK","UNK","gray","0.00","UNK","2026-09-22 04:21:22.371416","2026-09-22 04:21:22.371416"
"S25U","INFER_S25U_VEH_ROOF_20260921_180355.mp4",430,"2026-09-21 18:04:02.196199","VEH_008","motorcycle","UNK","UNK","UNK","gray","0.00","UNK","2026-09-22 04:21:22.371416","2026-09-22 04:21:22.371416"
"S25U","INFER_S25U_VEH_ROOF_20260921_180355.mp4",430,"2026-09-21 18:04:02.196199","VEH_009","motorcycle","UNK","UNK","UNK","gray","0.00","UNK","2026-09-22 04:21:22.371416","2026-09-22 04:21:22.371416"
"S25U","INFER_S25U_VEH_ROOF_20260921_180355.mp4",430,"2026-09-21 18:04:02.196199","VEH_010","motorcycle","UNK","UNK","UNK","gray","0.00","UNK","2026-09-22 04:21:22.371416","2026-09-22 04:21:22.371416"
"S25U","INFER_S25U_VEH_ROOF_20260921_180355.mp4",430,"2026-09-21 18:04:02.196199","VEH_011","motorcycle","UNK","UNK","UNK","gray","0.00","UNK","2026-09-22 04:21:22.371416","2026-09-22 04:21:22.371416"
"S25U","INFER_S25U_VEH_ROOF_20260921_180355.mp4",430,"2026-09-21 18:04:02.196199","VEH_012","motorcycle","UNK","UNK","UNK","gray","0.00","UNK","2026-09-22 04:21:22.371416","2026-09-22 04:21:22.371416"
"S25U","INFER_S25U_VEH_ROOF_20260921_180355.mp4",430,"2026-09-21 18:04:02.196199","VEH_013","motorcycle","UNK","UNK","UNK","gray","0.00","UNK","2026-09-22 04:21:22.371416","2026-09-22 04:21:22.371416"
"S25U","INFER_S25U_VEH_ROOF_20260921_180355.mp4",430,"2026-09-21 18:04:02.196199","VEH_014","motorcycle","UNK","UNK","UNK","gray","0.00","UNK","2026-09-22 04:21:22.371416","2026-09-22 04:21:22.371416"
"S25U","INFER_S25U_VEH_ROOF_20260921_180355.mp4",430,"2026-09-21 18:04:02.196199","VEH_015","motorcycle","UNK","UNK","UNK","gray","0.00","UNK","2026-09-22 04:21:22.371416","2026-09-22 04:21:22.371416"
"S25U","INFER_S25U_VEH_ROOF_20260921_180355.mp4",430,"2026-09-21 18:04:02.196199","VEH_016","motorcycle","UNK","UNK","UNK","gray","0.00","UNK","2026-09-22 04:21:22.371416","2026-09-22 04:21:22.371416"
"S25U","INFER_S25U_VEH_ROOF_20260921_180355.mp4",430,"2026-09-21 18:04:02.196199","VEH_017","motorcycle","UNK","UNK","UNK","gray","0.00","UNK","2026-09-22 04:21:22.371416","2026-09-22 04:21:22.371416"
"S25U","INFER_S25U_VEH_ROOF_20260921_180355.mp4",430,"2026-09-21 18:04:02.196199","VEH_018","motorcycle","UNK","UNK","UNK","black","0.00","UNK","2026-09-22 04:21:22.371416","2026-09-22 04:21:22.371416"
"S25U","INFER_S25U_VEH_ROOF_20260921_180355.mp4",430,"2026-09-21 18:04:02.196199","VEH_019","motorcycle","UNK","UNK","UNK","black","0.00","UNK","2026-09-22 04:21:22.371416","2026-09-22 04:21:22.371416"
"S25U","INFER_S25U_VEH_ROOF_20260921_180355.mp4",430,"2026-09-21 18:04:02.196199","VEH_020","motorcycle","UNK","UNK","UNK","black","0.00","UNK","2026-09-22 04:21:22.371416","2026-09-22 04:21:22.371416"
"S25U","INFER_S25U_VEH_ROOF_20260921_180355.mp4",430,"2026-09-21 18:04:02.196199","VEH_021","motorcycle","UNK","UNK","UNK","UNK","0.00","UNK","2026-09-22 04:21:22.371416","2026-09-22 04:21:22.371416"
"S25U","INFER_S25U_VEH_ROOF_20260921_180355.mp4",430,"2026-09-21 18:04:02.196199","VEH_022","motorcycle","UNK","UNK","UNK","UNK","0.00","UNK","2026-09-22 04:21:22.371416","2026-09-22 04:21:22.371416"
"S25U","INFER_S25U_VEH_ROOF_20260921_180355.mp4",430,"2026-09-21 18:04:02.196199","VEH_023","motorcycle","UNK","UNK","UNK","gray","0.00","UNK","2026-09-22 04:21:22.371416","2026-09-22 04:21:22.371416"
"S25U","INFER_S25U_VEH_ROOF_20260921_180355.mp4",430,"2026-09-21 18:04:02.196199","VEH_024","motorcycle","UNK","UNK","UNK","black","0.00","UNK","2026-09-22 04:21:22.371416","2026-09-22 04:21:22.371416"
"S25U","INFER_S25U_VEH_ROOF_20260921_180355.mp4",430,"2026-09-21 18:04:02.196199","VEH_025","motorcycle","UNK","UNK","UNK","black","0.00","UNK","2026-09-22 04:21:22.371416","2026-09-22 04:21:22.371416"
"S25U","INFER_S25U_VEH_ROOF_20260921_180355.mp4",430,"2026-09-21 18:04:02.196199","VEH_026","motorcycle","UNK","UNK","UNK","black","0.00","UNK","2026-09-22 04:21:22.371416","2026-09-22 04:21:22.371416"
"S25U","INFER_S25U_VEH_ROOF_20260921_180355.mp4",430,"2026-09-21 18:04:02.196199","VEH_027","motorcycle","UNK","UNK","UNK","black","0.00","UNK","2026-09-22 04:21:22.371416","2026-09-22 04:21:22.371416"
"S25U","INFER_S25U_VEH_ROOF_20260921_180355.mp4",430,"2026-09-21 18:04:02.196199","VEH_028","motorcycle","UNK","UNK","UNK","UNK","0.00","UNK","2026-09-22 04:21:22.371416","2026-09-22 04:21:22.371416"
"S25U","INFER_S25U_VEH_ROOF_20260921_180355.mp4",430,"2026-09-21 18:04:02.196199","VEH_029","motorcycle","UNK","UNK","UNK","UNK","0.00","UNK","2026-09-22 04:21:22.371416","2026-09-22 04:21:22.371416"
"S25U","INFER_S25U_VEH_ROOF_20260921_180355.mp4",430,"2026-09-21 18:04:02.196199","VEH_030","motorcycle","UNK","UNK","UNK","black","0.00","UNK","2026-09-22 04:21:22.371416","2026-09-22 04:21:22.371416"
"S25U","INFER_S25U_VEH_ROOF_20260921_180355.mp4",430,"2026-09-21 18:04:02.196199","VEH_031","motorcycle","UNK","UNK","UNK","gray","0.00","UNK","2026-09-22 04:21:22.371416","2026-09-22 04:21:22.371416"
"S25U","INFER_S25U_VEH_ROOF_20260921_180355.mp4",430,"2026-09-21 18:04:02.196199","VEH_032","motorcycle","UNK","UNK","UNK","gray","0.00","UNK","2026-09-22 04:21:22.371416","2026-09-22 04:21:22.371416"
"S25U","INFER_S25U_VEH_ROOF_20260921_180355.mp4",430,"2026-09-21 18:04:02.196199","VEH_033","motorcycle","UNK","UNK","UNK","black","0.00","UNK","2026-09-22 04:21:22.371416","2026-09-22 04:21:22.371416"
"S25U","INFER_S25U_VEH_ROOF_20260921_180355.mp4",430,"2026-09-21 18:04:02.196199","VEH_034","motorcycle","UNK","UNK","UNK","black","0.00","UNK","2026-09-22 04:21:22.371416","2026-09-22 04:21:22.371416"
"S25U","INFER_S25U_VEH_ROOF_20260921_180355.mp4",430,"2026-09-21 18:04:02.196199","VEH_035","motorcycle","UNK","UNK","UNK","UNK","0.00","UNK","2026-09-22 04:21:22.371416","2026-09-22 04:21:22.371416"
"S25U","INFER_S25U_VEH_ROOF_20260921_180355.mp4",430,"2026-09-21 18:04:02.196199","VEH_036","motorcycle","UNK","UNK","UNK","gray","0.00","UNK","2026-09-22 04:21:22.371416","2026-09-22 04:21:22.371416"
"S25U","INFER_S25U_VEH_ROOF_20260921_180355.mp4",430,"2026-09-21 18:04:02.196199","VEH_037","motorcycle","UNK","UNK","UNK","black","0.00","UNK","2026-09-22 04:21:22.371416","2026-09-22 04:21:22.371416"
"S25U","INFER_S25U_VEH_ROOF_20260921_180355.mp4",430,"2026-09-21 18:04:02.196199","VEH_038","motorcycle","UNK","UNK","UNK","black","0.00","UNK","2026-09-22 04:21:22.371416","2026-09-22 04:21:22.371416"
"S25U","INFER_S25U_VEH_ROOF_20260921_180355.mp4",430,"2026-09-21 18:04:02.196199","VEH_039","motorcycle","UNK","UNK","UNK","gray","0.00","UNK","2026-09-22 04:21:22.371416","2026-09-22 04:21:22.371416"
"S25U","INFER_S25U_VEH_ROOF_20260921_180355.mp4",430,"2026-09-21 18:04:02.196199","VEH_040","motorcycle","UNK","UNK","UNK","black","0.00","UNK","2026-09-22 04:21:22.371416","2026-09-22 04:21:22.371416"
"S25U","INFER_S25U_VEH_ROOF_20260921_180355.mp4",430,"2026-09-21 18:04:02.196199","VEH_041","motorcycle","UNK","UNK","UNK","black","0.00","UNK","2026-09-22 04:21:22.371416","2026-09-22 04:21:22.371416"
"S25U","INFER_S25U_VEH_ROOF_20260921_180355.mp4",430,"2026-09-21 18:04:02.196199","VEH_042","motorcycle","UNK","UNK","UNK","black","0.00","UNK","2026-09-22 04:21:22.371416","2026-09-22 04:21:22.371416"
"S25U","INFER_S25U_VEH_ROOF_20260921_180355.mp4",430,"2026-09-21 18:04:02.196199","VEH_043","motorcycle","UNK","UNK","UNK","black","0.00","UNK","2026-09-22 04:21:22.371416","2026-09-22 04:21:22.371416"
"S25U","INFER_S25U_VEH_ROOF_20260921_180355.mp4",430,"2026-09-21 18:04:02.196199","VEH_044","motorcycle","UNK","UNK","UNK","UNK","0.00","UNK","2026-09-22 04:21:22.371416","2026-09-22 04:21:22.371416"
"S25U","INFER_S25U_VEH_ROOF_20260921_180355.mp4",430,"2026-09-21 18:04:02.196199","VEH_045","truck","UNK","UNK","UNK","UNK","0.00","UNK","2026-09-22 04:21:22.371416","2026-09-22 04:21:22.371416"
"S25U","INFER_S25U_VEH_ROOF_20260921_180355.mp4",430,"2026-09-21 18:04:02.196199","VEH_046","bus","UNK","UNK","UNK","gray","0.00","UNK","2026-09-22 04:21:22.371416","2026-09-22 04:21:22.371416"
"S25U","INFER_S25U_VEH_ROOF_20260921_180355.mp4",440,"2026-09-21 18:04:02.363552","VEH_001","motorcycle","UNK","UNK","UNK","gray","0.00","UNK","2026-09-22 04:21:24.874336","2026-09-22 04:21:24.874336"
"S25U","INFER_S25U_VEH_ROOF_20260921_180355.mp4",440,"2026-09-21 18:04:02.363552","VEH_002","motorcycle","UNK","UNK","UNK","gray","0.00","UNK","2026-09-22 04:21:24.874336","2026-09-22 04:21:24.874336"
"S25U","INFER_S25U_VEH_ROOF_20260921_180355.mp4",440,"2026-09-21 18:04:02.363552","VEH_003","motorcycle","UNK","UNK","UNK","black","0.00","UNK","2026-09-22 04:21:24.874336","2026-09-22 04:21:24.874336"
"S25U","INFER_S25U_VEH_ROOF_20260921_180355.mp4",440,"2026-09-21 18:04:02.363552","VEH_004","motorcycle","UNK","UNK","UNK","UNK","0.00","UNK","2026-09-22 04:21:24.874336","2026-09-22 04:21:24.874336"
"S25U","INFER_S25U_VEH_ROOF_20260921_180355.mp4",440,"2026-09-21 18:04:02.363552","VEH_005","motorcycle","UNK","UNK","UNK","gray","0.00","UNK","2026-09-22 04:21:24.874336","2026-09-22 04:21:24.874336"
"S25U","INFER_S25U_VEH_ROOF_20260921_180355.mp4",440,"2026-09-21 18:04:02.363552","VEH_006","motorcycle","UNK","UNK","UNK","gray","0.00","UNK","2026-09-22 04:21:24.874336","2026-09-22 04:21:24.874336"
"S25U","INFER_S25U_VEH_ROOF_20260921_180355.mp4",440,"2026-09-21 18:04:02.363552","VEH_007","motorcycle","UNK","UNK","UNK","gray","0.00","UNK","2026-09-22 04:21:24.874336","2026-09-22 04:21:24.874336"
"S25U","INFER_S25U_VEH_ROOF_20260921_180355.mp4",440,"2026-09-21 18:04:02.363552","VEH_008","motorcycle","UNK","UNK","UNK","gray","0.00","UNK","2026-09-22 04:21:24.874336","2026-09-22 04:21:24.874336"
"S25U","INFER_S25U_VEH_ROOF_20260921_180355.mp4",440,"2026-09-21 18:04:02.363552","VEH_009","motorcycle","UNK","UNK","UNK","black","0.00","UNK","2026-09-22 04:21:24.874336","2026-09-22 04:21:24.874336"
"S25U","INFER_S25U_VEH_ROOF_20260921_180355.mp4",440,"2026-09-21 18:04:02.363552","VEH_010","motorcycle","UNK","UNK","UNK","gray","0.00","UNK","2026-09-22 04:21:24.874336","2026-09-22 04:21:24.874336"
"S25U","INFER_S25U_VEH_ROOF_20260921_180355.mp4",440,"2026-09-21 18:04:02.363552","VEH_011","motorcycle","UNK","UNK","UNK","gray","0.00","UNK","2026-09-22 04:21:24.874336","2026-09-22 04:21:24.874336"
"S25U","INFER_S25U_VEH_ROOF_20260921_180355.mp4",440,"2026-09-21 18:04:02.363552","VEH_012","motorcycle","UNK","UNK","UNK","gray","0.00","UNK","2026-09-22 04:21:24.874336","2026-09-22 04:21:24.874336"
"S25U","INFER_S25U_VEH_ROOF_20260921_180355.mp4",440,"2026-09-21 18:04:02.363552","VEH_013","motorcycle","UNK","UNK","UNK","gray","0.00","UNK","2026-09-22 04:21:24.874336","2026-09-22 04:21:24.874336"
"S25U","INFER_S25U_VEH_ROOF_20260921_180355.mp4",440,"2026-09-21 18:04:02.363552","VEH_014","motorcycle","UNK","UNK","UNK","gray","0.00","UNK","2026-09-22 04:21:24.874336","2026-09-22 04:21:24.874336"
"S25U","INFER_S25U_VEH_ROOF_20260921_180355.mp4",440,"2026-09-21 18:04:02.363552","VEH_015","motorcycle","UNK","UNK","UNK","gray","0.00","UNK","2026-09-22 04:21:24.874336","2026-09-22 04:21:24.874336"
"S25U","INFER_S25U_VEH_ROOF_20260921_180355.mp4",440,"2026-09-21 18:04:02.363552","VEH_016","motorcycle","UNK","UNK","UNK","gray","0.00","UNK","2026-09-22 04:21:24.874336","2026-09-22 04:21:24.874336"
"S25U","INFER_S25U_VEH_ROOF_20260921_180355.mp4",440,"2026-09-21 18:04:02.363552","VEH_017","motorcycle","UNK","UNK","UNK","gray","0.00","UNK","2026-09-22 04:21:24.874336","2026-09-22 04:21:24.874336"
"S25U","INFER_S25U_VEH_ROOF_20260921_180355.mp4",440,"2026-09-21 18:04:02.363552","VEH_018","motorcycle","UNK","UNK","UNK","gray","0.00","UNK","2026-09-22 04:21:24.874336","2026-09-22 04:21:24.874336"
"S25U","INFER_S25U_VEH_ROOF_20260921_180355.mp4",440,"2026-09-21 18:04:02.363552","VEH_019","motorcycle","UNK","UNK","UNK","black","0.00","UNK","2026-09-22 04:21:24.874336","2026-09-22 04:21:24.874336"
"S25U","INFER_S25U_VEH_ROOF_20260921_180355.mp4",440,"2026-09-21 18:04:02.363552","VEH_020","motorcycle","UNK","UNK","UNK","UNK","0.00","UNK","2026-09-22 04:21:24.874336","2026-09-22 04:21:24.874336"
"S25U","INFER_S25U_VEH_ROOF_20260921_180355.mp4",440,"2026-09-21 18:04:02.363552","VEH_021","motorcycle","UNK","UNK","UNK","UNK","0.00","UNK","2026-09-22 04:21:24.874336","2026-09-22 04:21:24.874336"
"S25U","INFER_S25U_VEH_ROOF_20260921_180355.mp4",440,"2026-09-21 18:04:02.363552","VEH_022","motorcycle","UNK","UNK","UNK","gray","0.00","UNK","2026-09-22 04:21:24.874336","2026-09-22 04:21:24.874336"
"S25U","INFER_S25U_VEH_ROOF_20260921_180355.mp4",440,"2026-09-21 18:04:02.363552","VEH_023","motorcycle","UNK","UNK","UNK","gray","0.00","UNK","2026-09-22 04:21:24.874336","2026-09-22 04:21:24.874336"
"S25U","INFER_S25U_VEH_ROOF_20260921_180355.mp4",440,"2026-09-21 18:04:02.363552","VEH_024","motorcycle","UNK","UNK","UNK","black","0.00","UNK","2026-09-22 04:21:24.874336","2026-09-22 04:21:24.874336"
"S25U","INFER_S25U_VEH_ROOF_20260921_180355.mp4",440,"2026-09-21 18:04:02.363552","VEH_025","motorcycle","UNK","UNK","UNK","black","0.00","UNK","2026-09-22 04:21:24.874336","2026-09-22 04:21:24.874336"
"S25U","INFER_S25U_VEH_ROOF_20260921_180355.mp4",440,"2026-09-21 18:04:02.363552","VEH_026","motorcycle","UNK","UNK","UNK","black","0.00","UNK","2026-09-22 04:21:24.874336","2026-09-22 04:21:24.874336"
"S25U","INFER_S25U_VEH_ROOF_20260921_180355.mp4",440,"2026-09-21 18:04:02.363552","VEH_027","motorcycle","UNK","UNK","UNK","black","0.00","UNK","2026-09-22 04:21:24.874336","2026-09-22 04:21:24.874336"
"S25U","INFER_S25U_VEH_ROOF_20260921_180355.mp4",440,"2026-09-21 18:04:02.363552","VEH_028","motorcycle","UNK","UNK","UNK","black","0.00","UNK","2026-09-22 04:21:24.874336","2026-09-22 04:21:24.874336"
"S25U","INFER_S25U_VEH_ROOF_20260921_180355.mp4",440,"2026-09-21 18:04:02.363552","VEH_029","motorcycle","UNK","UNK","UNK","black","0.00","UNK","2026-09-22 04:21:24.874336","2026-09-22 04:21:24.874336"
"S25U","INFER_S25U_VEH_ROOF_20260921_180355.mp4",440,"2026-09-21 18:04:02.363552","VEH_030","motorcycle","UNK","UNK","UNK","UNK","0.00","UNK","2026-09-22 04:21:24.874336","2026-09-22 04:21:24.874336"
"S25U","INFER_S25U_VEH_ROOF_20260921_180355.mp4",440,"2026-09-21 18:04:02.363552","VEH_031","motorcycle","UNK","UNK","UNK","UNK","0.00","UNK","2026-09-22 04:21:24.874336","2026-09-22 04:21:24.874336"
"S25U","INFER_S25U_VEH_ROOF_20260921_180355.mp4",440,"2026-09-21 18:04:02.363552","VEH_032","motorcycle","UNK","UNK","UNK","UNK","0.00","UNK","2026-09-22 04:21:24.874336","2026-09-22 04:21:24.874336"
"S25U","INFER_S25U_VEH_ROOF_20260921_180355.mp4",440,"2026-09-21 18:04:02.363552","VEH_033","motorcycle","UNK","UNK","UNK","gray","0.00","UNK","2026-09-22 04:21:24.874336","2026-09-22 04:21:24.874336"
"S25U","INFER_S25U_VEH_ROOF_20260921_180355.mp4",440,"2026-09-21 18:04:02.363552","VEH_034","motorcycle","UNK","UNK","UNK","black","0.00","UNK","2026-09-22 04:21:24.874336","2026-09-22 04:21:24.874336"
"S25U","INFER_S25U_VEH_ROOF_20260921_180355.mp4",440,"2026-09-21 18:04:02.363552","VEH_035","motorcycle","UNK","UNK","UNK","black","0.00","UNK","2026-09-22 04:21:24.874336","2026-09-22 04:21:24.874336"
"S25U","INFER_S25U_VEH_ROOF_20260921_180355.mp4",440,"2026-09-21 18:04:02.363552","VEH_036","motorcycle","UNK","UNK","UNK","UNK","0.00","UNK","2026-09-22 04:21:24.874336","2026-09-22 04:21:24.874336"
"S25U","INFER_S25U_VEH_ROOF_20260921_180355.mp4",440,"2026-09-21 18:04:02.363552","VEH_037","motorcycle","UNK","UNK","UNK","gray","0.00","UNK","2026-09-22 04:21:24.874336","2026-09-22 04:21:24.874336"
"S25U","INFER_S25U_VEH_ROOF_20260921_180355.mp4",440,"2026-09-21 18:04:02.363552","VEH_038","motorcycle","UNK","UNK","UNK","gray","0.00","UNK","2026-09-22 04:21:24.874336","2026-09-22 04:21:24.874336"
"S25U","INFER_S25U_VEH_ROOF_20260921_180355.mp4",440,"2026-09-21 18:04:02.363552","VEH_039","motorcycle","UNK","UNK","UNK","black","0.00","UNK","2026-09-22 04:21:24.874336","2026-09-22 04:21:24.874336"
"S25U","INFER_S25U_VEH_ROOF_20260921_180355.mp4",440,"2026-09-21 18:04:02.363552","VEH_040","motorcycle","UNK","UNK","UNK","black","0.00","UNK","2026-09-22 04:21:24.874336","2026-09-22 04:21:24.874336"
"S25U","INFER_S25U_VEH_ROOF_20260921_180355.mp4",440,"2026-09-21 18:04:02.363552","VEH_041","motorcycle","UNK","UNK","UNK","UNK","0.00","UNK","2026-09-22 04:21:24.874336","2026-09-22 04:21:24.874336"
"S25U","INFER_S25U_VEH_ROOF_20260921_180355.mp4",440,"2026-09-21 18:04:02.363552","VEH_042","motorcycle","UNK","UNK","UNK","black","0.00","UNK","2026-09-22 04:21:24.874336","2026-09-22 04:21:24.874336"
"S25U","INFER_S25U_VEH_ROOF_20260921_180355.mp4",440,"2026-09-21 18:04:02.363552","VEH_043","motorcycle","UNK","UNK","UNK","black","0.00","UNK","2026-09-22 04:21:24.874336","2026-09-22 04:21:24.874336"
"S25U","INFER_S25U_VEH_ROOF_20260921_180355.mp4",440,"2026-09-21 18:04:02.363552","VEH_044","motorcycle","UNK","UNK","UNK","black","0.00","UNK","2026-09-22 04:21:24.874336","2026-09-22 04:21:24.874336"
"S25U","INFER_S25U_VEH_ROOF_20260921_180355.mp4",440,"2026-09-21 18:04:02.363552","VEH_045","motorcycle","UNK","UNK","UNK","black","0.00","UNK","2026-09-22 04:21:24.874336","2026-09-22 04:21:24.874336"
"S25U","INFER_S25U_VEH_ROOF_20260921_180355.mp4",440,"2026-09-21 18:04:02.363552","VEH_046","truck","UNK","UNK","UNK","UNK","0.00","UNK","2026-09-22 04:21:24.874336","2026-09-22 04:21:24.874336"
"S25U","INFER_S25U_VEH_ROOF_20260921_180355.mp4",440,"2026-09-21 18:04:02.363552","VEH_047","bus","UNK","UNK","UNK","gray","0.00","UNK","2026-09-22 04:21:24.874336","2026-09-22 04:21:24.874336"
"S25U","INFER_S25U_VEH_ROOF_20260921_180355.mp4",450,"2026-09-21 18:04:02.530905","VEH_001","motorcycle","UNK","UNK","UNK","gray","0.00","UNK","2026-09-22 04:21:27.335513","2026-09-22 04:21:27.335513"
"S25U","INFER_S25U_VEH_ROOF_20260921_180355.mp4",450,"2026-09-21 18:04:02.530905","VEH_002","motorcycle","UNK","UNK","UNK","gray","0.00","UNK","2026-09-22 04:21:27.335513","2026-09-22 04:21:27.335513"
"S25U","INFER_S25U_VEH_ROOF_20260921_180355.mp4",450,"2026-09-21 18:04:02.530905","VEH_003","motorcycle","UNK","UNK","UNK","black","0.00","UNK","2026-09-22 04:21:27.335513","2026-09-22 04:21:27.335513"
"S25U","INFER_S25U_VEH_ROOF_20260921_180355.mp4",450,"2026-09-21 18:04:02.530905","VEH_004","motorcycle","UNK","UNK","UNK","UNK","0.00","UNK","2026-09-22 04:21:27.335513","2026-09-22 04:21:27.335513"
"S25U","INFER_S25U_VEH_ROOF_20260921_180355.mp4",450,"2026-09-21 18:04:02.530905","VEH_005","motorcycle","UNK","UNK","UNK","gray","0.00","UNK","2026-09-22 04:21:27.335513","2026-09-22 04:21:27.335513"
"S25U","INFER_S25U_VEH_ROOF_20260921_180355.mp4",450,"2026-09-21 18:04:02.530905","VEH_006","motorcycle","UNK","UNK","UNK","gray","0.00","UNK","2026-09-22 04:21:27.335513","2026-09-22 04:21:27.335513"
"S25U","INFER_S25U_VEH_ROOF_20260921_180355.mp4",450,"2026-09-21 18:04:02.530905","VEH_007","motorcycle","UNK","UNK","UNK","gray","0.00","UNK","2026-09-22 04:21:27.335513","2026-09-22 04:21:27.335513"
"S25U","INFER_S25U_VEH_ROOF_20260921_180355.mp4",450,"2026-09-21 18:04:02.530905","VEH_008","motorcycle","UNK","UNK","UNK","gray","0.00","UNK","2026-09-22 04:21:27.335513","2026-09-22 04:21:27.335513"
"S25U","INFER_S25U_VEH_ROOF_20260921_180355.mp4",450,"2026-09-21 18:04:02.530905","VEH_009","motorcycle","UNK","UNK","UNK","gray","0.00","UNK","2026-09-22 04:21:27.335513","2026-09-22 04:21:27.335513"
"S25U","INFER_S25U_VEH_ROOF_20260921_180355.mp4",450,"2026-09-21 18:04:02.530905","VEH_010","motorcycle","UNK","UNK","UNK","gray","0.00","UNK","2026-09-22 04:21:27.335513","2026-09-22 04:21:27.335513"
"S25U","INFER_S25U_VEH_ROOF_20260921_180355.mp4",450,"2026-09-21 18:04:02.530905","VEH_011","motorcycle","UNK","UNK","UNK","gray","0.00","UNK","2026-09-22 04:21:27.335513","2026-09-22 04:21:27.335513"
"S25U","INFER_S25U_VEH_ROOF_20260921_180355.mp4",450,"2026-09-21 18:04:02.530905","VEH_012","motorcycle","UNK","UNK","UNK","gray","0.00","UNK","2026-09-22 04:21:27.335513","2026-09-22 04:21:27.335513"
"S25U","INFER_S25U_VEH_ROOF_20260921_180355.mp4",450,"2026-09-21 18:04:02.530905","VEH_013","motorcycle","UNK","UNK","UNK","gray","0.00","UNK","2026-09-22 04:21:27.335513","2026-09-22 04:21:27.335513"
"S25U","INFER_S25U_VEH_ROOF_20260921_180355.mp4",450,"2026-09-21 18:04:02.530905","VEH_014","motorcycle","UNK","UNK","UNK","gray","0.00","UNK","2026-09-22 04:21:27.335513","2026-09-22 04:21:27.335513"
"S25U","INFER_S25U_VEH_ROOF_20260921_180355.mp4",450,"2026-09-21 18:04:02.530905","VEH_015","motorcycle","UNK","UNK","UNK","black","0.00","UNK","2026-09-22 04:21:27.335513","2026-09-22 04:21:27.335513"
"S25U","INFER_S25U_VEH_ROOF_20260921_180355.mp4",450,"2026-09-21 18:04:02.530905","VEH_016","motorcycle","UNK","UNK","UNK","gray","0.00","UNK","2026-09-22 04:21:27.335513","2026-09-22 04:21:27.335513"
"S25U","INFER_S25U_VEH_ROOF_20260921_180355.mp4",450,"2026-09-21 18:04:02.530905","VEH_017","motorcycle","UNK","UNK","UNK","black","0.00","UNK","2026-09-22 04:21:27.335513","2026-09-22 04:21:27.335513"
"S25U","INFER_S25U_VEH_ROOF_20260921_180355.mp4",450,"2026-09-21 18:04:02.530905","VEH_018","motorcycle","UNK","UNK","UNK","black","0.00","UNK","2026-09-22 04:21:27.335513","2026-09-22 04:21:27.335513"
"S25U","INFER_S25U_VEH_ROOF_20260921_180355.mp4",450,"2026-09-21 18:04:02.530905","VEH_019","motorcycle","UNK","UNK","UNK","black","0.00","UNK","2026-09-22 04:21:27.335513","2026-09-22 04:21:27.335513"
"S25U","INFER_S25U_VEH_ROOF_20260921_180355.mp4",450,"2026-09-21 18:04:02.530905","VEH_020","motorcycle","UNK","UNK","UNK","black","0.00","UNK","2026-09-22 04:21:27.335513","2026-09-22 04:21:27.335513"
"S25U","INFER_S25U_VEH_ROOF_20260921_180355.mp4",450,"2026-09-21 18:04:02.530905","VEH_021","motorcycle","UNK","UNK","UNK","UNK","0.00","UNK","2026-09-22 04:21:27.335513","2026-09-22 04:21:27.335513"
"S25U","INFER_S25U_VEH_ROOF_20260921_180355.mp4",450,"2026-09-21 18:04:02.530905","VEH_022","motorcycle","UNK","UNK","UNK","UNK","0.00","UNK","2026-09-22 04:21:27.335513","2026-09-22 04:21:27.335513"
"S25U","INFER_S25U_VEH_ROOF_20260921_180355.mp4",450,"2026-09-21 18:04:02.530905","VEH_023","motorcycle","UNK","UNK","UNK","gray","0.00","UNK","2026-09-22 04:21:27.335513","2026-09-22 04:21:27.335513"
"S25U","INFER_S25U_VEH_ROOF_20260921_180355.mp4",450,"2026-09-21 18:04:02.530905","VEH_024","motorcycle","UNK","UNK","UNK","gray","0.00","UNK","2026-09-22 04:21:27.335513","2026-09-22 04:21:27.335513"
"S25U","INFER_S25U_VEH_ROOF_20260921_180355.mp4",450,"2026-09-21 18:04:02.530905","VEH_025","motorcycle","UNK","UNK","UNK","gray","0.00","UNK","2026-09-22 04:21:27.335513","2026-09-22 04:21:27.335513"
"S25U","INFER_S25U_VEH_ROOF_20260921_180355.mp4",450,"2026-09-21 18:04:02.530905","VEH_026","motorcycle","UNK","UNK","UNK","gray","0.00","UNK","2026-09-22 04:21:27.335513","2026-09-22 04:21:27.335513"
"S25U","INFER_S25U_VEH_ROOF_20260921_180355.mp4",450,"2026-09-21 18:04:02.530905","VEH_027","motorcycle","UNK","UNK","UNK","black","0.00","UNK","2026-09-22 04:21:27.335513","2026-09-22 04:21:27.335513"
"S25U","INFER_S25U_VEH_ROOF_20260921_180355.mp4",450,"2026-09-21 18:04:02.530905","VEH_028","motorcycle","UNK","UNK","UNK","black","0.00","UNK","2026-09-22 04:21:27.335513","2026-09-22 04:21:27.335513"
"S25U","INFER_S25U_VEH_ROOF_20260921_180355.mp4",450,"2026-09-21 18:04:02.530905","VEH_029","motorcycle","UNK","UNK","UNK","black","0.00","UNK","2026-09-22 04:21:27.335513","2026-09-22 04:21:27.335513"
"S25U","INFER_S25U_VEH_ROOF_20260921_180355.mp4",450,"2026-09-21 18:04:02.530905","VEH_030","motorcycle","UNK","UNK","UNK","black","0.00","UNK","2026-09-22 04:21:27.335513","2026-09-22 04:21:27.335513"
"S25U","INFER_S25U_VEH_ROOF_20260921_180355.mp4",450,"2026-09-21 18:04:02.530905","VEH_031","motorcycle","UNK","UNK","UNK","UNK","0.00","UNK","2026-09-22 04:21:27.335513","2026-09-22 04:21:27.335513"
"S25U","INFER_S25U_VEH_ROOF_20260921_180355.mp4",450,"2026-09-21 18:04:02.530905","VEH_032","motorcycle","UNK","UNK","UNK","UNK","0.00","UNK","2026-09-22 04:21:27.335513","2026-09-22 04:21:27.335513"
"S25U","INFER_S25U_VEH_ROOF_20260921_180355.mp4",450,"2026-09-21 18:04:02.530905","VEH_033","motorcycle","UNK","UNK","UNK","gray","0.00","UNK","2026-09-22 04:21:27.335513","2026-09-22 04:21:27.335513"
"S25U","INFER_S25U_VEH_ROOF_20260921_180355.mp4",450,"2026-09-21 18:04:02.530905","VEH_034","motorcycle","UNK","UNK","UNK","red","0.00","UNK","2026-09-22 04:21:27.335513","2026-09-22 04:21:27.335513"
"S25U","INFER_S25U_VEH_ROOF_20260921_180355.mp4",450,"2026-09-21 18:04:02.530905","VEH_035","motorcycle","UNK","UNK","UNK","red","0.00","UNK","2026-09-22 04:21:27.335513","2026-09-22 04:21:27.335513"
"S25U","INFER_S25U_VEH_ROOF_20260921_180355.mp4",450,"2026-09-21 18:04:02.530905","VEH_036","motorcycle","UNK","UNK","UNK","UNK","0.00","UNK","2026-09-22 04:21:27.335513","2026-09-22 04:21:27.335513"
"S25U","INFER_S25U_VEH_ROOF_20260921_180355.mp4",450,"2026-09-21 18:04:02.530905","VEH_037","motorcycle","UNK","UNK","UNK","UNK","0.00","UNK","2026-09-22 04:21:27.335513","2026-09-22 04:21:27.335513"
"S25U","INFER_S25U_VEH_ROOF_20260921_180355.mp4",450,"2026-09-21 18:04:02.530905","VEH_038","motorcycle","UNK","UNK","UNK","gray","0.00","UNK","2026-09-22 04:21:27.335513","2026-09-22 04:21:27.335513"
"S25U","INFER_S25U_VEH_ROOF_20260921_180355.mp4",450,"2026-09-21 18:04:02.530905","VEH_039","motorcycle","UNK","UNK","UNK","black","0.00","UNK","2026-09-22 04:21:27.335513","2026-09-22 04:21:27.335513"
"S25U","INFER_S25U_VEH_ROOF_20260921_180355.mp4",450,"2026-09-21 18:04:02.530905","VEH_040","motorcycle","UNK","UNK","UNK","black","0.00","UNK","2026-09-22 04:21:27.335513","2026-09-22 04:21:27.335513"
"S25U","INFER_S25U_VEH_ROOF_20260921_180355.mp4",450,"2026-09-21 18:04:02.530905","VEH_041","motorcycle","UNK","UNK","UNK","black","0.00","UNK","2026-09-22 04:21:27.335513","2026-09-22 04:21:27.335513"
"S25U","INFER_S25U_VEH_ROOF_20260921_180355.mp4",450,"2026-09-21 18:04:02.530905","VEH_042","motorcycle","UNK","UNK","UNK","black","0.00","UNK","2026-09-22 04:21:27.335513","2026-09-22 04:21:27.335513"
"S25U","INFER_S25U_VEH_ROOF_20260921_180355.mp4",450,"2026-09-21 18:04:02.530905","VEH_043","motorcycle","UNK","UNK","UNK","black","0.00","UNK","2026-09-22 04:21:27.335513","2026-09-22 04:21:27.335513"
"S25U","INFER_S25U_VEH_ROOF_20260921_180355.mp4",450,"2026-09-21 18:04:02.530905","VEH_044","motorcycle","UNK","UNK","UNK","black","0.00","UNK","2026-09-22 04:21:27.335513","2026-09-22 04:21:27.335513"
"S25U","INFER_S25U_VEH_ROOF_20260921_180355.mp4",450,"2026-09-21 18:04:02.530905","VEH_045","truck","UNK","UNK","UNK","UNK","0.00","UNK","2026-09-22 04:21:27.335513","2026-09-22 04:21:27.335513"
"S25U","INFER_S25U_VEH_ROOF_20260921_180355.mp4",450,"2026-09-21 18:04:02.530905","VEH_046","bus","UNK","UNK","UNK","gray","0.00","UNK","2026-09-22 04:21:27.335513","2026-09-22 04:21:27.335513"
"S25U","INFER_S25U_VEH_ROOF_20260921_180355.mp4",460,"2026-09-21 18:04:02.698259","VEH_001","motorcycle","UNK","UNK","UNK","gray","0.00","UNK","2026-09-22 04:21:29.732818","2026-09-22 04:21:29.732818"
"S25U","INFER_S25U_VEH_ROOF_20260921_180355.mp4",460,"2026-09-21 18:04:02.698259","VEH_002","motorcycle","UNK","UNK","UNK","gray","0.00","UNK","2026-09-22 04:21:29.732818","2026-09-22 04:21:29.732818"
"S25U","INFER_S25U_VEH_ROOF_20260921_180355.mp4",460,"2026-09-21 18:04:02.698259","VEH_003","motorcycle","UNK","UNK","UNK","black","0.00","UNK","2026-09-22 04:21:29.732818","2026-09-22 04:21:29.732818"
"S25U","INFER_S25U_VEH_ROOF_20260921_180355.mp4",460,"2026-09-21 18:04:02.698259","VEH_004","motorcycle","UNK","UNK","UNK","UNK","0.00","UNK","2026-09-22 04:21:29.732818","2026-09-22 04:21:29.732818"
"S25U","INFER_S25U_VEH_ROOF_20260921_180355.mp4",460,"2026-09-21 18:04:02.698259","VEH_005","motorcycle","UNK","UNK","UNK","gray","0.00","UNK","2026-09-22 04:21:29.732818","2026-09-22 04:21:29.732818"
"S25U","INFER_S25U_VEH_ROOF_20260921_180355.mp4",460,"2026-09-21 18:04:02.698259","VEH_006","motorcycle","UNK","UNK","UNK","gray","0.00","UNK","2026-09-22 04:21:29.732818","2026-09-22 04:21:29.732818"
"S25U","INFER_S25U_VEH_ROOF_20260921_180355.mp4",460,"2026-09-21 18:04:02.698259","VEH_007","motorcycle","UNK","UNK","UNK","gray","0.00","UNK","2026-09-22 04:21:29.732818","2026-09-22 04:21:29.732818"
"S25U","INFER_S25U_VEH_ROOF_20260921_180355.mp4",460,"2026-09-21 18:04:02.698259","VEH_008","motorcycle","UNK","UNK","UNK","gray","0.00","UNK","2026-09-22 04:21:29.732818","2026-09-22 04:21:29.732818"
"S25U","INFER_S25U_VEH_ROOF_20260921_180355.mp4",460,"2026-09-21 18:04:02.698259","VEH_009","motorcycle","UNK","UNK","UNK","gray","0.00","UNK","2026-09-22 04:21:29.732818","2026-09-22 04:21:29.732818"
"S25U","INFER_S25U_VEH_ROOF_20260921_180355.mp4",460,"2026-09-21 18:04:02.698259","VEH_010","motorcycle","UNK","UNK","UNK","gray","0.00","UNK","2026-09-22 04:21:29.732818","2026-09-22 04:21:29.732818"
"S25U","INFER_S25U_VEH_ROOF_20260921_180355.mp4",460,"2026-09-21 18:04:02.698259","VEH_011","motorcycle","UNK","UNK","UNK","gray","0.00","UNK","2026-09-22 04:21:29.732818","2026-09-22 04:21:29.732818"
"S25U","INFER_S25U_VEH_ROOF_20260921_180355.mp4",460,"2026-09-21 18:04:02.698259","VEH_012","motorcycle","UNK","UNK","UNK","gray","0.00","UNK","2026-09-22 04:21:29.732818","2026-09-22 04:21:29.732818"
"S25U","INFER_S25U_VEH_ROOF_20260921_180355.mp4",460,"2026-09-21 18:04:02.698259","VEH_013","motorcycle","UNK","UNK","UNK","gray","0.00","UNK","2026-09-22 04:21:29.732818","2026-09-22 04:21:29.732818"
"S25U","INFER_S25U_VEH_ROOF_20260921_180355.mp4",460,"2026-09-21 18:04:02.698259","VEH_014","motorcycle","UNK","UNK","UNK","gray","0.00","UNK","2026-09-22 04:21:29.732818","2026-09-22 04:21:29.732818"
"S25U","INFER_S25U_VEH_ROOF_20260921_180355.mp4",460,"2026-09-21 18:04:02.698259","VEH_015","motorcycle","UNK","UNK","UNK","black","0.00","UNK","2026-09-22 04:21:29.732818","2026-09-22 04:21:29.732818"
"S25U","INFER_S25U_VEH_ROOF_20260921_180355.mp4",460,"2026-09-21 18:04:02.698259","VEH_016","motorcycle","UNK","UNK","UNK","black","0.00","UNK","2026-09-22 04:21:29.732818","2026-09-22 04:21:29.732818"
"S25U","INFER_S25U_VEH_ROOF_20260921_180355.mp4",460,"2026-09-21 18:04:02.698259","VEH_017","motorcycle","UNK","UNK","UNK","black","0.00","UNK","2026-09-22 04:21:29.732818","2026-09-22 04:21:29.732818"
"S25U","INFER_S25U_VEH_ROOF_20260921_180355.mp4",460,"2026-09-21 18:04:02.698259","VEH_018","motorcycle","UNK","UNK","UNK","UNK","0.00","UNK","2026-09-22 04:21:29.732818","2026-09-22 04:21:29.732818"
"S25U","INFER_S25U_VEH_ROOF_20260921_180355.mp4",460,"2026-09-21 18:04:02.698259","VEH_019","motorcycle","UNK","UNK","UNK","gray","0.00","UNK","2026-09-22 04:21:29.732818","2026-09-22 04:21:29.732818"
"S25U","INFER_S25U_VEH_ROOF_20260921_180355.mp4",460,"2026-09-21 18:04:02.698259","VEH_020","motorcycle","UNK","UNK","UNK","gray","0.00","UNK","2026-09-22 04:21:29.732818","2026-09-22 04:21:29.732818"
"S25U","INFER_S25U_VEH_ROOF_20260921_180355.mp4",460,"2026-09-21 18:04:02.698259","VEH_021","motorcycle","UNK","UNK","UNK","gray","0.00","UNK","2026-09-22 04:21:29.732818","2026-09-22 04:21:29.732818"
"S25U","INFER_S25U_VEH_ROOF_20260921_180355.mp4",460,"2026-09-21 18:04:02.698259","VEH_022","motorcycle","UNK","UNK","UNK","gray","0.00","UNK","2026-09-22 04:21:29.732818","2026-09-22 04:21:29.732818"
"S25U","INFER_S25U_VEH_ROOF_20260921_180355.mp4",460,"2026-09-21 18:04:02.698259","VEH_023","motorcycle","UNK","UNK","UNK","gray","0.00","UNK","2026-09-22 04:21:29.732818","2026-09-22 04:21:29.732818"
"S25U","INFER_S25U_VEH_ROOF_20260921_180355.mp4",460,"2026-09-21 18:04:02.698259","VEH_024","motorcycle","UNK","UNK","UNK","gray","0.00","UNK","2026-09-22 04:21:29.732818","2026-09-22 04:21:29.732818"
"S25U","INFER_S25U_VEH_ROOF_20260921_180355.mp4",460,"2026-09-21 18:04:02.698259","VEH_025","motorcycle","UNK","UNK","UNK","black","0.00","UNK","2026-09-22 04:21:29.732818","2026-09-22 04:21:29.732818"
"S25U","INFER_S25U_VEH_ROOF_20260921_180355.mp4",460,"2026-09-21 18:04:02.698259","VEH_026","motorcycle","UNK","UNK","UNK","black","0.00","UNK","2026-09-22 04:21:29.732818","2026-09-22 04:21:29.732818"
"S25U","INFER_S25U_VEH_ROOF_20260921_180355.mp4",460,"2026-09-21 18:04:02.698259","VEH_027","motorcycle","UNK","UNK","UNK","black","0.00","UNK","2026-09-22 04:21:29.732818","2026-09-22 04:21:29.732818"
"S25U","INFER_S25U_VEH_ROOF_20260921_180355.mp4",460,"2026-09-21 18:04:02.698259","VEH_028","motorcycle","UNK","UNK","UNK","red","0.00","UNK","2026-09-22 04:21:29.732818","2026-09-22 04:21:29.732818"
"S25U","INFER_S25U_VEH_ROOF_20260921_180355.mp4",460,"2026-09-21 18:04:02.698259","VEH_029","motorcycle","UNK","UNK","UNK","red","0.00","UNK","2026-09-22 04:21:29.732818","2026-09-22 04:21:29.732818"
"S25U","INFER_S25U_VEH_ROOF_20260921_180355.mp4",460,"2026-09-21 18:04:02.698259","VEH_030","motorcycle","UNK","UNK","UNK","black","0.00","UNK","2026-09-22 04:21:29.732818","2026-09-22 04:21:29.732818"
"S25U","INFER_S25U_VEH_ROOF_20260921_180355.mp4",460,"2026-09-21 18:04:02.698259","VEH_031","motorcycle","UNK","UNK","UNK","UNK","0.00","UNK","2026-09-22 04:21:29.732818","2026-09-22 04:21:29.732818"
"S25U","INFER_S25U_VEH_ROOF_20260921_180355.mp4",460,"2026-09-21 18:04:02.698259","VEH_032","motorcycle","UNK","UNK","UNK","UNK","0.00","UNK","2026-09-22 04:21:29.732818","2026-09-22 04:21:29.732818"
"S25U","INFER_S25U_VEH_ROOF_20260921_180355.mp4",460,"2026-09-21 18:04:02.698259","VEH_033","motorcycle","UNK","UNK","UNK","UNK","0.00","UNK","2026-09-22 04:21:29.732818","2026-09-22 04:21:29.732818"
"S25U","INFER_S25U_VEH_ROOF_20260921_180355.mp4",460,"2026-09-21 18:04:02.698259","VEH_034","motorcycle","UNK","UNK","UNK","gray","0.00","UNK","2026-09-22 04:21:29.732818","2026-09-22 04:21:29.732818"
"S25U","INFER_S25U_VEH_ROOF_20260921_180355.mp4",460,"2026-09-21 18:04:02.698259","VEH_035","motorcycle","UNK","UNK","UNK","black","0.00","UNK","2026-09-22 04:21:29.732818","2026-09-22 04:21:29.732818"
"S25U","INFER_S25U_VEH_ROOF_20260921_180355.mp4",460,"2026-09-21 18:04:02.698259","VEH_036","motorcycle","UNK","UNK","UNK","UNK","0.00","UNK","2026-09-22 04:21:29.732818","2026-09-22 04:21:29.732818"
"S25U","INFER_S25U_VEH_ROOF_20260921_180355.mp4",460,"2026-09-21 18:04:02.698259","VEH_037","motorcycle","UNK","UNK","UNK","UNK","0.00","UNK","2026-09-22 04:21:29.732818","2026-09-22 04:21:29.732818"
"S25U","INFER_S25U_VEH_ROOF_20260921_180355.mp4",460,"2026-09-21 18:04:02.698259","VEH_038","motorcycle","UNK","UNK","UNK","gray","0.00","UNK","2026-09-22 04:21:29.732818","2026-09-22 04:21:29.732818"
"S25U","INFER_S25U_VEH_ROOF_20260921_180355.mp4",460,"2026-09-21 18:04:02.698259","VEH_039","motorcycle","UNK","UNK","UNK","black","0.00","UNK","2026-09-22 04:21:29.732818","2026-09-22 04:21:29.732818"
"S25U","INFER_S25U_VEH_ROOF_20260921_180355.mp4",460,"2026-09-21 18:04:02.698259","VEH_040","motorcycle","UNK","UNK","UNK","red","0.00","UNK","2026-09-22 04:21:29.732818","2026-09-22 04:21:29.732818"
"S25U","INFER_S25U_VEH_ROOF_20260921_180355.mp4",460,"2026-09-21 18:04:02.698259","VEH_041","motorcycle","UNK","UNK","UNK","UNK","0.00","UNK","2026-09-22 04:21:29.732818","2026-09-22 04:21:29.732818"
"S25U","INFER_S25U_VEH_ROOF_20260921_180355.mp4",460,"2026-09-21 18:04:02.698259","VEH_042","motorcycle","UNK","UNK","UNK","black","0.00","UNK","2026-09-22 04:21:29.732818","2026-09-22 04:21:29.732818"
"S25U","INFER_S25U_VEH_ROOF_20260921_180355.mp4",460,"2026-09-21 18:04:02.698259","VEH_043","motorcycle","UNK","UNK","UNK","black","0.00","UNK","2026-09-22 04:21:29.732818","2026-09-22 04:21:29.732818"
"S25U","INFER_S25U_VEH_ROOF_20260921_180355.mp4",460,"2026-09-21 18:04:02.698259","VEH_044","motorcycle","UNK","UNK","UNK","red","0.00","UNK","2026-09-22 04:21:29.732818","2026-09-22 04:21:29.732818"
"S25U","INFER_S25U_VEH_ROOF_20260921_180355.mp4",460,"2026-09-21 18:04:02.698259","VEH_045","motorcycle","UNK","UNK","UNK","orange","0.00","UNK","2026-09-22 04:21:29.732818","2026-09-22 04:21:29.732818"
"S25U","INFER_S25U_VEH_ROOF_20260921_180355.mp4",460,"2026-09-21 18:04:02.698259","VEH_046","motorcycle","UNK","UNK","UNK","black","0.00","UNK","2026-09-22 04:21:29.732818","2026-09-22 04:21:29.732818"
"S25U","INFER_S25U_VEH_ROOF_20260921_180355.mp4",460,"2026-09-21 18:04:02.698259","VEH_047","motorcycle","UNK","UNK","UNK","black","0.00","UNK","2026-09-22 04:21:29.732818","2026-09-22 04:21:29.732818"
"S25U","INFER_S25U_VEH_ROOF_20260921_180355.mp4",460,"2026-09-21 18:04:02.698259","VEH_048","motorcycle","UNK","UNK","UNK","black","0.00","UNK","2026-09-22 04:21:29.732818","2026-09-22 04:21:29.732818"
"S25U","INFER_S25U_VEH_ROOF_20260921_180355.mp4",460,"2026-09-21 18:04:02.698259","VEH_049","motorcycle","UNK","UNK","UNK","black","0.00","UNK","2026-09-22 04:21:29.732818","2026-09-22 04:21:29.732818"
"S25U","INFER_S25U_VEH_ROOF_20260921_180355.mp4",460,"2026-09-21 18:04:02.698259","VEH_050","truck","UNK","UNK","UNK","UNK","0.00","UNK","2026-09-22 04:21:29.732818","2026-09-22 04:21:29.732818"
"S25U","INFER_S25U_VEH_ROOF_20260921_180355.mp4",460,"2026-09-21 18:04:02.698259","VEH_051","bus","UNK","UNK","UNK","gray","0.00","UNK","2026-09-22 04:21:29.732818","2026-09-22 04:21:29.732818"
"S25U","INFER_S25U_VEH_ROOF_20260921_180355.mp4",460,"2026-09-21 18:04:02.698259","VEH_052","motorcycle","UNK","UNK","UNK","gray","0.00","UNK","2026-09-22 04:21:29.732818","2026-09-22 04:21:29.732818"
"S25U","INFER_S25U_VEH_ROOF_20260921_180355.mp4",470,"2026-09-21 18:04:02.865612","VEH_001","motorcycle","UNK","UNK","UNK","gray","0.00","UNK","2026-09-22 04:21:32.354442","2026-09-22 04:21:32.354442"
"S25U","INFER_S25U_VEH_ROOF_20260921_180355.mp4",470,"2026-09-21 18:04:02.865612","VEH_002","motorcycle","UNK","UNK","UNK","gray","0.00","UNK","2026-09-22 04:21:32.354442","2026-09-22 04:21:32.354442"
"S25U","INFER_S25U_VEH_ROOF_20260921_180355.mp4",470,"2026-09-21 18:04:02.865612","VEH_003","motorcycle","UNK","UNK","UNK","black","0.00","UNK","2026-09-22 04:21:32.354442","2026-09-22 04:21:32.354442"
"S25U","INFER_S25U_VEH_ROOF_20260921_180355.mp4",470,"2026-09-21 18:04:02.865612","VEH_004","motorcycle","UNK","UNK","UNK","black","0.00","UNK","2026-09-22 04:21:32.354442","2026-09-22 04:21:32.354442"
"S25U","INFER_S25U_VEH_ROOF_20260921_180355.mp4",470,"2026-09-21 18:04:02.865612","VEH_005","motorcycle","UNK","UNK","UNK","gray","0.00","UNK","2026-09-22 04:21:32.354442","2026-09-22 04:21:32.354442"
"S25U","INFER_S25U_VEH_ROOF_20260921_180355.mp4",470,"2026-09-21 18:04:02.865612","VEH_006","motorcycle","UNK","UNK","UNK","gray","0.00","UNK","2026-09-22 04:21:32.354442","2026-09-22 04:21:32.354442"
"S25U","INFER_S25U_VEH_ROOF_20260921_180355.mp4",470,"2026-09-21 18:04:02.865612","VEH_007","motorcycle","UNK","UNK","UNK","gray","0.00","UNK","2026-09-22 04:21:32.354442","2026-09-22 04:21:32.354442"
"S25U","INFER_S25U_VEH_ROOF_20260921_180355.mp4",470,"2026-09-21 18:04:02.865612","VEH_008","motorcycle","UNK","UNK","UNK","gray","0.00","UNK","2026-09-22 04:21:32.354442","2026-09-22 04:21:32.354442"
"S25U","INFER_S25U_VEH_ROOF_20260921_180355.mp4",470,"2026-09-21 18:04:02.865612","VEH_009","motorcycle","UNK","UNK","UNK","gray","0.00","UNK","2026-09-22 04:21:32.354442","2026-09-22 04:21:32.354442"
"S25U","INFER_S25U_VEH_ROOF_20260921_180355.mp4",470,"2026-09-21 18:04:02.865612","VEH_010","motorcycle","UNK","UNK","UNK","gray","0.00","UNK","2026-09-22 04:21:32.354442","2026-09-22 04:21:32.354442"
"S25U","INFER_S25U_VEH_ROOF_20260921_180355.mp4",470,"2026-09-21 18:04:02.865612","VEH_011","motorcycle","UNK","UNK","UNK","gray","0.00","UNK","2026-09-22 04:21:32.354442","2026-09-22 04:21:32.354442"
"S25U","INFER_S25U_VEH_ROOF_20260921_180355.mp4",470,"2026-09-21 18:04:02.865612","VEH_012","motorcycle","UNK","UNK","UNK","gray","0.00","UNK","2026-09-22 04:21:32.354442","2026-09-22 04:21:32.354442"
"S25U","INFER_S25U_VEH_ROOF_20260921_180355.mp4",470,"2026-09-21 18:04:02.865612","VEH_013","motorcycle","UNK","UNK","UNK","gray","0.00","UNK","2026-09-22 04:21:32.354442","2026-09-22 04:21:32.354442"
"S25U","INFER_S25U_VEH_ROOF_20260921_180355.mp4",470,"2026-09-21 18:04:02.865612","VEH_014","motorcycle","UNK","UNK","UNK","gray","0.00","UNK","2026-09-22 04:21:32.354442","2026-09-22 04:21:32.354442"
"S25U","INFER_S25U_VEH_ROOF_20260921_180355.mp4",470,"2026-09-21 18:04:02.865612","VEH_015","motorcycle","UNK","UNK","UNK","red","0.00","UNK","2026-09-22 04:21:32.354442","2026-09-22 04:21:32.354442"
"S25U","INFER_S25U_VEH_ROOF_20260921_180355.mp4",470,"2026-09-21 18:04:02.865612","VEH_016","motorcycle","UNK","UNK","UNK","black","0.00","UNK","2026-09-22 04:21:32.354442","2026-09-22 04:21:32.354442"
"S25U","INFER_S25U_VEH_ROOF_20260921_180355.mp4",470,"2026-09-21 18:04:02.865612","VEH_017","motorcycle","UNK","UNK","UNK","black","0.00","UNK","2026-09-22 04:21:32.354442","2026-09-22 04:21:32.354442"
"S25U","INFER_S25U_VEH_ROOF_20260921_180355.mp4",470,"2026-09-21 18:04:02.865612","VEH_018","motorcycle","UNK","UNK","UNK","black","0.00","UNK","2026-09-22 04:21:32.354442","2026-09-22 04:21:32.354442"
"S25U","INFER_S25U_VEH_ROOF_20260921_180355.mp4",470,"2026-09-21 18:04:02.865612","VEH_019","motorcycle","UNK","UNK","UNK","black","0.00","UNK","2026-09-22 04:21:32.354442","2026-09-22 04:21:32.354442"
"S25U","INFER_S25U_VEH_ROOF_20260921_180355.mp4",470,"2026-09-21 18:04:02.865612","VEH_020","motorcycle","UNK","UNK","UNK","UNK","0.00","UNK","2026-09-22 04:21:32.354442","2026-09-22 04:21:32.354442"
"S25U","INFER_S25U_VEH_ROOF_20260921_180355.mp4",470,"2026-09-21 18:04:02.865612","VEH_021","motorcycle","UNK","UNK","UNK","UNK","0.00","UNK","2026-09-22 04:21:32.354442","2026-09-22 04:21:32.354442"
"S25U","INFER_S25U_VEH_ROOF_20260921_180355.mp4",470,"2026-09-21 18:04:02.865612","VEH_022","motorcycle","UNK","UNK","UNK","UNK","0.00","UNK","2026-09-22 04:21:32.354442","2026-09-22 04:21:32.354442"
"S25U","INFER_S25U_VEH_ROOF_20260921_180355.mp4",470,"2026-09-21 18:04:02.865612","VEH_023","motorcycle","UNK","UNK","UNK","gray","0.00","UNK","2026-09-22 04:21:32.354442","2026-09-22 04:21:32.354442"
"S25U","INFER_S25U_VEH_ROOF_20260921_180355.mp4",470,"2026-09-21 18:04:02.865612","VEH_024","motorcycle","UNK","UNK","UNK","gray","0.00","UNK","2026-09-22 04:21:32.354442","2026-09-22 04:21:32.354442"
"S25U","INFER_S25U_VEH_ROOF_20260921_180355.mp4",470,"2026-09-21 18:04:02.865612","VEH_025","motorcycle","UNK","UNK","UNK","gray","0.00","UNK","2026-09-22 04:21:32.354442","2026-09-22 04:21:32.354442"
"S25U","INFER_S25U_VEH_ROOF_20260921_180355.mp4",470,"2026-09-21 18:04:02.865612","VEH_026","motorcycle","UNK","UNK","UNK","gray","0.00","UNK","2026-09-22 04:21:32.354442","2026-09-22 04:21:32.354442"
"S25U","INFER_S25U_VEH_ROOF_20260921_180355.mp4",470,"2026-09-21 18:04:02.865612","VEH_027","motorcycle","UNK","UNK","UNK","gray","0.00","UNK","2026-09-22 04:21:32.354442","2026-09-22 04:21:32.354442"
"S25U","INFER_S25U_VEH_ROOF_20260921_180355.mp4",470,"2026-09-21 18:04:02.865612","VEH_028","motorcycle","UNK","UNK","UNK","black","0.00","UNK","2026-09-22 04:21:32.354442","2026-09-22 04:21:32.354442"
"S25U","INFER_S25U_VEH_ROOF_20260921_180355.mp4",470,"2026-09-21 18:04:02.865612","VEH_029","motorcycle","UNK","UNK","UNK","black","0.00","UNK","2026-09-22 04:21:32.354442","2026-09-22 04:21:32.354442"
"S25U","INFER_S25U_VEH_ROOF_20260921_180355.mp4",470,"2026-09-21 18:04:02.865612","VEH_030","motorcycle","UNK","UNK","UNK","black","0.00","UNK","2026-09-22 04:21:32.354442","2026-09-22 04:21:32.354442"
"S25U","INFER_S25U_VEH_ROOF_20260921_180355.mp4",470,"2026-09-21 18:04:02.865612","VEH_031","motorcycle","UNK","UNK","UNK","UNK","0.00","UNK","2026-09-22 04:21:32.354442","2026-09-22 04:21:32.354442"
"S25U","INFER_S25U_VEH_ROOF_20260921_180355.mp4",470,"2026-09-21 18:04:02.865612","VEH_032","motorcycle","UNK","UNK","UNK","UNK","0.00","UNK","2026-09-22 04:21:32.354442","2026-09-22 04:21:32.354442"
"S25U","INFER_S25U_VEH_ROOF_20260921_180355.mp4",470,"2026-09-21 18:04:02.865612","VEH_033","motorcycle","UNK","UNK","UNK","UNK","0.00","UNK","2026-09-22 04:21:32.354442","2026-09-22 04:21:32.354442"
"S25U","INFER_S25U_VEH_ROOF_20260921_180355.mp4",470,"2026-09-21 18:04:02.865612","VEH_034","motorcycle","UNK","UNK","UNK","gray","0.00","UNK","2026-09-22 04:21:32.354442","2026-09-22 04:21:32.354442"
"S25U","INFER_S25U_VEH_ROOF_20260921_180355.mp4",470,"2026-09-21 18:04:02.865612","VEH_035","motorcycle","UNK","UNK","UNK","black","0.00","UNK","2026-09-22 04:21:32.354442","2026-09-22 04:21:32.354442"
"S25U","INFER_S25U_VEH_ROOF_20260921_180355.mp4",470,"2026-09-21 18:04:02.865612","VEH_036","motorcycle","UNK","UNK","UNK","red","0.00","UNK","2026-09-22 04:21:32.354442","2026-09-22 04:21:32.354442"
"S25U","INFER_S25U_VEH_ROOF_20260921_180355.mp4",470,"2026-09-21 18:04:02.865612","VEH_037","motorcycle","UNK","UNK","UNK","UNK","0.00","UNK","2026-09-22 04:21:32.354442","2026-09-22 04:21:32.354442"
"S25U","INFER_S25U_VEH_ROOF_20260921_180355.mp4",470,"2026-09-21 18:04:02.865612","VEH_038","motorcycle","UNK","UNK","UNK","gray","0.00","UNK","2026-09-22 04:21:32.354442","2026-09-22 04:21:32.354442"
"S25U","INFER_S25U_VEH_ROOF_20260921_180355.mp4",470,"2026-09-21 18:04:02.865612","VEH_039","motorcycle","UNK","UNK","UNK","black","0.00","UNK","2026-09-22 04:21:32.354442","2026-09-22 04:21:32.354442"
"S25U","INFER_S25U_VEH_ROOF_20260921_180355.mp4",470,"2026-09-21 18:04:02.865612","VEH_040","motorcycle","UNK","UNK","UNK","gray","0.00","UNK","2026-09-22 04:21:32.354442","2026-09-22 04:21:32.354442"
"S25U","INFER_S25U_VEH_ROOF_20260921_180355.mp4",470,"2026-09-21 18:04:02.865612","VEH_041","motorcycle","UNK","UNK","UNK","black","0.00","UNK","2026-09-22 04:21:32.354442","2026-09-22 04:21:32.354442"
"S25U","INFER_S25U_VEH_ROOF_20260921_180355.mp4",470,"2026-09-21 18:04:02.865612","VEH_042","motorcycle","UNK","UNK","UNK","black","0.00","UNK","2026-09-22 04:21:32.354442","2026-09-22 04:21:32.354442"
"S25U","INFER_S25U_VEH_ROOF_20260921_180355.mp4",470,"2026-09-21 18:04:02.865612","VEH_043","motorcycle","UNK","UNK","UNK","black","0.00","UNK","2026-09-22 04:21:32.354442","2026-09-22 04:21:32.354442"
"S25U","INFER_S25U_VEH_ROOF_20260921_180355.mp4",470,"2026-09-21 18:04:02.865612","VEH_044","motorcycle","UNK","UNK","UNK","black","0.00","UNK","2026-09-22 04:21:32.354442","2026-09-22 04:21:32.354442"
"S25U","INFER_S25U_VEH_ROOF_20260921_180355.mp4",470,"2026-09-21 18:04:02.865612","VEH_045","motorcycle","UNK","UNK","UNK","black","0.00","UNK","2026-09-22 04:21:32.354442","2026-09-22 04:21:32.354442"
"S25U","INFER_S25U_VEH_ROOF_20260921_180355.mp4",470,"2026-09-21 18:04:02.865612","VEH_046","bus","UNK","UNK","UNK","gray","0.00","UNK","2026-09-22 04:21:32.354442","2026-09-22 04:21:32.354442"
"S25U","INFER_S25U_VEH_ROOF_20260921_180355.mp4",470,"2026-09-21 18:04:02.865612","VEH_047","motorcycle","UNK","UNK","UNK","black","0.00","UNK","2026-09-22 04:21:32.354442","2026-09-22 04:21:32.354442"
"S25U","INFER_S25U_VEH_ROOF_20260921_180355.mp4",470,"2026-09-21 18:04:02.865612","VEH_048","truck","UNK","UNK","UNK","UNK","0.00","UNK","2026-09-22 04:21:32.354442","2026-09-22 04:21:32.354442"
"S25U","INFER_S25U_VEH_ROOF_20260921_180355.mp4",470,"2026-09-21 18:04:02.865612","VEH_049","motorcycle","UNK","UNK","UNK","black","0.00","UNK","2026-09-22 04:21:32.354442","2026-09-22 04:21:32.354442"
"S25U","INFER_S25U_VEH_ROOF_20260921_180355.mp4",480,"2026-09-21 18:04:03.032966","VEH_001","motorcycle","UNK","UNK","UNK","gray","0.00","UNK","2026-09-22 04:21:34.782781","2026-09-22 04:21:34.782781"
"S25U","INFER_S25U_VEH_ROOF_20260921_180355.mp4",480,"2026-09-21 18:04:03.032966","VEH_002","motorcycle","UNK","UNK","UNK","UNK","0.00","UNK","2026-09-22 04:21:34.782781","2026-09-22 04:21:34.782781"
"S25U","INFER_S25U_VEH_ROOF_20260921_180355.mp4",480,"2026-09-21 18:04:03.032966","VEH_003","motorcycle","UNK","UNK","UNK","gray","0.00","UNK","2026-09-22 04:21:34.782781","2026-09-22 04:21:34.782781"
"S25U","INFER_S25U_VEH_ROOF_20260921_180355.mp4",480,"2026-09-21 18:04:03.032966","VEH_004","motorcycle","UNK","UNK","UNK","UNK","0.00","UNK","2026-09-22 04:21:34.782781","2026-09-22 04:21:34.782781"
"S25U","INFER_S25U_VEH_ROOF_20260921_180355.mp4",480,"2026-09-21 18:04:03.032966","VEH_005","motorcycle","UNK","UNK","UNK","gray","0.00","UNK","2026-09-22 04:21:34.782781","2026-09-22 04:21:34.782781"
"S25U","INFER_S25U_VEH_ROOF_20260921_180355.mp4",480,"2026-09-21 18:04:03.032966","VEH_006","motorcycle","UNK","UNK","UNK","gray","0.00","UNK","2026-09-22 04:21:34.782781","2026-09-22 04:21:34.782781"
"S25U","INFER_S25U_VEH_ROOF_20260921_180355.mp4",480,"2026-09-21 18:04:03.032966","VEH_007","motorcycle","UNK","UNK","UNK","gray","0.00","UNK","2026-09-22 04:21:34.782781","2026-09-22 04:21:34.782781"
"S25U","INFER_S25U_VEH_ROOF_20260921_180355.mp4",480,"2026-09-21 18:04:03.032966","VEH_008","motorcycle","UNK","UNK","UNK","black","0.00","UNK","2026-09-22 04:21:34.782781","2026-09-22 04:21:34.782781"
"S25U","INFER_S25U_VEH_ROOF_20260921_180355.mp4",480,"2026-09-21 18:04:03.032966","VEH_009","motorcycle","UNK","UNK","UNK","gray","0.00","UNK","2026-09-22 04:21:34.782781","2026-09-22 04:21:34.782781"
"S25U","INFER_S25U_VEH_ROOF_20260921_180355.mp4",480,"2026-09-21 18:04:03.032966","VEH_010","motorcycle","UNK","UNK","UNK","gray","0.00","UNK","2026-09-22 04:21:34.782781","2026-09-22 04:21:34.782781"
"S25U","INFER_S25U_VEH_ROOF_20260921_180355.mp4",480,"2026-09-21 18:04:03.032966","VEH_011","motorcycle","UNK","UNK","UNK","gray","0.00","UNK","2026-09-22 04:21:34.782781","2026-09-22 04:21:34.782781"
"S25U","INFER_S25U_VEH_ROOF_20260921_180355.mp4",480,"2026-09-21 18:04:03.032966","VEH_012","motorcycle","UNK","UNK","UNK","gray","0.00","UNK","2026-09-22 04:21:34.782781","2026-09-22 04:21:34.782781"
"S25U","INFER_S25U_VEH_ROOF_20260921_180355.mp4",480,"2026-09-21 18:04:03.032966","VEH_013","motorcycle","UNK","UNK","UNK","gray","0.00","UNK","2026-09-22 04:21:34.782781","2026-09-22 04:21:34.782781"
"S25U","INFER_S25U_VEH_ROOF_20260921_180355.mp4",480,"2026-09-21 18:04:03.032966","VEH_014","motorcycle","UNK","UNK","UNK","gray","0.00","UNK","2026-09-22 04:21:34.782781","2026-09-22 04:21:34.782781"
"S25U","INFER_S25U_VEH_ROOF_20260921_180355.mp4",480,"2026-09-21 18:04:03.032966","VEH_015","motorcycle","UNK","UNK","UNK","black","0.00","UNK","2026-09-22 04:21:34.782781","2026-09-22 04:21:34.782781"
"S25U","INFER_S25U_VEH_ROOF_20260921_180355.mp4",480,"2026-09-21 18:04:03.032966","VEH_016","motorcycle","UNK","UNK","UNK","red","0.00","UNK","2026-09-22 04:21:34.782781","2026-09-22 04:21:34.782781"
"S25U","INFER_S25U_VEH_ROOF_20260921_180355.mp4",480,"2026-09-21 18:04:03.032966","VEH_017","motorcycle","UNK","UNK","UNK","black","0.00","UNK","2026-09-22 04:21:34.782781","2026-09-22 04:21:34.782781"
"S25U","INFER_S25U_VEH_ROOF_20260921_180355.mp4",480,"2026-09-21 18:04:03.032966","VEH_018","motorcycle","UNK","UNK","UNK","black","0.00","UNK","2026-09-22 04:21:34.782781","2026-09-22 04:21:34.782781"
"S25U","INFER_S25U_VEH_ROOF_20260921_180355.mp4",480,"2026-09-21 18:04:03.032966","VEH_019","motorcycle","UNK","UNK","UNK","black","0.00","UNK","2026-09-22 04:21:34.782781","2026-09-22 04:21:34.782781"
"S25U","INFER_S25U_VEH_ROOF_20260921_180355.mp4",480,"2026-09-21 18:04:03.032966","VEH_020","motorcycle","UNK","UNK","UNK","UNK","0.00","UNK","2026-09-22 04:21:34.782781","2026-09-22 04:21:34.782781"
"S25U","INFER_S25U_VEH_ROOF_20260921_180355.mp4",480,"2026-09-21 18:04:03.032966","VEH_021","motorcycle","UNK","UNK","UNK","UNK","0.00","UNK","2026-09-22 04:21:34.782781","2026-09-22 04:21:34.782781"
"S25U","INFER_S25U_VEH_ROOF_20260921_180355.mp4",480,"2026-09-21 18:04:03.032966","VEH_022","motorcycle","UNK","UNK","UNK","black","0.00","UNK","2026-09-22 04:21:34.782781","2026-09-22 04:21:34.782781"
"S25U","INFER_S25U_VEH_ROOF_20260921_180355.mp4",480,"2026-09-21 18:04:03.032966","VEH_023","motorcycle","UNK","UNK","UNK","gray","0.00","UNK","2026-09-22 04:21:34.782781","2026-09-22 04:21:34.782781"
"S25U","INFER_S25U_VEH_ROOF_20260921_180355.mp4",480,"2026-09-21 18:04:03.032966","VEH_024","motorcycle","UNK","UNK","UNK","gray","0.00","UNK","2026-09-22 04:21:34.782781","2026-09-22 04:21:34.782781"
"S25U","INFER_S25U_VEH_ROOF_20260921_180355.mp4",480,"2026-09-21 18:04:03.032966","VEH_025","motorcycle","UNK","UNK","UNK","black","0.00","UNK","2026-09-22 04:21:34.782781","2026-09-22 04:21:34.782781"
"S25U","INFER_S25U_VEH_ROOF_20260921_180355.mp4",480,"2026-09-21 18:04:03.032966","VEH_026","motorcycle","UNK","UNK","UNK","red","0.00","UNK","2026-09-22 04:21:34.782781","2026-09-22 04:21:34.782781"
"S25U","INFER_S25U_VEH_ROOF_20260921_180355.mp4",480,"2026-09-21 18:04:03.032966","VEH_027","motorcycle","UNK","UNK","UNK","black","0.00","UNK","2026-09-22 04:21:34.782781","2026-09-22 04:21:34.782781"
"S25U","INFER_S25U_VEH_ROOF_20260921_180355.mp4",480,"2026-09-21 18:04:03.032966","VEH_028","motorcycle","UNK","UNK","UNK","black","0.00","UNK","2026-09-22 04:21:34.782781","2026-09-22 04:21:34.782781"
"S25U","INFER_S25U_VEH_ROOF_20260921_180355.mp4",480,"2026-09-21 18:04:03.032966","VEH_029","motorcycle","UNK","UNK","UNK","UNK","0.00","UNK","2026-09-22 04:21:34.782781","2026-09-22 04:21:34.782781"
"S25U","INFER_S25U_VEH_ROOF_20260921_180355.mp4",480,"2026-09-21 18:04:03.032966","VEH_030","motorcycle","UNK","UNK","UNK","UNK","0.00","UNK","2026-09-22 04:21:34.782781","2026-09-22 04:21:34.782781"
"S25U","INFER_S25U_VEH_ROOF_20260921_180355.mp4",480,"2026-09-21 18:04:03.032966","VEH_031","motorcycle","UNK","UNK","UNK","UNK","0.00","UNK","2026-09-22 04:21:34.782781","2026-09-22 04:21:34.782781"
"S25U","INFER_S25U_VEH_ROOF_20260921_180355.mp4",480,"2026-09-21 18:04:03.032966","VEH_032","motorcycle","UNK","UNK","UNK","gray","0.00","UNK","2026-09-22 04:21:34.782781","2026-09-22 04:21:34.782781"
"S25U","INFER_S25U_VEH_ROOF_20260921_180355.mp4",480,"2026-09-21 18:04:03.032966","VEH_033","motorcycle","UNK","UNK","UNK","black","0.00","UNK","2026-09-22 04:21:34.782781","2026-09-22 04:21:34.782781"
"S25U","INFER_S25U_VEH_ROOF_20260921_180355.mp4",480,"2026-09-21 18:04:03.032966","VEH_034","motorcycle","UNK","UNK","UNK","black","0.00","UNK","2026-09-22 04:21:34.782781","2026-09-22 04:21:34.782781"
"S25U","INFER_S25U_VEH_ROOF_20260921_180355.mp4",480,"2026-09-21 18:04:03.032966","VEH_035","motorcycle","UNK","UNK","UNK","UNK","0.00","UNK","2026-09-22 04:21:34.782781","2026-09-22 04:21:34.782781"
"S25U","INFER_S25U_VEH_ROOF_20260921_180355.mp4",480,"2026-09-21 18:04:03.032966","VEH_036","motorcycle","UNK","UNK","UNK","gray","0.00","UNK","2026-09-22 04:21:34.782781","2026-09-22 04:21:34.782781"
"S25U","INFER_S25U_VEH_ROOF_20260921_180355.mp4",480,"2026-09-21 18:04:03.032966","VEH_037","motorcycle","UNK","UNK","UNK","gray","0.00","UNK","2026-09-22 04:21:34.782781","2026-09-22 04:21:34.782781"
"S25U","INFER_S25U_VEH_ROOF_20260921_180355.mp4",480,"2026-09-21 18:04:03.032966","VEH_038","motorcycle","UNK","UNK","UNK","UNK","0.00","UNK","2026-09-22 04:21:34.782781","2026-09-22 04:21:34.782781"
"S25U","INFER_S25U_VEH_ROOF_20260921_180355.mp4",480,"2026-09-21 18:04:03.032966","VEH_039","motorcycle","UNK","UNK","UNK","gray","0.00","UNK","2026-09-22 04:21:34.782781","2026-09-22 04:21:34.782781"
"S25U","INFER_S25U_VEH_ROOF_20260921_180355.mp4",480,"2026-09-21 18:04:03.032966","VEH_040","motorcycle","UNK","UNK","UNK","black","0.00","UNK","2026-09-22 04:21:34.782781","2026-09-22 04:21:34.782781"
"S25U","INFER_S25U_VEH_ROOF_20260921_180355.mp4",480,"2026-09-21 18:04:03.032966","VEH_041","motorcycle","UNK","UNK","UNK","black","0.00","UNK","2026-09-22 04:21:34.782781","2026-09-22 04:21:34.782781"
"S25U","INFER_S25U_VEH_ROOF_20260921_180355.mp4",480,"2026-09-21 18:04:03.032966","VEH_042","motorcycle","UNK","UNK","UNK","black","0.00","UNK","2026-09-22 04:21:34.782781","2026-09-22 04:21:34.782781"
"S25U","INFER_S25U_VEH_ROOF_20260921_180355.mp4",480,"2026-09-21 18:04:03.032966","VEH_043","motorcycle","UNK","UNK","UNK","black","0.00","UNK","2026-09-22 04:21:34.782781","2026-09-22 04:21:34.782781"
"S25U","INFER_S25U_VEH_ROOF_20260921_180355.mp4",480,"2026-09-21 18:04:03.032966","VEH_044","motorcycle","UNK","UNK","UNK","gray","0.00","UNK","2026-09-22 04:21:34.782781","2026-09-22 04:21:34.782781"
"S25U","INFER_S25U_VEH_ROOF_20260921_180355.mp4",480,"2026-09-21 18:04:03.032966","VEH_045","motorcycle","UNK","UNK","UNK","gray","0.00","UNK","2026-09-22 04:21:34.782781","2026-09-22 04:21:34.782781"
"S25U","INFER_S25U_VEH_ROOF_20260921_180355.mp4",480,"2026-09-21 18:04:03.032966","VEH_046","motorcycle","UNK","UNK","UNK","black","0.00","UNK","2026-09-22 04:21:34.782781","2026-09-22 04:21:34.782781"
"S25U","INFER_S25U_VEH_ROOF_20260921_180355.mp4",480,"2026-09-21 18:04:03.032966","VEH_047","bus","UNK","UNK","UNK","gray","0.00","UNK","2026-09-22 04:21:34.782781","2026-09-22 04:21:34.782781"
"S25U","INFER_S25U_VEH_ROOF_20260921_180355.mp4",490,"2026-09-21 18:04:03.200319","VEH_001","motorcycle","UNK","UNK","UNK","gray","0.00","UNK","2026-09-22 04:21:36.940107","2026-09-22 04:21:36.940107"
"S25U","INFER_S25U_VEH_ROOF_20260921_180355.mp4",490,"2026-09-21 18:04:03.200319","VEH_002","motorcycle","UNK","UNK","UNK","gray","0.00","UNK","2026-09-22 04:21:36.940107","2026-09-22 04:21:36.940107"
"S25U","INFER_S25U_VEH_ROOF_20260921_180355.mp4",490,"2026-09-21 18:04:03.200319","VEH_003","motorcycle","UNK","UNK","UNK","black","0.00","UNK","2026-09-22 04:21:36.940107","2026-09-22 04:21:36.940107"
"S25U","INFER_S25U_VEH_ROOF_20260921_180355.mp4",490,"2026-09-21 18:04:03.200319","VEH_004","motorcycle","UNK","UNK","UNK","red","0.00","UNK","2026-09-22 04:21:36.940107","2026-09-22 04:21:36.940107"
"S25U","INFER_S25U_VEH_ROOF_20260921_180355.mp4",490,"2026-09-21 18:04:03.200319","VEH_005","motorcycle","UNK","UNK","UNK","gray","0.00","UNK","2026-09-22 04:21:36.940107","2026-09-22 04:21:36.940107"
"S25U","INFER_S25U_VEH_ROOF_20260921_180355.mp4",490,"2026-09-21 18:04:03.200319","VEH_006","motorcycle","UNK","UNK","UNK","gray","0.00","UNK","2026-09-22 04:21:36.940107","2026-09-22 04:21:36.940107"
"S25U","INFER_S25U_VEH_ROOF_20260921_180355.mp4",490,"2026-09-21 18:04:03.200319","VEH_007","motorcycle","UNK","UNK","UNK","gray","0.00","UNK","2026-09-22 04:21:36.940107","2026-09-22 04:21:36.940107"
"S25U","INFER_S25U_VEH_ROOF_20260921_180355.mp4",490,"2026-09-21 18:04:03.200319","VEH_008","motorcycle","UNK","UNK","UNK","gray","0.00","UNK","2026-09-22 04:21:36.940107","2026-09-22 04:21:36.940107"
"S25U","INFER_S25U_VEH_ROOF_20260921_180355.mp4",490,"2026-09-21 18:04:03.200319","VEH_009","motorcycle","UNK","UNK","UNK","gray","0.00","UNK","2026-09-22 04:21:36.940107","2026-09-22 04:21:36.940107"
"S25U","INFER_S25U_VEH_ROOF_20260921_180355.mp4",490,"2026-09-21 18:04:03.200319","VEH_010","motorcycle","UNK","UNK","UNK","gray","0.00","UNK","2026-09-22 04:21:36.940107","2026-09-22 04:21:36.940107"
"S25U","INFER_S25U_VEH_ROOF_20260921_180355.mp4",490,"2026-09-21 18:04:03.200319","VEH_011","motorcycle","UNK","UNK","UNK","gray","0.00","UNK","2026-09-22 04:21:36.940107","2026-09-22 04:21:36.940107"
"S25U","INFER_S25U_VEH_ROOF_20260921_180355.mp4",490,"2026-09-21 18:04:03.200319","VEH_012","motorcycle","UNK","UNK","UNK","black","0.00","UNK","2026-09-22 04:21:36.940107","2026-09-22 04:21:36.940107"
"S25U","INFER_S25U_VEH_ROOF_20260921_180355.mp4",490,"2026-09-21 18:04:03.200319","VEH_013","motorcycle","UNK","UNK","UNK","gray","0.00","UNK","2026-09-22 04:21:36.940107","2026-09-22 04:21:36.940107"
"S25U","INFER_S25U_VEH_ROOF_20260921_180355.mp4",490,"2026-09-21 18:04:03.200319","VEH_014","motorcycle","UNK","UNK","UNK","gray","0.00","UNK","2026-09-22 04:21:36.940107","2026-09-22 04:21:36.940107"
"S25U","INFER_S25U_VEH_ROOF_20260921_180355.mp4",490,"2026-09-21 18:04:03.200319","VEH_015","motorcycle","UNK","UNK","UNK","gray","0.00","UNK","2026-09-22 04:21:36.940107","2026-09-22 04:21:36.940107"
"S25U","INFER_S25U_VEH_ROOF_20260921_180355.mp4",490,"2026-09-21 18:04:03.200319","VEH_016","motorcycle","UNK","UNK","UNK","gray","0.00","UNK","2026-09-22 04:21:36.940107","2026-09-22 04:21:36.940107"
"S25U","INFER_S25U_VEH_ROOF_20260921_180355.mp4",490,"2026-09-21 18:04:03.200319","VEH_017","motorcycle","UNK","UNK","UNK","black","0.00","UNK","2026-09-22 04:21:36.940107","2026-09-22 04:21:36.940107"
"S25U","INFER_S25U_VEH_ROOF_20260921_180355.mp4",490,"2026-09-21 18:04:03.200319","VEH_018","motorcycle","UNK","UNK","UNK","gray","0.00","UNK","2026-09-22 04:21:36.940107","2026-09-22 04:21:36.940107"
"S25U","INFER_S25U_VEH_ROOF_20260921_180355.mp4",490,"2026-09-21 18:04:03.200319","VEH_019","motorcycle","UNK","UNK","UNK","red","0.00","UNK","2026-09-22 04:21:36.940107","2026-09-22 04:21:36.940107"
"S25U","INFER_S25U_VEH_ROOF_20260921_180355.mp4",490,"2026-09-21 18:04:03.200319","VEH_020","motorcycle","UNK","UNK","UNK","black","0.00","UNK","2026-09-22 04:21:36.940107","2026-09-22 04:21:36.940107"
"S25U","INFER_S25U_VEH_ROOF_20260921_180355.mp4",490,"2026-09-21 18:04:03.200319","VEH_021","motorcycle","UNK","UNK","UNK","black","0.00","UNK","2026-09-22 04:21:36.940107","2026-09-22 04:21:36.940107"
"S25U","INFER_S25U_VEH_ROOF_20260921_180355.mp4",490,"2026-09-21 18:04:03.200319","VEH_022","motorcycle","UNK","UNK","UNK","black","0.00","UNK","2026-09-22 04:21:36.940107","2026-09-22 04:21:36.940107"
"S25U","INFER_S25U_VEH_ROOF_20260921_180355.mp4",490,"2026-09-21 18:04:03.200319","VEH_023","motorcycle","UNK","UNK","UNK","UNK","0.00","UNK","2026-09-22 04:21:36.940107","2026-09-22 04:21:36.940107"
"S25U","INFER_S25U_VEH_ROOF_20260921_180355.mp4",490,"2026-09-21 18:04:03.200319","VEH_024","motorcycle","UNK","UNK","UNK","gray","0.00","UNK","2026-09-22 04:21:36.940107","2026-09-22 04:21:36.940107"
"S25U","INFER_S25U_VEH_ROOF_20260921_180355.mp4",490,"2026-09-21 18:04:03.200319","VEH_025","motorcycle","UNK","UNK","UNK","gray","0.00","UNK","2026-09-22 04:21:36.940107","2026-09-22 04:21:36.940107"
"S25U","INFER_S25U_VEH_ROOF_20260921_180355.mp4",490,"2026-09-21 18:04:03.200319","VEH_026","motorcycle","UNK","UNK","UNK","gray","0.00","UNK","2026-09-22 04:21:36.940107","2026-09-22 04:21:36.940107"
"S25U","INFER_S25U_VEH_ROOF_20260921_180355.mp4",490,"2026-09-21 18:04:03.200319","VEH_027","motorcycle","UNK","UNK","UNK","gray","0.00","UNK","2026-09-22 04:21:36.940107","2026-09-22 04:21:36.940107"
"S25U","INFER_S25U_VEH_ROOF_20260921_180355.mp4",490,"2026-09-21 18:04:03.200319","VEH_028","motorcycle","UNK","UNK","UNK","black","0.00","UNK","2026-09-22 04:21:36.940107","2026-09-22 04:21:36.940107"
"S25U","INFER_S25U_VEH_ROOF_20260921_180355.mp4",490,"2026-09-21 18:04:03.200319","VEH_029","motorcycle","UNK","UNK","UNK","black","0.00","UNK","2026-09-22 04:21:36.940107","2026-09-22 04:21:36.940107"
"S25U","INFER_S25U_VEH_ROOF_20260921_180355.mp4",490,"2026-09-21 18:04:03.200319","VEH_030","motorcycle","UNK","UNK","UNK","black","0.00","UNK","2026-09-22 04:21:36.940107","2026-09-22 04:21:36.940107"
"S25U","INFER_S25U_VEH_ROOF_20260921_180355.mp4",490,"2026-09-21 18:04:03.200319","VEH_031","motorcycle","UNK","UNK","UNK","black","0.00","UNK","2026-09-22 04:21:36.940107","2026-09-22 04:21:36.940107"
"S25U","INFER_S25U_VEH_ROOF_20260921_180355.mp4",490,"2026-09-21 18:04:03.200319","VEH_032","motorcycle","UNK","UNK","UNK","black","0.00","UNK","2026-09-22 04:21:36.940107","2026-09-22 04:21:36.940107"
"S25U","INFER_S25U_VEH_ROOF_20260921_180355.mp4",490,"2026-09-21 18:04:03.200319","VEH_033","motorcycle","UNK","UNK","UNK","UNK","0.00","UNK","2026-09-22 04:21:36.940107","2026-09-22 04:21:36.940107"
"S25U","INFER_S25U_VEH_ROOF_20260921_180355.mp4",490,"2026-09-21 18:04:03.200319","VEH_034","motorcycle","UNK","UNK","UNK","UNK","0.00","UNK","2026-09-22 04:21:36.940107","2026-09-22 04:21:36.940107"
"S25U","INFER_S25U_VEH_ROOF_20260921_180355.mp4",490,"2026-09-21 18:04:03.200319","VEH_035","motorcycle","UNK","UNK","UNK","UNK","0.00","UNK","2026-09-22 04:21:36.940107","2026-09-22 04:21:36.940107"
"S25U","INFER_S25U_VEH_ROOF_20260921_180355.mp4",490,"2026-09-21 18:04:03.200319","VEH_036","motorcycle","UNK","UNK","UNK","UNK","0.00","UNK","2026-09-22 04:21:36.940107","2026-09-22 04:21:36.940107"
"S25U","INFER_S25U_VEH_ROOF_20260921_180355.mp4",490,"2026-09-21 18:04:03.200319","VEH_037","motorcycle","UNK","UNK","UNK","gray","0.00","UNK","2026-09-22 04:21:36.940107","2026-09-22 04:21:36.940107"
"S25U","INFER_S25U_VEH_ROOF_20260921_180355.mp4",490,"2026-09-21 18:04:03.200319","VEH_038","motorcycle","UNK","UNK","UNK","black","0.00","UNK","2026-09-22 04:21:36.940107","2026-09-22 04:21:36.940107"
"S25U","INFER_S25U_VEH_ROOF_20260921_180355.mp4",490,"2026-09-21 18:04:03.200319","VEH_039","motorcycle","UNK","UNK","UNK","UNK","0.00","UNK","2026-09-22 04:21:36.940107","2026-09-22 04:21:36.940107"
"S25U","INFER_S25U_VEH_ROOF_20260921_180355.mp4",490,"2026-09-21 18:04:03.200319","VEH_040","motorcycle","UNK","UNK","UNK","UNK","0.00","UNK","2026-09-22 04:21:36.940107","2026-09-22 04:21:36.940107"
"S25U","INFER_S25U_VEH_ROOF_20260921_180355.mp4",490,"2026-09-21 18:04:03.200319","VEH_041","motorcycle","UNK","UNK","UNK","gray","0.00","UNK","2026-09-22 04:21:36.940107","2026-09-22 04:21:36.940107"
"S25U","INFER_S25U_VEH_ROOF_20260921_180355.mp4",490,"2026-09-21 18:04:03.200319","VEH_042","motorcycle","UNK","UNK","UNK","black","0.00","UNK","2026-09-22 04:21:36.940107","2026-09-22 04:21:36.940107"
"S25U","INFER_S25U_VEH_ROOF_20260921_180355.mp4",490,"2026-09-21 18:04:03.200319","VEH_043","motorcycle","UNK","UNK","UNK","black","0.00","UNK","2026-09-22 04:21:36.940107","2026-09-22 04:21:36.940107"
"S25U","INFER_S25U_VEH_ROOF_20260921_180355.mp4",490,"2026-09-21 18:04:03.200319","VEH_044","motorcycle","UNK","UNK","UNK","gray","0.00","UNK","2026-09-22 04:21:36.940107","2026-09-22 04:21:36.940107"
"S25U","INFER_S25U_VEH_ROOF_20260921_180355.mp4",490,"2026-09-21 18:04:03.200319","VEH_045","bus","UNK","UNK","UNK","gray","0.00","UNK","2026-09-22 04:21:36.940107","2026-09-22 04:21:36.940107"
"S25U","INFER_S25U_VEH_ROOF_20260921_180355.mp4",500,"2026-09-21 18:04:03.367673","VEH_001","motorcycle","UNK","UNK","UNK","gray","0.00","UNK","2026-09-22 04:21:39.266021","2026-09-22 04:21:39.266021"
"S25U","INFER_S25U_VEH_ROOF_20260921_180355.mp4",500,"2026-09-21 18:04:03.367673","VEH_002","motorcycle","UNK","UNK","UNK","red","0.00","UNK","2026-09-22 04:21:39.266021","2026-09-22 04:21:39.266021"
"S25U","INFER_S25U_VEH_ROOF_20260921_180355.mp4",500,"2026-09-21 18:04:03.367673","VEH_003","motorcycle","UNK","UNK","UNK","gray","0.00","UNK","2026-09-22 04:21:39.266021","2026-09-22 04:21:39.266021"
"S25U","INFER_S25U_VEH_ROOF_20260921_180355.mp4",500,"2026-09-21 18:04:03.367673","VEH_004","motorcycle","UNK","UNK","UNK","black","0.00","UNK","2026-09-22 04:21:39.266021","2026-09-22 04:21:39.266021"
"S25U","INFER_S25U_VEH_ROOF_20260921_180355.mp4",500,"2026-09-21 18:04:03.367673","VEH_005","motorcycle","UNK","UNK","UNK","UNK","0.00","UNK","2026-09-22 04:21:39.266021","2026-09-22 04:21:39.266021"
"S25U","INFER_S25U_VEH_ROOF_20260921_180355.mp4",500,"2026-09-21 18:04:03.367673","VEH_006","motorcycle","UNK","UNK","UNK","gray","0.00","UNK","2026-09-22 04:21:39.266021","2026-09-22 04:21:39.266021"
"S25U","INFER_S25U_VEH_ROOF_20260921_180355.mp4",500,"2026-09-21 18:04:03.367673","VEH_007","motorcycle","UNK","UNK","UNK","black","0.00","UNK","2026-09-22 04:21:39.266021","2026-09-22 04:21:39.266021"
"S25U","INFER_S25U_VEH_ROOF_20260921_180355.mp4",500,"2026-09-21 18:04:03.367673","VEH_008","motorcycle","UNK","UNK","UNK","red","0.00","UNK","2026-09-22 04:21:39.266021","2026-09-22 04:21:39.266021"
"S25U","INFER_S25U_VEH_ROOF_20260921_180355.mp4",500,"2026-09-21 18:04:03.367673","VEH_009","motorcycle","UNK","UNK","UNK","gray","0.00","UNK","2026-09-22 04:21:39.266021","2026-09-22 04:21:39.266021"
"S25U","INFER_S25U_VEH_ROOF_20260921_180355.mp4",500,"2026-09-21 18:04:03.367673","VEH_010","motorcycle","UNK","UNK","UNK","gray","0.00","UNK","2026-09-22 04:21:39.266021","2026-09-22 04:21:39.266021"
"S25U","INFER_S25U_VEH_ROOF_20260921_180355.mp4",500,"2026-09-21 18:04:03.367673","VEH_011","motorcycle","UNK","UNK","UNK","gray","0.00","UNK","2026-09-22 04:21:39.266021","2026-09-22 04:21:39.266021"
"S25U","INFER_S25U_VEH_ROOF_20260921_180355.mp4",500,"2026-09-21 18:04:03.367673","VEH_012","motorcycle","UNK","UNK","UNK","gray","0.00","UNK","2026-09-22 04:21:39.266021","2026-09-22 04:21:39.266021"
"S25U","INFER_S25U_VEH_ROOF_20260921_180355.mp4",500,"2026-09-21 18:04:03.367673","VEH_013","motorcycle","UNK","UNK","UNK","gray","0.00","UNK","2026-09-22 04:21:39.266021","2026-09-22 04:21:39.266021"
"S25U","INFER_S25U_VEH_ROOF_20260921_180355.mp4",500,"2026-09-21 18:04:03.367673","VEH_014","motorcycle","UNK","UNK","UNK","gray","0.00","UNK","2026-09-22 04:21:39.266021","2026-09-22 04:21:39.266021"
"S25U","INFER_S25U_VEH_ROOF_20260921_180355.mp4",500,"2026-09-21 18:04:03.367673","VEH_015","motorcycle","UNK","UNK","UNK","gray","0.00","UNK","2026-09-22 04:21:39.266021","2026-09-22 04:21:39.266021"
"S25U","INFER_S25U_VEH_ROOF_20260921_180355.mp4",500,"2026-09-21 18:04:03.367673","VEH_016","motorcycle","UNK","UNK","UNK","black","0.00","UNK","2026-09-22 04:21:39.266021","2026-09-22 04:21:39.266021"
"S25U","INFER_S25U_VEH_ROOF_20260921_180355.mp4",500,"2026-09-21 18:04:03.367673","VEH_017","motorcycle","UNK","UNK","UNK","black","0.00","UNK","2026-09-22 04:21:39.266021","2026-09-22 04:21:39.266021"
"S25U","INFER_S25U_VEH_ROOF_20260921_180355.mp4",500,"2026-09-21 18:04:03.367673","VEH_018","motorcycle","UNK","UNK","UNK","black","0.00","UNK","2026-09-22 04:21:39.266021","2026-09-22 04:21:39.266021"
"S25U","INFER_S25U_VEH_ROOF_20260921_180355.mp4",500,"2026-09-21 18:04:03.367673","VEH_019","motorcycle","UNK","UNK","UNK","black","0.00","UNK","2026-09-22 04:21:39.266021","2026-09-22 04:21:39.266021"
"S25U","INFER_S25U_VEH_ROOF_20260921_180355.mp4",500,"2026-09-21 18:04:03.367673","VEH_020","motorcycle","UNK","UNK","UNK","UNK","0.00","UNK","2026-09-22 04:21:39.266021","2026-09-22 04:21:39.266021"
"S25U","INFER_S25U_VEH_ROOF_20260921_180355.mp4",500,"2026-09-21 18:04:03.367673","VEH_021","motorcycle","UNK","UNK","UNK","gray","0.00","UNK","2026-09-22 04:21:39.266021","2026-09-22 04:21:39.266021"
"S25U","INFER_S25U_VEH_ROOF_20260921_180355.mp4",500,"2026-09-21 18:04:03.367673","VEH_022","motorcycle","UNK","UNK","UNK","gray","0.00","UNK","2026-09-22 04:21:39.266021","2026-09-22 04:21:39.266021"
"S25U","INFER_S25U_VEH_ROOF_20260921_180355.mp4",500,"2026-09-21 18:04:03.367673","VEH_023","motorcycle","UNK","UNK","UNK","gray","0.00","UNK","2026-09-22 04:21:39.266021","2026-09-22 04:21:39.266021"
"S25U","INFER_S25U_VEH_ROOF_20260921_180355.mp4",500,"2026-09-21 18:04:03.367673","VEH_024","motorcycle","UNK","UNK","UNK","black","0.00","UNK","2026-09-22 04:21:39.266021","2026-09-22 04:21:39.266021"
"S25U","INFER_S25U_VEH_ROOF_20260921_180355.mp4",500,"2026-09-21 18:04:03.367673","VEH_025","motorcycle","UNK","UNK","UNK","orange","0.00","UNK","2026-09-22 04:21:39.266021","2026-09-22 04:21:39.266021"
"S25U","INFER_S25U_VEH_ROOF_20260921_180355.mp4",500,"2026-09-21 18:04:03.367673","VEH_026","motorcycle","UNK","UNK","UNK","black","0.00","UNK","2026-09-22 04:21:39.266021","2026-09-22 04:21:39.266021"
"S25U","INFER_S25U_VEH_ROOF_20260921_180355.mp4",500,"2026-09-21 18:04:03.367673","VEH_027","motorcycle","UNK","UNK","UNK","UNK","0.00","UNK","2026-09-22 04:21:39.266021","2026-09-22 04:21:39.266021"
"S25U","INFER_S25U_VEH_ROOF_20260921_180355.mp4",500,"2026-09-21 18:04:03.367673","VEH_028","motorcycle","UNK","UNK","UNK","UNK","0.00","UNK","2026-09-22 04:21:39.266021","2026-09-22 04:21:39.266021"
"S25U","INFER_S25U_VEH_ROOF_20260921_180355.mp4",500,"2026-09-21 18:04:03.367673","VEH_029","motorcycle","UNK","UNK","UNK","UNK","0.00","UNK","2026-09-22 04:21:39.266021","2026-09-22 04:21:39.266021"
"S25U","INFER_S25U_VEH_ROOF_20260921_180355.mp4",500,"2026-09-21 18:04:03.367673","VEH_030","motorcycle","UNK","UNK","UNK","gray","0.00","UNK","2026-09-22 04:21:39.266021","2026-09-22 04:21:39.266021"
"S25U","INFER_S25U_VEH_ROOF_20260921_180355.mp4",500,"2026-09-21 18:04:03.367673","VEH_031","motorcycle","UNK","UNK","UNK","black","0.00","UNK","2026-09-22 04:21:39.266021","2026-09-22 04:21:39.266021"
"S25U","INFER_S25U_VEH_ROOF_20260921_180355.mp4",500,"2026-09-21 18:04:03.367673","VEH_032","motorcycle","UNK","UNK","UNK","UNK","0.00","UNK","2026-09-22 04:21:39.266021","2026-09-22 04:21:39.266021"
"S25U","INFER_S25U_VEH_ROOF_20260921_180355.mp4",500,"2026-09-21 18:04:03.367673","VEH_033","motorcycle","UNK","UNK","UNK","UNK","0.00","UNK","2026-09-22 04:21:39.266021","2026-09-22 04:21:39.266021"
"S25U","INFER_S25U_VEH_ROOF_20260921_180355.mp4",500,"2026-09-21 18:04:03.367673","VEH_034","motorcycle","UNK","UNK","UNK","gray","0.00","UNK","2026-09-22 04:21:39.266021","2026-09-22 04:21:39.266021"
"S25U","INFER_S25U_VEH_ROOF_20260921_180355.mp4",500,"2026-09-21 18:04:03.367673","VEH_035","motorcycle","UNK","UNK","UNK","black","0.00","UNK","2026-09-22 04:21:39.266021","2026-09-22 04:21:39.266021"
"S25U","INFER_S25U_VEH_ROOF_20260921_180355.mp4",500,"2026-09-21 18:04:03.367673","VEH_036","motorcycle","UNK","UNK","UNK","black","0.00","UNK","2026-09-22 04:21:39.266021","2026-09-22 04:21:39.266021"
"S25U","INFER_S25U_VEH_ROOF_20260921_180355.mp4",500,"2026-09-21 18:04:03.367673","VEH_037","motorcycle","UNK","UNK","UNK","UNK","0.00","UNK","2026-09-22 04:21:39.266021","2026-09-22 04:21:39.266021"
"S25U","INFER_S25U_VEH_ROOF_20260921_180355.mp4",500,"2026-09-21 18:04:03.367673","VEH_038","motorcycle","UNK","UNK","UNK","UNK","0.00","UNK","2026-09-22 04:21:39.266021","2026-09-22 04:21:39.266021"
"S25U","INFER_S25U_VEH_ROOF_20260921_180355.mp4",500,"2026-09-21 18:04:03.367673","VEH_039","motorcycle","UNK","UNK","UNK","black","0.00","UNK","2026-09-22 04:21:39.266021","2026-09-22 04:21:39.266021"
"S25U","INFER_S25U_VEH_ROOF_20260921_180355.mp4",500,"2026-09-21 18:04:03.367673","VEH_040","motorcycle","UNK","UNK","UNK","black","0.00","UNK","2026-09-22 04:21:39.266021","2026-09-22 04:21:39.266021"
"S25U","INFER_S25U_VEH_ROOF_20260921_180355.mp4",500,"2026-09-21 18:04:03.367673","VEH_041","bus","UNK","UNK","UNK","gray","0.00","UNK","2026-09-22 04:21:39.266021","2026-09-22 04:21:39.266021"
"S25U","INFER_S25U_VEH_ROOF_20260921_180355.mp4",500,"2026-09-21 18:04:03.367673","VEH_042","truck","UNK","UNK","UNK","UNK","0.00","UNK","2026-09-22 04:21:39.266021","2026-09-22 04:21:39.266021"
"S25U","INFER_S25U_VEH_ROOF_20260921_180355.mp4",510,"2026-09-21 18:04:03.535026","VEH_001","motorcycle","UNK","UNK","UNK","gray","0.00","UNK","2026-09-22 04:21:41.091659","2026-09-22 04:21:41.091659"
"S25U","INFER_S25U_VEH_ROOF_20260921_180355.mp4",510,"2026-09-21 18:04:03.535026","VEH_002","motorcycle","UNK","UNK","UNK","black","0.00","UNK","2026-09-22 04:21:41.091659","2026-09-22 04:21:41.091659"
"S25U","INFER_S25U_VEH_ROOF_20260921_180355.mp4",510,"2026-09-21 18:04:03.535026","VEH_003","motorcycle","UNK","UNK","UNK","black","0.00","UNK","2026-09-22 04:21:41.091659","2026-09-22 04:21:41.091659"
"S25U","INFER_S25U_VEH_ROOF_20260921_180355.mp4",510,"2026-09-21 18:04:03.535026","VEH_004","motorcycle","UNK","UNK","UNK","gray","0.00","UNK","2026-09-22 04:21:41.091659","2026-09-22 04:21:41.091659"
"S25U","INFER_S25U_VEH_ROOF_20260921_180355.mp4",510,"2026-09-21 18:04:03.535026","VEH_005","motorcycle","UNK","UNK","UNK","gray","0.00","UNK","2026-09-22 04:21:41.091659","2026-09-22 04:21:41.091659"
"S25U","INFER_S25U_VEH_ROOF_20260921_180355.mp4",510,"2026-09-21 18:04:03.535026","VEH_006","motorcycle","UNK","UNK","UNK","black","0.00","UNK","2026-09-22 04:21:41.091659","2026-09-22 04:21:41.091659"
"S25U","INFER_S25U_VEH_ROOF_20260921_180355.mp4",510,"2026-09-21 18:04:03.535026","VEH_007","motorcycle","UNK","UNK","UNK","gray","0.00","UNK","2026-09-22 04:21:41.091659","2026-09-22 04:21:41.091659"
"S25U","INFER_S25U_VEH_ROOF_20260921_180355.mp4",510,"2026-09-21 18:04:03.535026","VEH_008","motorcycle","UNK","UNK","UNK","gray","0.00","UNK","2026-09-22 04:21:41.091659","2026-09-22 04:21:41.091659"
"S25U","INFER_S25U_VEH_ROOF_20260921_180355.mp4",510,"2026-09-21 18:04:03.535026","VEH_009","motorcycle","UNK","UNK","UNK","black","0.00","UNK","2026-09-22 04:21:41.091659","2026-09-22 04:21:41.091659"
"S25U","INFER_S25U_VEH_ROOF_20260921_180355.mp4",510,"2026-09-21 18:04:03.535026","VEH_010","motorcycle","UNK","UNK","UNK","gray","0.00","UNK","2026-09-22 04:21:41.091659","2026-09-22 04:21:41.091659"
"S25U","INFER_S25U_VEH_ROOF_20260921_180355.mp4",510,"2026-09-21 18:04:03.535026","VEH_011","motorcycle","UNK","UNK","UNK","gray","0.00","UNK","2026-09-22 04:21:41.091659","2026-09-22 04:21:41.091659"
"S25U","INFER_S25U_VEH_ROOF_20260921_180355.mp4",510,"2026-09-21 18:04:03.535026","VEH_012","motorcycle","UNK","UNK","UNK","gray","0.00","UNK","2026-09-22 04:21:41.091659","2026-09-22 04:21:41.091659"
"S25U","INFER_S25U_VEH_ROOF_20260921_180355.mp4",510,"2026-09-21 18:04:03.535026","VEH_013","motorcycle","UNK","UNK","UNK","gray","0.00","UNK","2026-09-22 04:21:41.091659","2026-09-22 04:21:41.091659"
"S25U","INFER_S25U_VEH_ROOF_20260921_180355.mp4",510,"2026-09-21 18:04:03.535026","VEH_014","motorcycle","UNK","UNK","UNK","gray","0.00","UNK","2026-09-22 04:21:41.091659","2026-09-22 04:21:41.091659"
"S25U","INFER_S25U_VEH_ROOF_20260921_180355.mp4",510,"2026-09-21 18:04:03.535026","VEH_015","motorcycle","UNK","UNK","UNK","black","0.00","UNK","2026-09-22 04:21:41.091659","2026-09-22 04:21:41.091659"
"S25U","INFER_S25U_VEH_ROOF_20260921_180355.mp4",510,"2026-09-21 18:04:03.535026","VEH_016","motorcycle","UNK","UNK","UNK","black","0.00","UNK","2026-09-22 04:21:41.091659","2026-09-22 04:21:41.091659"
"S25U","INFER_S25U_VEH_ROOF_20260921_180355.mp4",510,"2026-09-21 18:04:03.535026","VEH_017","motorcycle","UNK","UNK","UNK","black","0.00","UNK","2026-09-22 04:21:41.091659","2026-09-22 04:21:41.091659"
"S25U","INFER_S25U_VEH_ROOF_20260921_180355.mp4",510,"2026-09-21 18:04:03.535026","VEH_018","motorcycle","UNK","UNK","UNK","black","0.00","UNK","2026-09-22 04:21:41.091659","2026-09-22 04:21:41.091659"
"S25U","INFER_S25U_VEH_ROOF_20260921_180355.mp4",510,"2026-09-21 18:04:03.535026","VEH_019","motorcycle","UNK","UNK","UNK","UNK","0.00","UNK","2026-09-22 04:21:41.091659","2026-09-22 04:21:41.091659"
"S25U","INFER_S25U_VEH_ROOF_20260921_180355.mp4",510,"2026-09-21 18:04:03.535026","VEH_020","motorcycle","UNK","UNK","UNK","gray","0.00","UNK","2026-09-22 04:21:41.091659","2026-09-22 04:21:41.091659"
"S25U","INFER_S25U_VEH_ROOF_20260921_180355.mp4",510,"2026-09-21 18:04:03.535026","VEH_021","motorcycle","UNK","UNK","UNK","gray","0.00","UNK","2026-09-22 04:21:41.091659","2026-09-22 04:21:41.091659"
"S25U","INFER_S25U_VEH_ROOF_20260921_180355.mp4",510,"2026-09-21 18:04:03.535026","VEH_022","motorcycle","UNK","UNK","UNK","gray","0.00","UNK","2026-09-22 04:21:41.091659","2026-09-22 04:21:41.091659"
"S25U","INFER_S25U_VEH_ROOF_20260921_180355.mp4",510,"2026-09-21 18:04:03.535026","VEH_023","motorcycle","UNK","UNK","UNK","black","0.00","UNK","2026-09-22 04:21:41.091659","2026-09-22 04:21:41.091659"
"S25U","INFER_S25U_VEH_ROOF_20260921_180355.mp4",510,"2026-09-21 18:04:03.535026","VEH_024","motorcycle","UNK","UNK","UNK","black","0.00","UNK","2026-09-22 04:21:41.091659","2026-09-22 04:21:41.091659"
"S25U","INFER_S25U_VEH_ROOF_20260921_180355.mp4",510,"2026-09-21 18:04:03.535026","VEH_025","motorcycle","UNK","UNK","UNK","UNK","0.00","UNK","2026-09-22 04:21:41.091659","2026-09-22 04:21:41.091659"
"S25U","INFER_S25U_VEH_ROOF_20260921_180355.mp4",510,"2026-09-21 18:04:03.535026","VEH_026","motorcycle","UNK","UNK","UNK","UNK","0.00","UNK","2026-09-22 04:21:41.091659","2026-09-22 04:21:41.091659"
"S25U","INFER_S25U_VEH_ROOF_20260921_180355.mp4",510,"2026-09-21 18:04:03.535026","VEH_027","motorcycle","UNK","UNK","UNK","UNK","0.00","UNK","2026-09-22 04:21:41.091659","2026-09-22 04:21:41.091659"
"S25U","INFER_S25U_VEH_ROOF_20260921_180355.mp4",510,"2026-09-21 18:04:03.535026","VEH_028","bus","UNK","UNK","UNK","gray","0.00","UNK","2026-09-22 04:21:41.091659","2026-09-22 04:21:41.091659"
"S25U","INFER_S25U_VEH_ROOF_20260921_180355.mp4",510,"2026-09-21 18:04:03.535026","VEH_029","motorcycle","UNK","UNK","UNK","black","0.00","UNK","2026-09-22 04:21:41.091659","2026-09-22 04:21:41.091659"
"S25U","INFER_S25U_VEH_ROOF_20260921_180355.mp4",510,"2026-09-21 18:04:03.535026","VEH_030","motorcycle","UNK","UNK","UNK","black","0.00","UNK","2026-09-22 04:21:41.091659","2026-09-22 04:21:41.091659"
"S25U","INFER_S25U_VEH_ROOF_20260921_180355.mp4",510,"2026-09-21 18:04:03.535026","VEH_031","motorcycle","UNK","UNK","UNK","black","0.00","UNK","2026-09-22 04:21:41.091659","2026-09-22 04:21:41.091659"
"S25U","INFER_S25U_VEH_ROOF_20260921_180355.mp4",510,"2026-09-21 18:04:03.535026","VEH_032","motorcycle","UNK","UNK","UNK","black","0.00","UNK","2026-09-22 04:21:41.091659","2026-09-22 04:21:41.091659"
"S25U","INFER_S25U_VEH_ROOF_20260921_180355.mp4",510,"2026-09-21 18:04:03.535026","VEH_033","motorcycle","UNK","UNK","UNK","UNK","0.00","UNK","2026-09-22 04:21:41.091659","2026-09-22 04:21:41.091659"
"S25U","INFER_S25U_VEH_ROOF_20260921_180355.mp4",510,"2026-09-21 18:04:03.535026","VEH_034","motorcycle","UNK","UNK","UNK","UNK","0.00","UNK","2026-09-22 04:21:41.091659","2026-09-22 04:21:41.091659"
"S25U","INFER_S25U_VEH_ROOF_20260921_180355.mp4",510,"2026-09-21 18:04:03.535026","VEH_035","motorcycle","UNK","UNK","UNK","gray","0.00","UNK","2026-09-22 04:21:41.091659","2026-09-22 04:21:41.091659"
"S25U","INFER_S25U_VEH_ROOF_20260921_180355.mp4",510,"2026-09-21 18:04:03.535026","VEH_036","motorcycle","UNK","UNK","UNK","black","0.00","UNK","2026-09-22 04:21:41.091659","2026-09-22 04:21:41.091659"
"S25U","INFER_S25U_VEH_ROOF_20260921_180355.mp4",510,"2026-09-21 18:04:03.535026","VEH_037","motorcycle","UNK","UNK","UNK","UNK","0.00","UNK","2026-09-22 04:21:41.091659","2026-09-22 04:21:41.091659"
"S25U","INFER_S25U_VEH_ROOF_20260921_180355.mp4",510,"2026-09-21 18:04:03.535026","VEH_038","motorcycle","UNK","UNK","UNK","black","0.00","UNK","2026-09-22 04:21:41.091659","2026-09-22 04:21:41.091659"
"S25U","INFER_S25U_VEH_ROOF_20260921_180355.mp4",510,"2026-09-21 18:04:03.535026","VEH_039","truck","UNK","UNK","UNK","gray","0.00","UNK","2026-09-22 04:21:41.091659","2026-09-22 04:21:41.091659"
"S25U","INFER_S25U_VEH_ROOF_20260921_180355.mp4",520,"2026-09-21 18:04:03.70238","VEH_001","motorcycle","UNK","UNK","UNK","gray","0.00","UNK","2026-09-22 04:21:43.371276","2026-09-22 04:21:43.371276"
"S25U","INFER_S25U_VEH_ROOF_20260921_180355.mp4",520,"2026-09-21 18:04:03.70238","VEH_002","motorcycle","UNK","UNK","UNK","gray","0.00","UNK","2026-09-22 04:21:43.371276","2026-09-22 04:21:43.371276"
"S25U","INFER_S25U_VEH_ROOF_20260921_180355.mp4",520,"2026-09-21 18:04:03.70238","VEH_003","motorcycle","UNK","UNK","UNK","gray","0.00","UNK","2026-09-22 04:21:43.371276","2026-09-22 04:21:43.371276"
"S25U","INFER_S25U_VEH_ROOF_20260921_180355.mp4",520,"2026-09-21 18:04:03.70238","VEH_004","motorcycle","UNK","UNK","UNK","black","0.00","UNK","2026-09-22 04:21:43.371276","2026-09-22 04:21:43.371276"
"S25U","INFER_S25U_VEH_ROOF_20260921_180355.mp4",520,"2026-09-21 18:04:03.70238","VEH_005","motorcycle","UNK","UNK","UNK","black","0.00","UNK","2026-09-22 04:21:43.371276","2026-09-22 04:21:43.371276"
"S25U","INFER_S25U_VEH_ROOF_20260921_180355.mp4",520,"2026-09-21 18:04:03.70238","VEH_006","motorcycle","UNK","UNK","UNK","UNK","0.00","UNK","2026-09-22 04:21:43.371276","2026-09-22 04:21:43.371276"
"S25U","INFER_S25U_VEH_ROOF_20260921_180355.mp4",520,"2026-09-21 18:04:03.70238","VEH_007","motorcycle","UNK","UNK","UNK","gray","0.00","UNK","2026-09-22 04:21:43.371276","2026-09-22 04:21:43.371276"
"S25U","INFER_S25U_VEH_ROOF_20260921_180355.mp4",520,"2026-09-21 18:04:03.70238","VEH_008","motorcycle","UNK","UNK","UNK","gray","0.00","UNK","2026-09-22 04:21:43.371276","2026-09-22 04:21:43.371276"
"S25U","INFER_S25U_VEH_ROOF_20260921_180355.mp4",520,"2026-09-21 18:04:03.70238","VEH_009","motorcycle","UNK","UNK","UNK","black","0.00","UNK","2026-09-22 04:21:43.371276","2026-09-22 04:21:43.371276"
"S25U","INFER_S25U_VEH_ROOF_20260921_180355.mp4",520,"2026-09-21 18:04:03.70238","VEH_010","motorcycle","UNK","UNK","UNK","gray","0.00","UNK","2026-09-22 04:21:43.371276","2026-09-22 04:21:43.371276"
"S25U","INFER_S25U_VEH_ROOF_20260921_180355.mp4",520,"2026-09-21 18:04:03.70238","VEH_011","motorcycle","UNK","UNK","UNK","gray","0.00","UNK","2026-09-22 04:21:43.371276","2026-09-22 04:21:43.371276"
"S25U","INFER_S25U_VEH_ROOF_20260921_180355.mp4",520,"2026-09-21 18:04:03.70238","VEH_012","motorcycle","UNK","UNK","UNK","gray","0.00","UNK","2026-09-22 04:21:43.371276","2026-09-22 04:21:43.371276"
"S25U","INFER_S25U_VEH_ROOF_20260921_180355.mp4",520,"2026-09-21 18:04:03.70238","VEH_013","motorcycle","UNK","UNK","UNK","gray","0.00","UNK","2026-09-22 04:21:43.371276","2026-09-22 04:21:43.371276"
"S25U","INFER_S25U_VEH_ROOF_20260921_180355.mp4",520,"2026-09-21 18:04:03.70238","VEH_014","motorcycle","UNK","UNK","UNK","gray","0.00","UNK","2026-09-22 04:21:43.371276","2026-09-22 04:21:43.371276"
"S25U","INFER_S25U_VEH_ROOF_20260921_180355.mp4",520,"2026-09-21 18:04:03.70238","VEH_015","motorcycle","UNK","UNK","UNK","black","0.00","UNK","2026-09-22 04:21:43.371276","2026-09-22 04:21:43.371276"
"S25U","INFER_S25U_VEH_ROOF_20260921_180355.mp4",520,"2026-09-21 18:04:03.70238","VEH_016","motorcycle","UNK","UNK","UNK","black","0.00","UNK","2026-09-22 04:21:43.371276","2026-09-22 04:21:43.371276"
"S25U","INFER_S25U_VEH_ROOF_20260921_180355.mp4",520,"2026-09-21 18:04:03.70238","VEH_017","motorcycle","UNK","UNK","UNK","black","0.00","UNK","2026-09-22 04:21:43.371276","2026-09-22 04:21:43.371276"
"S25U","INFER_S25U_VEH_ROOF_20260921_180355.mp4",520,"2026-09-21 18:04:03.70238","VEH_018","motorcycle","UNK","UNK","UNK","UNK","0.00","UNK","2026-09-22 04:21:43.371276","2026-09-22 04:21:43.371276"
"S25U","INFER_S25U_VEH_ROOF_20260921_180355.mp4",520,"2026-09-21 18:04:03.70238","VEH_019","motorcycle","UNK","UNK","UNK","gray","0.00","UNK","2026-09-22 04:21:43.371276","2026-09-22 04:21:43.371276"
"S25U","INFER_S25U_VEH_ROOF_20260921_180355.mp4",520,"2026-09-21 18:04:03.70238","VEH_020","motorcycle","UNK","UNK","UNK","gray","0.00","UNK","2026-09-22 04:21:43.371276","2026-09-22 04:21:43.371276"
"S25U","INFER_S25U_VEH_ROOF_20260921_180355.mp4",520,"2026-09-21 18:04:03.70238","VEH_021","motorcycle","UNK","UNK","UNK","gray","0.00","UNK","2026-09-22 04:21:43.371276","2026-09-22 04:21:43.371276"
"S25U","INFER_S25U_VEH_ROOF_20260921_180355.mp4",520,"2026-09-21 18:04:03.70238","VEH_022","motorcycle","UNK","UNK","UNK","black","0.00","UNK","2026-09-22 04:21:43.371276","2026-09-22 04:21:43.371276"
"S25U","INFER_S25U_VEH_ROOF_20260921_180355.mp4",520,"2026-09-21 18:04:03.70238","VEH_023","motorcycle","UNK","UNK","UNK","black","0.00","UNK","2026-09-22 04:21:43.371276","2026-09-22 04:21:43.371276"
"S25U","INFER_S25U_VEH_ROOF_20260921_180355.mp4",520,"2026-09-21 18:04:03.70238","VEH_024","motorcycle","UNK","UNK","UNK","black","0.00","UNK","2026-09-22 04:21:43.371276","2026-09-22 04:21:43.371276"
"S25U","INFER_S25U_VEH_ROOF_20260921_180355.mp4",520,"2026-09-21 18:04:03.70238","VEH_025","motorcycle","UNK","UNK","UNK","UNK","0.00","UNK","2026-09-22 04:21:43.371276","2026-09-22 04:21:43.371276"
"S25U","INFER_S25U_VEH_ROOF_20260921_180355.mp4",520,"2026-09-21 18:04:03.70238","VEH_026","motorcycle","UNK","UNK","UNK","UNK","0.00","UNK","2026-09-22 04:21:43.371276","2026-09-22 04:21:43.371276"
"S25U","INFER_S25U_VEH_ROOF_20260921_180355.mp4",520,"2026-09-21 18:04:03.70238","VEH_027","motorcycle","UNK","UNK","UNK","UNK","0.00","UNK","2026-09-22 04:21:43.371276","2026-09-22 04:21:43.371276"
"S25U","INFER_S25U_VEH_ROOF_20260921_180355.mp4",520,"2026-09-21 18:04:03.70238","VEH_028","motorcycle","UNK","UNK","UNK","black","0.00","UNK","2026-09-22 04:21:43.371276","2026-09-22 04:21:43.371276"
"S25U","INFER_S25U_VEH_ROOF_20260921_180355.mp4",520,"2026-09-21 18:04:03.70238","VEH_029","motorcycle","UNK","UNK","UNK","black","0.00","UNK","2026-09-22 04:21:43.371276","2026-09-22 04:21:43.371276"
"S25U","INFER_S25U_VEH_ROOF_20260921_180355.mp4",520,"2026-09-21 18:04:03.70238","VEH_030","motorcycle","UNK","UNK","UNK","UNK","0.00","UNK","2026-09-22 04:21:43.371276","2026-09-22 04:21:43.371276"
"S25U","INFER_S25U_VEH_ROOF_20260921_180355.mp4",520,"2026-09-21 18:04:03.70238","VEH_031","motorcycle","UNK","UNK","UNK","gray","0.00","UNK","2026-09-22 04:21:43.371276","2026-09-22 04:21:43.371276"
"S25U","INFER_S25U_VEH_ROOF_20260921_180355.mp4",520,"2026-09-21 18:04:03.70238","VEH_032","motorcycle","UNK","UNK","UNK","gray","0.00","UNK","2026-09-22 04:21:43.371276","2026-09-22 04:21:43.371276"
"S25U","INFER_S25U_VEH_ROOF_20260921_180355.mp4",520,"2026-09-21 18:04:03.70238","VEH_033","motorcycle","UNK","UNK","UNK","black","0.00","UNK","2026-09-22 04:21:43.371276","2026-09-22 04:21:43.371276"
"S25U","INFER_S25U_VEH_ROOF_20260921_180355.mp4",520,"2026-09-21 18:04:03.70238","VEH_034","motorcycle","UNK","UNK","UNK","black","0.00","UNK","2026-09-22 04:21:43.371276","2026-09-22 04:21:43.371276"
"S25U","INFER_S25U_VEH_ROOF_20260921_180355.mp4",520,"2026-09-21 18:04:03.70238","VEH_035","motorcycle","UNK","UNK","UNK","black","0.00","UNK","2026-09-22 04:21:43.371276","2026-09-22 04:21:43.371276"
"S25U","INFER_S25U_VEH_ROOF_20260921_180355.mp4",520,"2026-09-21 18:04:03.70238","VEH_036","motorcycle","UNK","UNK","UNK","black","0.00","UNK","2026-09-22 04:21:43.371276","2026-09-22 04:21:43.371276"
"S25U","INFER_S25U_VEH_ROOF_20260921_180355.mp4",520,"2026-09-21 18:04:03.70238","VEH_037","motorcycle","UNK","UNK","UNK","black","0.00","UNK","2026-09-22 04:21:43.371276","2026-09-22 04:21:43.371276"
"S25U","INFER_S25U_VEH_ROOF_20260921_180355.mp4",520,"2026-09-21 18:04:03.70238","VEH_038","bus","UNK","UNK","UNK","gray","0.00","UNK","2026-09-22 04:21:43.371276","2026-09-22 04:21:43.371276"
"S25U","INFER_S25U_VEH_ROOF_20260921_180355.mp4",530,"2026-09-21 18:04:03.869733","VEH_001","motorcycle","UNK","UNK","UNK","gray","0.00","UNK","2026-09-22 04:21:45.644025","2026-09-22 04:21:45.644025"
"S25U","INFER_S25U_VEH_ROOF_20260921_180355.mp4",530,"2026-09-21 18:04:03.869733","VEH_002","motorcycle","UNK","UNK","UNK","gray","0.00","UNK","2026-09-22 04:21:45.644025","2026-09-22 04:21:45.644025"
"S25U","INFER_S25U_VEH_ROOF_20260921_180355.mp4",530,"2026-09-21 18:04:03.869733","VEH_003","motorcycle","UNK","UNK","UNK","gray","0.00","UNK","2026-09-22 04:21:45.644025","2026-09-22 04:21:45.644025"
"S25U","INFER_S25U_VEH_ROOF_20260921_180355.mp4",530,"2026-09-21 18:04:03.869733","VEH_004","motorcycle","UNK","UNK","UNK","red","0.00","UNK","2026-09-22 04:21:45.644025","2026-09-22 04:21:45.644025"
"S25U","INFER_S25U_VEH_ROOF_20260921_180355.mp4",530,"2026-09-21 18:04:03.869733","VEH_005","motorcycle","UNK","UNK","UNK","black","0.00","UNK","2026-09-22 04:21:45.644025","2026-09-22 04:21:45.644025"
"S25U","INFER_S25U_VEH_ROOF_20260921_180355.mp4",530,"2026-09-21 18:04:03.869733","VEH_006","motorcycle","UNK","UNK","UNK","gray","0.00","UNK","2026-09-22 04:21:45.644025","2026-09-22 04:21:45.644025"
"S25U","INFER_S25U_VEH_ROOF_20260921_180355.mp4",530,"2026-09-21 18:04:03.869733","VEH_007","motorcycle","UNK","UNK","UNK","gray","0.00","UNK","2026-09-22 04:21:45.644025","2026-09-22 04:21:45.644025"
"S25U","INFER_S25U_VEH_ROOF_20260921_180355.mp4",530,"2026-09-21 18:04:03.869733","VEH_008","motorcycle","UNK","UNK","UNK","gray","0.00","UNK","2026-09-22 04:21:45.644025","2026-09-22 04:21:45.644025"
"S25U","INFER_S25U_VEH_ROOF_20260921_180355.mp4",530,"2026-09-21 18:04:03.869733","VEH_009","motorcycle","UNK","UNK","UNK","gray","0.00","UNK","2026-09-22 04:21:45.644025","2026-09-22 04:21:45.644025"
"S25U","INFER_S25U_VEH_ROOF_20260921_180355.mp4",530,"2026-09-21 18:04:03.869733","VEH_010","motorcycle","UNK","UNK","UNK","black","0.00","UNK","2026-09-22 04:21:45.644025","2026-09-22 04:21:45.644025"
"S25U","INFER_S25U_VEH_ROOF_20260921_180355.mp4",530,"2026-09-21 18:04:03.869733","VEH_011","motorcycle","UNK","UNK","UNK","black","0.00","UNK","2026-09-22 04:21:45.644025","2026-09-22 04:21:45.644025"
"S25U","INFER_S25U_VEH_ROOF_20260921_180355.mp4",530,"2026-09-21 18:04:03.869733","VEH_012","motorcycle","UNK","UNK","UNK","UNK","0.00","UNK","2026-09-22 04:21:45.644025","2026-09-22 04:21:45.644025"
"S25U","INFER_S25U_VEH_ROOF_20260921_180355.mp4",530,"2026-09-21 18:04:03.869733","VEH_013","motorcycle","UNK","UNK","UNK","gray","0.00","UNK","2026-09-22 04:21:45.644025","2026-09-22 04:21:45.644025"
"S25U","INFER_S25U_VEH_ROOF_20260921_180355.mp4",530,"2026-09-21 18:04:03.869733","VEH_014","motorcycle","UNK","UNK","UNK","gray","0.00","UNK","2026-09-22 04:21:45.644025","2026-09-22 04:21:45.644025"
"S25U","INFER_S25U_VEH_ROOF_20260921_180355.mp4",530,"2026-09-21 18:04:03.869733","VEH_015","motorcycle","UNK","UNK","UNK","gray","0.00","UNK","2026-09-22 04:21:45.644025","2026-09-22 04:21:45.644025"
"S25U","INFER_S25U_VEH_ROOF_20260921_180355.mp4",530,"2026-09-21 18:04:03.869733","VEH_016","motorcycle","UNK","UNK","UNK","gray","0.00","UNK","2026-09-22 04:21:45.644025","2026-09-22 04:21:45.644025"
"S25U","INFER_S25U_VEH_ROOF_20260921_180355.mp4",530,"2026-09-21 18:04:03.869733","VEH_017","motorcycle","UNK","UNK","UNK","black","0.00","UNK","2026-09-22 04:21:45.644025","2026-09-22 04:21:45.644025"
"S25U","INFER_S25U_VEH_ROOF_20260921_180355.mp4",530,"2026-09-21 18:04:03.869733","VEH_018","motorcycle","UNK","UNK","UNK","gray","0.00","UNK","2026-09-22 04:21:45.644025","2026-09-22 04:21:45.644025"
"S25U","INFER_S25U_VEH_ROOF_20260921_180355.mp4",530,"2026-09-21 18:04:03.869733","VEH_019","motorcycle","UNK","UNK","UNK","UNK","0.00","UNK","2026-09-22 04:21:45.644025","2026-09-22 04:21:45.644025"
"S25U","INFER_S25U_VEH_ROOF_20260921_180355.mp4",530,"2026-09-21 18:04:03.869733","VEH_020","motorcycle","UNK","UNK","UNK","gray","0.00","UNK","2026-09-22 04:21:45.644025","2026-09-22 04:21:45.644025"
"S25U","INFER_S25U_VEH_ROOF_20260921_180355.mp4",530,"2026-09-21 18:04:03.869733","VEH_021","motorcycle","UNK","UNK","UNK","gray","0.00","UNK","2026-09-22 04:21:45.644025","2026-09-22 04:21:45.644025"
"S25U","INFER_S25U_VEH_ROOF_20260921_180355.mp4",530,"2026-09-21 18:04:03.869733","VEH_022","motorcycle","UNK","UNK","UNK","gray","0.00","UNK","2026-09-22 04:21:45.644025","2026-09-22 04:21:45.644025"
"S25U","INFER_S25U_VEH_ROOF_20260921_180355.mp4",530,"2026-09-21 18:04:03.869733","VEH_023","motorcycle","UNK","UNK","UNK","black","0.00","UNK","2026-09-22 04:21:45.644025","2026-09-22 04:21:45.644025"
"S25U","INFER_S25U_VEH_ROOF_20260921_180355.mp4",530,"2026-09-21 18:04:03.869733","VEH_024","motorcycle","UNK","UNK","UNK","black","0.00","UNK","2026-09-22 04:21:45.644025","2026-09-22 04:21:45.644025"
"S25U","INFER_S25U_VEH_ROOF_20260921_180355.mp4",530,"2026-09-21 18:04:03.869733","VEH_025","motorcycle","UNK","UNK","UNK","black","0.00","UNK","2026-09-22 04:21:45.644025","2026-09-22 04:21:45.644025"
"S25U","INFER_S25U_VEH_ROOF_20260921_180355.mp4",530,"2026-09-21 18:04:03.869733","VEH_026","motorcycle","UNK","UNK","UNK","UNK","0.00","UNK","2026-09-22 04:21:45.644025","2026-09-22 04:21:45.644025"
"S25U","INFER_S25U_VEH_ROOF_20260921_180355.mp4",530,"2026-09-21 18:04:03.869733","VEH_027","motorcycle","UNK","UNK","UNK","UNK","0.00","UNK","2026-09-22 04:21:45.644025","2026-09-22 04:21:45.644025"
"S25U","INFER_S25U_VEH_ROOF_20260921_180355.mp4",530,"2026-09-21 18:04:03.869733","VEH_028","motorcycle","UNK","UNK","UNK","UNK","0.00","UNK","2026-09-22 04:21:45.644025","2026-09-22 04:21:45.644025"
"S25U","INFER_S25U_VEH_ROOF_20260921_180355.mp4",530,"2026-09-21 18:04:03.869733","VEH_029","motorcycle","UNK","UNK","UNK","gray","0.00","UNK","2026-09-22 04:21:45.644025","2026-09-22 04:21:45.644025"
"S25U","INFER_S25U_VEH_ROOF_20260921_180355.mp4",530,"2026-09-21 18:04:03.869733","VEH_030","motorcycle","UNK","UNK","UNK","gray","0.00","UNK","2026-09-22 04:21:45.644025","2026-09-22 04:21:45.644025"
"S25U","INFER_S25U_VEH_ROOF_20260921_180355.mp4",530,"2026-09-21 18:04:03.869733","VEH_031","motorcycle","UNK","UNK","UNK","gray","0.00","UNK","2026-09-22 04:21:45.644025","2026-09-22 04:21:45.644025"
"S25U","INFER_S25U_VEH_ROOF_20260921_180355.mp4",530,"2026-09-21 18:04:03.869733","VEH_032","motorcycle","UNK","UNK","UNK","black","0.00","UNK","2026-09-22 04:21:45.644025","2026-09-22 04:21:45.644025"
"S25U","INFER_S25U_VEH_ROOF_20260921_180355.mp4",530,"2026-09-21 18:04:03.869733","VEH_033","motorcycle","UNK","UNK","UNK","gray","0.00","UNK","2026-09-22 04:21:45.644025","2026-09-22 04:21:45.644025"
"S25U","INFER_S25U_VEH_ROOF_20260921_180355.mp4",530,"2026-09-21 18:04:03.869733","VEH_034","motorcycle","UNK","UNK","UNK","black","0.00","UNK","2026-09-22 04:21:45.644025","2026-09-22 04:21:45.644025"
"S25U","INFER_S25U_VEH_ROOF_20260921_180355.mp4",530,"2026-09-21 18:04:03.869733","VEH_035","motorcycle","UNK","UNK","UNK","UNK","0.00","UNK","2026-09-22 04:21:45.644025","2026-09-22 04:21:45.644025"
"S25U","INFER_S25U_VEH_ROOF_20260921_180355.mp4",530,"2026-09-21 18:04:03.869733","VEH_036","motorcycle","UNK","UNK","UNK","black","0.00","UNK","2026-09-22 04:21:45.644025","2026-09-22 04:21:45.644025"
"S25U","INFER_S25U_VEH_ROOF_20260921_180355.mp4",530,"2026-09-21 18:04:03.869733","VEH_037","motorcycle","UNK","UNK","UNK","UNK","0.00","UNK","2026-09-22 04:21:45.644025","2026-09-22 04:21:45.644025"
"S25U","INFER_S25U_VEH_ROOF_20260921_180355.mp4",530,"2026-09-21 18:04:03.869733","VEH_038","motorcycle","UNK","UNK","UNK","black","0.00","UNK","2026-09-22 04:21:45.644025","2026-09-22 04:21:45.644025"
"S25U","INFER_S25U_VEH_ROOF_20260921_180355.mp4",530,"2026-09-21 18:04:03.869733","VEH_039","bus","UNK","UNK","UNK","gray","0.00","UNK","2026-09-22 04:21:45.644025","2026-09-22 04:21:45.644025"
"S25U","INFER_S25U_VEH_ROOF_20260921_180355.mp4",530,"2026-09-21 18:04:03.869733","VEH_040","bus","UNK","UNK","UNK","red","0.00","UNK","2026-09-22 04:21:45.644025","2026-09-22 04:21:45.644025"
"S25U","INFER_S25U_VEH_ROOF_20260921_180355.mp4",540,"2026-09-21 18:04:04.037087","VEH_001","motorcycle","UNK","UNK","UNK","gray","0.00","UNK","2026-09-22 04:21:47.758282","2026-09-22 04:21:47.758282"
"S25U","INFER_S25U_VEH_ROOF_20260921_180355.mp4",540,"2026-09-21 18:04:04.037087","VEH_002","motorcycle","UNK","UNK","UNK","red","0.00","UNK","2026-09-22 04:21:47.758282","2026-09-22 04:21:47.758282"
"S25U","INFER_S25U_VEH_ROOF_20260921_180355.mp4",540,"2026-09-21 18:04:04.037087","VEH_003","motorcycle","UNK","UNK","UNK","gray","0.00","UNK","2026-09-22 04:21:47.758282","2026-09-22 04:21:47.758282"
"S25U","INFER_S25U_VEH_ROOF_20260921_180355.mp4",540,"2026-09-21 18:04:04.037087","VEH_004","motorcycle","UNK","UNK","UNK","gray","0.00","UNK","2026-09-22 04:21:47.758282","2026-09-22 04:21:47.758282"
"S25U","INFER_S25U_VEH_ROOF_20260921_180355.mp4",540,"2026-09-21 18:04:04.037087","VEH_005","motorcycle","UNK","UNK","UNK","black","0.00","UNK","2026-09-22 04:21:47.758282","2026-09-22 04:21:47.758282"
"S25U","INFER_S25U_VEH_ROOF_20260921_180355.mp4",540,"2026-09-21 18:04:04.037087","VEH_006","motorcycle","UNK","UNK","UNK","gray","0.00","UNK","2026-09-22 04:21:47.758282","2026-09-22 04:21:47.758282"
"S25U","INFER_S25U_VEH_ROOF_20260921_180355.mp4",540,"2026-09-21 18:04:04.037087","VEH_007","motorcycle","UNK","UNK","UNK","UNK","0.00","UNK","2026-09-22 04:21:47.758282","2026-09-22 04:21:47.758282"
"S25U","INFER_S25U_VEH_ROOF_20260921_180355.mp4",540,"2026-09-21 18:04:04.037087","VEH_008","motorcycle","UNK","UNK","UNK","gray","0.00","UNK","2026-09-22 04:21:47.758282","2026-09-22 04:21:47.758282"
"S25U","INFER_S25U_VEH_ROOF_20260921_180355.mp4",540,"2026-09-21 18:04:04.037087","VEH_009","motorcycle","UNK","UNK","UNK","gray","0.00","UNK","2026-09-22 04:21:47.758282","2026-09-22 04:21:47.758282"
"S25U","INFER_S25U_VEH_ROOF_20260921_180355.mp4",540,"2026-09-21 18:04:04.037087","VEH_010","motorcycle","UNK","UNK","UNK","black","0.00","UNK","2026-09-22 04:21:47.758282","2026-09-22 04:21:47.758282"
"S25U","INFER_S25U_VEH_ROOF_20260921_180355.mp4",540,"2026-09-21 18:04:04.037087","VEH_011","motorcycle","UNK","UNK","UNK","gray","0.00","UNK","2026-09-22 04:21:47.758282","2026-09-22 04:21:47.758282"
"S25U","INFER_S25U_VEH_ROOF_20260921_180355.mp4",540,"2026-09-21 18:04:04.037087","VEH_012","motorcycle","UNK","UNK","UNK","gray","0.00","UNK","2026-09-22 04:21:47.758282","2026-09-22 04:21:47.758282"
"S25U","INFER_S25U_VEH_ROOF_20260921_180355.mp4",540,"2026-09-21 18:04:04.037087","VEH_013","motorcycle","UNK","UNK","UNK","gray","0.00","UNK","2026-09-22 04:21:47.758282","2026-09-22 04:21:47.758282"
"S25U","INFER_S25U_VEH_ROOF_20260921_180355.mp4",540,"2026-09-21 18:04:04.037087","VEH_014","motorcycle","UNK","UNK","UNK","gray","0.00","UNK","2026-09-22 04:21:47.758282","2026-09-22 04:21:47.758282"
"S25U","INFER_S25U_VEH_ROOF_20260921_180355.mp4",540,"2026-09-21 18:04:04.037087","VEH_015","motorcycle","UNK","UNK","UNK","orange","0.00","UNK","2026-09-22 04:21:47.758282","2026-09-22 04:21:47.758282"
"S25U","INFER_S25U_VEH_ROOF_20260921_180355.mp4",540,"2026-09-21 18:04:04.037087","VEH_016","motorcycle","UNK","UNK","UNK","gray","0.00","UNK","2026-09-22 04:21:47.758282","2026-09-22 04:21:47.758282"
"S25U","INFER_S25U_VEH_ROOF_20260921_180355.mp4",540,"2026-09-21 18:04:04.037087","VEH_017","motorcycle","UNK","UNK","UNK","gray","0.00","UNK","2026-09-22 04:21:47.758282","2026-09-22 04:21:47.758282"
"S25U","INFER_S25U_VEH_ROOF_20260921_180355.mp4",540,"2026-09-21 18:04:04.037087","VEH_018","motorcycle","UNK","UNK","UNK","UNK","0.00","UNK","2026-09-22 04:21:47.758282","2026-09-22 04:21:47.758282"
"S25U","INFER_S25U_VEH_ROOF_20260921_180355.mp4",540,"2026-09-21 18:04:04.037087","VEH_019","motorcycle","UNK","UNK","UNK","UNK","0.00","UNK","2026-09-22 04:21:47.758282","2026-09-22 04:21:47.758282"
"S25U","INFER_S25U_VEH_ROOF_20260921_180355.mp4",540,"2026-09-21 18:04:04.037087","VEH_020","motorcycle","UNK","UNK","UNK","gray","0.00","UNK","2026-09-22 04:21:47.758282","2026-09-22 04:21:47.758282"
"S25U","INFER_S25U_VEH_ROOF_20260921_180355.mp4",540,"2026-09-21 18:04:04.037087","VEH_021","motorcycle","UNK","UNK","UNK","gray","0.00","UNK","2026-09-22 04:21:47.758282","2026-09-22 04:21:47.758282"
"S25U","INFER_S25U_VEH_ROOF_20260921_180355.mp4",540,"2026-09-21 18:04:04.037087","VEH_022","motorcycle","UNK","UNK","UNK","gray","0.00","UNK","2026-09-22 04:21:47.758282","2026-09-22 04:21:47.758282"
"S25U","INFER_S25U_VEH_ROOF_20260921_180355.mp4",540,"2026-09-21 18:04:04.037087","VEH_023","motorcycle","UNK","UNK","UNK","gray","0.00","UNK","2026-09-22 04:21:47.758282","2026-09-22 04:21:47.758282"
"S25U","INFER_S25U_VEH_ROOF_20260921_180355.mp4",540,"2026-09-21 18:04:04.037087","VEH_024","motorcycle","UNK","UNK","UNK","gray","0.00","UNK","2026-09-22 04:21:47.758282","2026-09-22 04:21:47.758282"
"S25U","INFER_S25U_VEH_ROOF_20260921_180355.mp4",540,"2026-09-21 18:04:04.037087","VEH_025","motorcycle","UNK","UNK","UNK","orange","0.00","UNK","2026-09-22 04:21:47.758282","2026-09-22 04:21:47.758282"
"S25U","INFER_S25U_VEH_ROOF_20260921_180355.mp4",540,"2026-09-21 18:04:04.037087","VEH_026","motorcycle","UNK","UNK","UNK","orange","0.00","UNK","2026-09-22 04:21:47.758282","2026-09-22 04:21:47.758282"
"S25U","INFER_S25U_VEH_ROOF_20260921_180355.mp4",540,"2026-09-21 18:04:04.037087","VEH_027","motorcycle","UNK","UNK","UNK","gray","0.00","UNK","2026-09-22 04:21:47.758282","2026-09-22 04:21:47.758282"
"S25U","INFER_S25U_VEH_ROOF_20260921_180355.mp4",540,"2026-09-21 18:04:04.037087","VEH_028","motorcycle","UNK","UNK","UNK","gray","0.00","UNK","2026-09-22 04:21:47.758282","2026-09-22 04:21:47.758282"
"S25U","INFER_S25U_VEH_ROOF_20260921_180355.mp4",540,"2026-09-21 18:04:04.037087","VEH_029","motorcycle","UNK","UNK","UNK","black","0.00","UNK","2026-09-22 04:21:47.758282","2026-09-22 04:21:47.758282"
"S25U","INFER_S25U_VEH_ROOF_20260921_180355.mp4",540,"2026-09-21 18:04:04.037087","VEH_030","motorcycle","UNK","UNK","UNK","UNK","0.00","UNK","2026-09-22 04:21:47.758282","2026-09-22 04:21:47.758282"
"S25U","INFER_S25U_VEH_ROOF_20260921_180355.mp4",540,"2026-09-21 18:04:04.037087","VEH_031","motorcycle","UNK","UNK","UNK","UNK","0.00","UNK","2026-09-22 04:21:47.758282","2026-09-22 04:21:47.758282"
"S25U","INFER_S25U_VEH_ROOF_20260921_180355.mp4",540,"2026-09-21 18:04:04.037087","VEH_032","motorcycle","UNK","UNK","UNK","UNK","0.00","UNK","2026-09-22 04:21:47.758282","2026-09-22 04:21:47.758282"
"S25U","INFER_S25U_VEH_ROOF_20260921_180355.mp4",540,"2026-09-21 18:04:04.037087","VEH_033","motorcycle","UNK","UNK","UNK","UNK","0.00","UNK","2026-09-22 04:21:47.758282","2026-09-22 04:21:47.758282"
"S25U","INFER_S25U_VEH_ROOF_20260921_180355.mp4",540,"2026-09-21 18:04:04.037087","VEH_034","motorcycle","UNK","UNK","UNK","orange","0.00","UNK","2026-09-22 04:21:47.758282","2026-09-22 04:21:47.758282"
"S25U","INFER_S25U_VEH_ROOF_20260921_180355.mp4",540,"2026-09-21 18:04:04.037087","VEH_035","motorcycle","UNK","UNK","UNK","black","0.00","UNK","2026-09-22 04:21:47.758282","2026-09-22 04:21:47.758282"
"S25U","INFER_S25U_VEH_ROOF_20260921_180355.mp4",540,"2026-09-21 18:04:04.037087","VEH_036","motorcycle","UNK","UNK","UNK","orange","0.00","UNK","2026-09-22 04:21:47.758282","2026-09-22 04:21:47.758282"
"S25U","INFER_S25U_VEH_ROOF_20260921_180355.mp4",540,"2026-09-21 18:04:04.037087","VEH_037","motorcycle","UNK","UNK","UNK","UNK","0.00","UNK","2026-09-22 04:21:47.758282","2026-09-22 04:21:47.758282"
"S25U","INFER_S25U_VEH_ROOF_20260921_180355.mp4",540,"2026-09-21 18:04:04.037087","VEH_038","bus","UNK","UNK","UNK","gray","0.00","UNK","2026-09-22 04:21:47.758282","2026-09-22 04:21:47.758282"
"S25U","INFER_S25U_VEH_ROOF_20260921_180355.mp4",540,"2026-09-21 18:04:04.037087","VEH_039","motorcycle","UNK","UNK","UNK","orange","0.00","UNK","2026-09-22 04:21:47.758282","2026-09-22 04:21:47.758282"
"S25U","INFER_S25U_VEH_ROOF_20260921_180355.mp4",540,"2026-09-21 18:04:04.037087","VEH_040","motorcycle","UNK","UNK","UNK","UNK","0.00","UNK","2026-09-22 04:21:47.758282","2026-09-22 04:21:47.758282"
"S25U","INFER_S25U_VEH_ROOF_20260921_180355.mp4",540,"2026-09-21 18:04:04.037087","VEH_041","motorcycle","UNK","UNK","UNK","orange","0.00","UNK","2026-09-22 04:21:47.758282","2026-09-22 04:21:47.758282"
"S25U","INFER_S25U_VEH_ROOF_20260921_180355.mp4",540,"2026-09-21 18:04:04.037087","VEH_042","motorcycle","UNK","UNK","UNK","UNK","0.00","UNK","2026-09-22 04:21:47.758282","2026-09-22 04:21:47.758282"
"S25U","INFER_S25U_VEH_ROOF_20260921_180355.mp4",540,"2026-09-21 18:04:04.037087","VEH_043","truck","UNK","UNK","UNK","UNK","0.00","UNK","2026-09-22 04:21:47.758282","2026-09-22 04:21:47.758282"
"S25U","INFER_S25U_VEH_ROOF_20260921_180355.mp4",550,"2026-09-21 18:04:04.20444","VEH_001","motorcycle","UNK","UNK","UNK","gray","0.00","UNK","2026-09-22 04:21:49.859641","2026-09-22 04:21:49.859641"
"S25U","INFER_S25U_VEH_ROOF_20260921_180355.mp4",550,"2026-09-21 18:04:04.20444","VEH_002","motorcycle","UNK","UNK","UNK","gray","0.00","UNK","2026-09-22 04:21:49.859641","2026-09-22 04:21:49.859641"
"S25U","INFER_S25U_VEH_ROOF_20260921_180355.mp4",550,"2026-09-21 18:04:04.20444","VEH_003","motorcycle","UNK","UNK","UNK","red","0.00","UNK","2026-09-22 04:21:49.859641","2026-09-22 04:21:49.859641"
"S25U","INFER_S25U_VEH_ROOF_20260921_180355.mp4",550,"2026-09-21 18:04:04.20444","VEH_004","motorcycle","UNK","UNK","UNK","gray","0.00","UNK","2026-09-22 04:21:49.859641","2026-09-22 04:21:49.859641"
"S25U","INFER_S25U_VEH_ROOF_20260921_180355.mp4",550,"2026-09-21 18:04:04.20444","VEH_005","motorcycle","UNK","UNK","UNK","gray","0.00","UNK","2026-09-22 04:21:49.859641","2026-09-22 04:21:49.859641"
"S25U","INFER_S25U_VEH_ROOF_20260921_180355.mp4",550,"2026-09-21 18:04:04.20444","VEH_006","motorcycle","UNK","UNK","UNK","gray","0.00","UNK","2026-09-22 04:21:49.859641","2026-09-22 04:21:49.859641"
"S25U","INFER_S25U_VEH_ROOF_20260921_180355.mp4",550,"2026-09-21 18:04:04.20444","VEH_007","motorcycle","UNK","UNK","UNK","black","0.00","UNK","2026-09-22 04:21:49.859641","2026-09-22 04:21:49.859641"
"S25U","INFER_S25U_VEH_ROOF_20260921_180355.mp4",550,"2026-09-21 18:04:04.20444","VEH_008","motorcycle","UNK","UNK","UNK","red","0.00","UNK","2026-09-22 04:21:49.859641","2026-09-22 04:21:49.859641"
"S25U","INFER_S25U_VEH_ROOF_20260921_180355.mp4",550,"2026-09-21 18:04:04.20444","VEH_009","motorcycle","UNK","UNK","UNK","gray","0.00","UNK","2026-09-22 04:21:49.859641","2026-09-22 04:21:49.859641"
"S25U","INFER_S25U_VEH_ROOF_20260921_180355.mp4",550,"2026-09-21 18:04:04.20444","VEH_010","motorcycle","UNK","UNK","UNK","gray","0.00","UNK","2026-09-22 04:21:49.859641","2026-09-22 04:21:49.859641"
"S25U","INFER_S25U_VEH_ROOF_20260921_180355.mp4",550,"2026-09-21 18:04:04.20444","VEH_011","motorcycle","UNK","UNK","UNK","black","0.00","UNK","2026-09-22 04:21:49.859641","2026-09-22 04:21:49.859641"
"S25U","INFER_S25U_VEH_ROOF_20260921_180355.mp4",550,"2026-09-21 18:04:04.20444","VEH_012","motorcycle","UNK","UNK","UNK","gray","0.00","UNK","2026-09-22 04:21:49.859641","2026-09-22 04:21:49.859641"
"S25U","INFER_S25U_VEH_ROOF_20260921_180355.mp4",550,"2026-09-21 18:04:04.20444","VEH_013","motorcycle","UNK","UNK","UNK","gray","0.00","UNK","2026-09-22 04:21:49.859641","2026-09-22 04:21:49.859641"
"S25U","INFER_S25U_VEH_ROOF_20260921_180355.mp4",550,"2026-09-21 18:04:04.20444","VEH_014","motorcycle","UNK","UNK","UNK","gray","0.00","UNK","2026-09-22 04:21:49.859641","2026-09-22 04:21:49.859641"
"S25U","INFER_S25U_VEH_ROOF_20260921_180355.mp4",550,"2026-09-21 18:04:04.20444","VEH_015","motorcycle","UNK","UNK","UNK","gray","0.00","UNK","2026-09-22 04:21:49.859641","2026-09-22 04:21:49.859641"
"S25U","INFER_S25U_VEH_ROOF_20260921_180355.mp4",550,"2026-09-21 18:04:04.20444","VEH_016","motorcycle","UNK","UNK","UNK","gray","0.00","UNK","2026-09-22 04:21:49.859641","2026-09-22 04:21:49.859641"
"S25U","INFER_S25U_VEH_ROOF_20260921_180355.mp4",550,"2026-09-21 18:04:04.20444","VEH_017","motorcycle","UNK","UNK","UNK","orange","0.00","UNK","2026-09-22 04:21:49.859641","2026-09-22 04:21:49.859641"
"S25U","INFER_S25U_VEH_ROOF_20260921_180355.mp4",550,"2026-09-21 18:04:04.20444","VEH_018","motorcycle","UNK","UNK","UNK","black","0.00","UNK","2026-09-22 04:21:49.859641","2026-09-22 04:21:49.859641"
"S25U","INFER_S25U_VEH_ROOF_20260921_180355.mp4",550,"2026-09-21 18:04:04.20444","VEH_019","motorcycle","UNK","UNK","UNK","UNK","0.00","UNK","2026-09-22 04:21:49.859641","2026-09-22 04:21:49.859641"
"S25U","INFER_S25U_VEH_ROOF_20260921_180355.mp4",550,"2026-09-21 18:04:04.20444","VEH_020","motorcycle","UNK","UNK","UNK","gray","0.00","UNK","2026-09-22 04:21:49.859641","2026-09-22 04:21:49.859641"
"S25U","INFER_S25U_VEH_ROOF_20260921_180355.mp4",550,"2026-09-21 18:04:04.20444","VEH_021","motorcycle","UNK","UNK","UNK","gray","0.00","UNK","2026-09-22 04:21:49.859641","2026-09-22 04:21:49.859641"
"S25U","INFER_S25U_VEH_ROOF_20260921_180355.mp4",550,"2026-09-21 18:04:04.20444","VEH_022","motorcycle","UNK","UNK","UNK","gray","0.00","UNK","2026-09-22 04:21:49.859641","2026-09-22 04:21:49.859641"
"S25U","INFER_S25U_VEH_ROOF_20260921_180355.mp4",550,"2026-09-21 18:04:04.20444","VEH_023","motorcycle","UNK","UNK","UNK","orange","0.00","UNK","2026-09-22 04:21:49.859641","2026-09-22 04:21:49.859641"
"S25U","INFER_S25U_VEH_ROOF_20260921_180355.mp4",550,"2026-09-21 18:04:04.20444","VEH_024","motorcycle","UNK","UNK","UNK","gray","0.00","UNK","2026-09-22 04:21:49.859641","2026-09-22 04:21:49.859641"
"S25U","INFER_S25U_VEH_ROOF_20260921_180355.mp4",550,"2026-09-21 18:04:04.20444","VEH_025","motorcycle","UNK","UNK","UNK","black","0.00","UNK","2026-09-22 04:21:49.859641","2026-09-22 04:21:49.859641"
"S25U","INFER_S25U_VEH_ROOF_20260921_180355.mp4",550,"2026-09-21 18:04:04.20444","VEH_026","motorcycle","UNK","UNK","UNK","UNK","0.00","UNK","2026-09-22 04:21:49.859641","2026-09-22 04:21:49.859641"
"S25U","INFER_S25U_VEH_ROOF_20260921_180355.mp4",550,"2026-09-21 18:04:04.20444","VEH_027","motorcycle","UNK","UNK","UNK","UNK","0.00","UNK","2026-09-22 04:21:49.859641","2026-09-22 04:21:49.859641"
"S25U","INFER_S25U_VEH_ROOF_20260921_180355.mp4",550,"2026-09-21 18:04:04.20444","VEH_028","motorcycle","UNK","UNK","UNK","UNK","0.00","UNK","2026-09-22 04:21:49.859641","2026-09-22 04:21:49.859641"
"S25U","INFER_S25U_VEH_ROOF_20260921_180355.mp4",550,"2026-09-21 18:04:04.20444","VEH_029","motorcycle","UNK","UNK","UNK","UNK","0.00","UNK","2026-09-22 04:21:49.859641","2026-09-22 04:21:49.859641"
"S25U","INFER_S25U_VEH_ROOF_20260921_180355.mp4",550,"2026-09-21 18:04:04.20444","VEH_030","motorcycle","UNK","UNK","UNK","gray","0.00","UNK","2026-09-22 04:21:49.859641","2026-09-22 04:21:49.859641"
"S25U","INFER_S25U_VEH_ROOF_20260921_180355.mp4",550,"2026-09-21 18:04:04.20444","VEH_031","motorcycle","UNK","UNK","UNK","black","0.00","UNK","2026-09-22 04:21:49.859641","2026-09-22 04:21:49.859641"
"S25U","INFER_S25U_VEH_ROOF_20260921_180355.mp4",550,"2026-09-21 18:04:04.20444","VEH_032","bus","UNK","UNK","UNK","gray","0.00","UNK","2026-09-22 04:21:49.859641","2026-09-22 04:21:49.859641"
"S25U","INFER_S25U_VEH_ROOF_20260921_180355.mp4",550,"2026-09-21 18:04:04.20444","VEH_033","motorcycle","UNK","UNK","UNK","orange","0.00","UNK","2026-09-22 04:21:49.859641","2026-09-22 04:21:49.859641"
"S25U","INFER_S25U_VEH_ROOF_20260921_180355.mp4",550,"2026-09-21 18:04:04.20444","VEH_034","motorcycle","UNK","UNK","UNK","orange","0.00","UNK","2026-09-22 04:21:49.859641","2026-09-22 04:21:49.859641"
"S25U","INFER_S25U_VEH_ROOF_20260921_180355.mp4",550,"2026-09-21 18:04:04.20444","VEH_035","motorcycle","UNK","UNK","UNK","orange","0.00","UNK","2026-09-22 04:21:49.859641","2026-09-22 04:21:49.859641"
"S25U","INFER_S25U_VEH_ROOF_20260921_180355.mp4",550,"2026-09-21 18:04:04.20444","VEH_036","motorcycle","UNK","UNK","UNK","UNK","0.00","UNK","2026-09-22 04:21:49.859641","2026-09-22 04:21:49.859641"
"S25U","INFER_S25U_VEH_ROOF_20260921_180355.mp4",550,"2026-09-21 18:04:04.20444","VEH_037","motorcycle","UNK","UNK","UNK","orange","0.00","UNK","2026-09-22 04:21:49.859641","2026-09-22 04:21:49.859641"
"S25U","INFER_S25U_VEH_ROOF_20260921_180355.mp4",550,"2026-09-21 18:04:04.20444","VEH_038","motorcycle","UNK","UNK","UNK","UNK","0.00","UNK","2026-09-22 04:21:49.859641","2026-09-22 04:21:49.859641"
"S25U","INFER_S25U_VEH_ROOF_20260921_180355.mp4",550,"2026-09-21 18:04:04.20444","VEH_039","motorcycle","UNK","UNK","UNK","black","0.00","UNK","2026-09-22 04:21:49.859641","2026-09-22 04:21:49.859641"
"S25U","INFER_S25U_VEH_ROOF_20260921_180355.mp4",550,"2026-09-21 18:04:04.20444","VEH_040","motorcycle","UNK","UNK","UNK","UNK","0.00","UNK","2026-09-22 04:21:49.859641","2026-09-22 04:21:49.859641"
"S25U","INFER_S25U_VEH_ROOF_20260921_180355.mp4",550,"2026-09-21 18:04:04.20444","VEH_041","motorcycle","UNK","UNK","UNK","gray","0.00","UNK","2026-09-22 04:21:49.859641","2026-09-22 04:21:49.859641"
"S25U","INFER_S25U_VEH_ROOF_20260921_180355.mp4",550,"2026-09-21 18:04:04.20444","VEH_042","truck","UNK","UNK","UNK","UNK","0.00","UNK","2026-09-22 04:21:49.859641","2026-09-22 04:21:49.859641"
"S25U","INFER_S25U_VEH_ROOF_20260921_180355.mp4",560,"2026-09-21 18:04:04.371793","VEH_001","motorcycle","UNK","UNK","UNK","gray","0.00","UNK","2026-09-22 04:21:51.579131","2026-09-22 04:21:51.579131"
"S25U","INFER_S25U_VEH_ROOF_20260921_180355.mp4",560,"2026-09-21 18:04:04.371793","VEH_002","motorcycle","UNK","UNK","UNK","gray","0.00","UNK","2026-09-22 04:21:51.579131","2026-09-22 04:21:51.579131"
"S25U","INFER_S25U_VEH_ROOF_20260921_180355.mp4",560,"2026-09-21 18:04:04.371793","VEH_003","motorcycle","UNK","UNK","UNK","gray","0.00","UNK","2026-09-22 04:21:51.579131","2026-09-22 04:21:51.579131"
"S25U","INFER_S25U_VEH_ROOF_20260921_180355.mp4",560,"2026-09-21 18:04:04.371793","VEH_004","motorcycle","UNK","UNK","UNK","gray","0.00","UNK","2026-09-22 04:21:51.579131","2026-09-22 04:21:51.579131"
"S25U","INFER_S25U_VEH_ROOF_20260921_180355.mp4",560,"2026-09-21 18:04:04.371793","VEH_005","motorcycle","UNK","UNK","UNK","black","0.00","UNK","2026-09-22 04:21:51.579131","2026-09-22 04:21:51.579131"
"S25U","INFER_S25U_VEH_ROOF_20260921_180355.mp4",560,"2026-09-21 18:04:04.371793","VEH_006","motorcycle","UNK","UNK","UNK","gray","0.00","UNK","2026-09-22 04:21:51.579131","2026-09-22 04:21:51.579131"
"S25U","INFER_S25U_VEH_ROOF_20260921_180355.mp4",560,"2026-09-21 18:04:04.371793","VEH_007","motorcycle","UNK","UNK","UNK","black","0.00","UNK","2026-09-22 04:21:51.579131","2026-09-22 04:21:51.579131"
"S25U","INFER_S25U_VEH_ROOF_20260921_180355.mp4",560,"2026-09-21 18:04:04.371793","VEH_008","motorcycle","UNK","UNK","UNK","gray","0.00","UNK","2026-09-22 04:21:51.579131","2026-09-22 04:21:51.579131"
"S25U","INFER_S25U_VEH_ROOF_20260921_180355.mp4",560,"2026-09-21 18:04:04.371793","VEH_009","motorcycle","UNK","UNK","UNK","gray","0.00","UNK","2026-09-22 04:21:51.579131","2026-09-22 04:21:51.579131"
"S25U","INFER_S25U_VEH_ROOF_20260921_180355.mp4",560,"2026-09-21 18:04:04.371793","VEH_010","motorcycle","UNK","UNK","UNK","gray","0.00","UNK","2026-09-22 04:21:51.579131","2026-09-22 04:21:51.579131"
"S25U","INFER_S25U_VEH_ROOF_20260921_180355.mp4",560,"2026-09-21 18:04:04.371793","VEH_011","motorcycle","UNK","UNK","UNK","gray","0.00","UNK","2026-09-22 04:21:51.579131","2026-09-22 04:21:51.579131"
"S25U","INFER_S25U_VEH_ROOF_20260921_180355.mp4",560,"2026-09-21 18:04:04.371793","VEH_012","motorcycle","UNK","UNK","UNK","gray","0.00","UNK","2026-09-22 04:21:51.579131","2026-09-22 04:21:51.579131"
"S25U","INFER_S25U_VEH_ROOF_20260921_180355.mp4",560,"2026-09-21 18:04:04.371793","VEH_013","motorcycle","UNK","UNK","UNK","gray","0.00","UNK","2026-09-22 04:21:51.579131","2026-09-22 04:21:51.579131"
"S25U","INFER_S25U_VEH_ROOF_20260921_180355.mp4",560,"2026-09-21 18:04:04.371793","VEH_014","bus","UNK","UNK","UNK","gray","0.00","UNK","2026-09-22 04:21:51.579131","2026-09-22 04:21:51.579131"
"S25U","INFER_S25U_VEH_ROOF_20260921_180355.mp4",560,"2026-09-21 18:04:04.371793","VEH_015","motorcycle","UNK","UNK","UNK","black","0.00","UNK","2026-09-22 04:21:51.579131","2026-09-22 04:21:51.579131"
"S25U","INFER_S25U_VEH_ROOF_20260921_180355.mp4",560,"2026-09-21 18:04:04.371793","VEH_016","motorcycle","UNK","UNK","UNK","gray","0.00","UNK","2026-09-22 04:21:51.579131","2026-09-22 04:21:51.579131"
"S25U","INFER_S25U_VEH_ROOF_20260921_180355.mp4",560,"2026-09-21 18:04:04.371793","VEH_017","motorcycle","UNK","UNK","UNK","gray","0.00","UNK","2026-09-22 04:21:51.579131","2026-09-22 04:21:51.579131"
"S25U","INFER_S25U_VEH_ROOF_20260921_180355.mp4",560,"2026-09-21 18:04:04.371793","VEH_018","motorcycle","UNK","UNK","UNK","black","0.00","UNK","2026-09-22 04:21:51.579131","2026-09-22 04:21:51.579131"
"S25U","INFER_S25U_VEH_ROOF_20260921_180355.mp4",560,"2026-09-21 18:04:04.371793","VEH_019","motorcycle","UNK","UNK","UNK","UNK","0.00","UNK","2026-09-22 04:21:51.579131","2026-09-22 04:21:51.579131"
"S25U","INFER_S25U_VEH_ROOF_20260921_180355.mp4",560,"2026-09-21 18:04:04.371793","VEH_020","motorcycle","UNK","UNK","UNK","UNK","0.00","UNK","2026-09-22 04:21:51.579131","2026-09-22 04:21:51.579131"
"S25U","INFER_S25U_VEH_ROOF_20260921_180355.mp4",560,"2026-09-21 18:04:04.371793","VEH_021","motorcycle","UNK","UNK","UNK","gray","0.00","UNK","2026-09-22 04:21:51.579131","2026-09-22 04:21:51.579131"
"S25U","INFER_S25U_VEH_ROOF_20260921_180355.mp4",560,"2026-09-21 18:04:04.371793","VEH_022","motorcycle","UNK","UNK","UNK","gray","0.00","UNK","2026-09-22 04:21:51.579131","2026-09-22 04:21:51.579131"
"S25U","INFER_S25U_VEH_ROOF_20260921_180355.mp4",560,"2026-09-21 18:04:04.371793","VEH_023","motorcycle","UNK","UNK","UNK","gray","0.00","UNK","2026-09-22 04:21:51.579131","2026-09-22 04:21:51.579131"
"S25U","INFER_S25U_VEH_ROOF_20260921_180355.mp4",560,"2026-09-21 18:04:04.371793","VEH_024","motorcycle","UNK","UNK","UNK","black","0.00","UNK","2026-09-22 04:21:51.579131","2026-09-22 04:21:51.579131"
"S25U","INFER_S25U_VEH_ROOF_20260921_180355.mp4",560,"2026-09-21 18:04:04.371793","VEH_025","motorcycle","UNK","UNK","UNK","black","0.00","UNK","2026-09-22 04:21:51.579131","2026-09-22 04:21:51.579131"
"S25U","INFER_S25U_VEH_ROOF_20260921_180355.mp4",560,"2026-09-21 18:04:04.371793","VEH_026","motorcycle","UNK","UNK","UNK","gray","0.00","UNK","2026-09-22 04:21:51.579131","2026-09-22 04:21:51.579131"
"S25U","INFER_S25U_VEH_ROOF_20260921_180355.mp4",560,"2026-09-21 18:04:04.371793","VEH_027","motorcycle","UNK","UNK","UNK","black","0.00","UNK","2026-09-22 04:21:51.579131","2026-09-22 04:21:51.579131"
"S25U","INFER_S25U_VEH_ROOF_20260921_180355.mp4",560,"2026-09-21 18:04:04.371793","VEH_028","motorcycle","UNK","UNK","UNK","UNK","0.00","UNK","2026-09-22 04:21:51.579131","2026-09-22 04:21:51.579131"
"S25U","INFER_S25U_VEH_ROOF_20260921_180355.mp4",560,"2026-09-21 18:04:04.371793","VEH_029","motorcycle","UNK","UNK","UNK","UNK","0.00","UNK","2026-09-22 04:21:51.579131","2026-09-22 04:21:51.579131"
"S25U","INFER_S25U_VEH_ROOF_20260921_180355.mp4",560,"2026-09-21 18:04:04.371793","VEH_030","motorcycle","UNK","UNK","UNK","red","0.00","UNK","2026-09-22 04:21:51.579131","2026-09-22 04:21:51.579131"
"S25U","INFER_S25U_VEH_ROOF_20260921_180355.mp4",560,"2026-09-21 18:04:04.371793","VEH_031","motorcycle","UNK","UNK","UNK","gray","0.00","UNK","2026-09-22 04:21:51.579131","2026-09-22 04:21:51.579131"
"S25U","INFER_S25U_VEH_ROOF_20260921_180355.mp4",560,"2026-09-21 18:04:04.371793","VEH_032","motorcycle","UNK","UNK","UNK","gray","0.00","UNK","2026-09-22 04:21:51.579131","2026-09-22 04:21:51.579131"
"S25U","INFER_S25U_VEH_ROOF_20260921_180355.mp4",560,"2026-09-21 18:04:04.371793","VEH_033","motorcycle","UNK","UNK","UNK","black","0.00","UNK","2026-09-22 04:21:51.579131","2026-09-22 04:21:51.579131"
"S25U","INFER_S25U_VEH_ROOF_20260921_180355.mp4",560,"2026-09-21 18:04:04.371793","VEH_034","motorcycle","UNK","UNK","UNK","UNK","0.00","UNK","2026-09-22 04:21:51.579131","2026-09-22 04:21:51.579131"
"S25U","INFER_S25U_VEH_ROOF_20260921_180355.mp4",560,"2026-09-21 18:04:04.371793","VEH_035","motorcycle","UNK","UNK","UNK","UNK","0.00","UNK","2026-09-22 04:21:51.579131","2026-09-22 04:21:51.579131"
"S25U","INFER_S25U_VEH_ROOF_20260921_180355.mp4",560,"2026-09-21 18:04:04.371793","VEH_036","motorcycle","UNK","UNK","UNK","black","0.00","UNK","2026-09-22 04:21:51.579131","2026-09-22 04:21:51.579131"
"S25U","INFER_S25U_VEH_ROOF_20260921_180355.mp4",560,"2026-09-21 18:04:04.371793","VEH_037","motorcycle","UNK","UNK","UNK","black","0.00","UNK","2026-09-22 04:21:51.579131","2026-09-22 04:21:51.579131"
"S25U","INFER_S25U_VEH_ROOF_20260921_180355.mp4",560,"2026-09-21 18:04:04.371793","VEH_038","motorcycle","UNK","UNK","UNK","UNK","0.00","UNK","2026-09-22 04:21:51.579131","2026-09-22 04:21:51.579131"
"S25U","INFER_S25U_VEH_ROOF_20260921_180355.mp4",560,"2026-09-21 18:04:04.371793","VEH_039","motorcycle","UNK","UNK","UNK","UNK","0.00","UNK","2026-09-22 04:21:51.579131","2026-09-22 04:21:51.579131"
"S25U","INFER_S25U_VEH_ROOF_20260921_180355.mp4",560,"2026-09-21 18:04:04.371793","VEH_040","truck","UNK","UNK","UNK","UNK","0.00","UNK","2026-09-22 04:21:51.579131","2026-09-22 04:21:51.579131"
"S25U","INFER_S25U_VEH_ROOF_20260921_180355.mp4",560,"2026-09-21 18:04:04.371793","VEH_041","bus","UNK","UNK","UNK","red","0.00","UNK","2026-09-22 04:21:51.579131","2026-09-22 04:21:51.579131"
"S25U","INFER_S25U_VEH_ROOF_20260921_180355.mp4",570,"2026-09-21 18:04:04.539147","VEH_001","motorcycle","UNK","UNK","UNK","gray","0.00","UNK","2026-09-22 04:21:53.928119","2026-09-22 04:21:53.928119"
"S25U","INFER_S25U_VEH_ROOF_20260921_180355.mp4",570,"2026-09-21 18:04:04.539147","VEH_002","motorcycle","UNK","UNK","UNK","gray","0.00","UNK","2026-09-22 04:21:53.928119","2026-09-22 04:21:53.928119"
"S25U","INFER_S25U_VEH_ROOF_20260921_180355.mp4",570,"2026-09-21 18:04:04.539147","VEH_003","motorcycle","UNK","UNK","UNK","gray","0.00","UNK","2026-09-22 04:21:53.928119","2026-09-22 04:21:53.928119"
"S25U","INFER_S25U_VEH_ROOF_20260921_180355.mp4",570,"2026-09-21 18:04:04.539147","VEH_004","motorcycle","UNK","UNK","UNK","gray","0.00","UNK","2026-09-22 04:21:53.928119","2026-09-22 04:21:53.928119"
"S25U","INFER_S25U_VEH_ROOF_20260921_180355.mp4",570,"2026-09-21 18:04:04.539147","VEH_005","motorcycle","UNK","UNK","UNK","gray","0.00","UNK","2026-09-22 04:21:53.928119","2026-09-22 04:21:53.928119"
"S25U","INFER_S25U_VEH_ROOF_20260921_180355.mp4",570,"2026-09-21 18:04:04.539147","VEH_006","motorcycle","UNK","UNK","UNK","black","0.00","UNK","2026-09-22 04:21:53.928119","2026-09-22 04:21:53.928119"
"S25U","INFER_S25U_VEH_ROOF_20260921_180355.mp4",570,"2026-09-21 18:04:04.539147","VEH_007","motorcycle","UNK","UNK","UNK","black","0.00","UNK","2026-09-22 04:21:53.928119","2026-09-22 04:21:53.928119"
"S25U","INFER_S25U_VEH_ROOF_20260921_180355.mp4",570,"2026-09-21 18:04:04.539147","VEH_008","motorcycle","UNK","UNK","UNK","black","0.00","UNK","2026-09-22 04:21:53.928119","2026-09-22 04:21:53.928119"
"S25U","INFER_S25U_VEH_ROOF_20260921_180355.mp4",570,"2026-09-21 18:04:04.539147","VEH_009","motorcycle","UNK","UNK","UNK","gray","0.00","UNK","2026-09-22 04:21:53.928119","2026-09-22 04:21:53.928119"
"S25U","INFER_S25U_VEH_ROOF_20260921_180355.mp4",570,"2026-09-21 18:04:04.539147","VEH_010","motorcycle","UNK","UNK","UNK","gray","0.00","UNK","2026-09-22 04:21:53.928119","2026-09-22 04:21:53.928119"
"S25U","INFER_S25U_VEH_ROOF_20260921_180355.mp4",570,"2026-09-21 18:04:04.539147","VEH_011","motorcycle","UNK","UNK","UNK","gray","0.00","UNK","2026-09-22 04:21:53.928119","2026-09-22 04:21:53.928119"
"S25U","INFER_S25U_VEH_ROOF_20260921_180355.mp4",570,"2026-09-21 18:04:04.539147","VEH_012","motorcycle","UNK","UNK","UNK","gray","0.00","UNK","2026-09-22 04:21:53.928119","2026-09-22 04:21:53.928119"
"S25U","INFER_S25U_VEH_ROOF_20260921_180355.mp4",570,"2026-09-21 18:04:04.539147","VEH_013","motorcycle","UNK","UNK","UNK","gray","0.00","UNK","2026-09-22 04:21:53.928119","2026-09-22 04:21:53.928119"
"S25U","INFER_S25U_VEH_ROOF_20260921_180355.mp4",570,"2026-09-21 18:04:04.539147","VEH_014","motorcycle","UNK","UNK","UNK","gray","0.00","UNK","2026-09-22 04:21:53.928119","2026-09-22 04:21:53.928119"
"S25U","INFER_S25U_VEH_ROOF_20260921_180355.mp4",570,"2026-09-21 18:04:04.539147","VEH_015","motorcycle","UNK","UNK","UNK","black","0.00","UNK","2026-09-22 04:21:53.928119","2026-09-22 04:21:53.928119"
"S25U","INFER_S25U_VEH_ROOF_20260921_180355.mp4",570,"2026-09-21 18:04:04.539147","VEH_016","motorcycle","UNK","UNK","UNK","black","0.00","UNK","2026-09-22 04:21:53.928119","2026-09-22 04:21:53.928119"
"S25U","INFER_S25U_VEH_ROOF_20260921_180355.mp4",570,"2026-09-21 18:04:04.539147","VEH_017","motorcycle","UNK","UNK","UNK","black","0.00","UNK","2026-09-22 04:21:53.928119","2026-09-22 04:21:53.928119"
"S25U","INFER_S25U_VEH_ROOF_20260921_180355.mp4",570,"2026-09-21 18:04:04.539147","VEH_018","motorcycle","UNK","UNK","UNK","black","0.00","UNK","2026-09-22 04:21:53.928119","2026-09-22 04:21:53.928119"
"S25U","INFER_S25U_VEH_ROOF_20260921_180355.mp4",570,"2026-09-21 18:04:04.539147","VEH_019","motorcycle","UNK","UNK","UNK","UNK","0.00","UNK","2026-09-22 04:21:53.928119","2026-09-22 04:21:53.928119"
"S25U","INFER_S25U_VEH_ROOF_20260921_180355.mp4",570,"2026-09-21 18:04:04.539147","VEH_020","motorcycle","UNK","UNK","UNK","gray","0.00","UNK","2026-09-22 04:21:53.928119","2026-09-22 04:21:53.928119"
"S25U","INFER_S25U_VEH_ROOF_20260921_180355.mp4",570,"2026-09-21 18:04:04.539147","VEH_021","motorcycle","UNK","UNK","UNK","gray","0.00","UNK","2026-09-22 04:21:53.928119","2026-09-22 04:21:53.928119"
"S25U","INFER_S25U_VEH_ROOF_20260921_180355.mp4",570,"2026-09-21 18:04:04.539147","VEH_022","motorcycle","UNK","UNK","UNK","gray","0.00","UNK","2026-09-22 04:21:53.928119","2026-09-22 04:21:53.928119"
"S25U","INFER_S25U_VEH_ROOF_20260921_180355.mp4",570,"2026-09-21 18:04:04.539147","VEH_023","motorcycle","UNK","UNK","UNK","gray","0.00","UNK","2026-09-22 04:21:53.928119","2026-09-22 04:21:53.928119"
"S25U","INFER_S25U_VEH_ROOF_20260921_180355.mp4",570,"2026-09-21 18:04:04.539147","VEH_024","motorcycle","UNK","UNK","UNK","gray","0.00","UNK","2026-09-22 04:21:53.928119","2026-09-22 04:21:53.928119"
"S25U","INFER_S25U_VEH_ROOF_20260921_180355.mp4",570,"2026-09-21 18:04:04.539147","VEH_025","motorcycle","UNK","UNK","UNK","gray","0.00","UNK","2026-09-22 04:21:53.928119","2026-09-22 04:21:53.928119"
"S25U","INFER_S25U_VEH_ROOF_20260921_180355.mp4",570,"2026-09-21 18:04:04.539147","VEH_026","motorcycle","UNK","UNK","UNK","UNK","0.00","UNK","2026-09-22 04:21:53.928119","2026-09-22 04:21:53.928119"
"S25U","INFER_S25U_VEH_ROOF_20260921_180355.mp4",570,"2026-09-21 18:04:04.539147","VEH_027","motorcycle","UNK","UNK","UNK","UNK","0.00","UNK","2026-09-22 04:21:53.928119","2026-09-22 04:21:53.928119"
"S25U","INFER_S25U_VEH_ROOF_20260921_180355.mp4",570,"2026-09-21 18:04:04.539147","VEH_028","motorcycle","UNK","UNK","UNK","UNK","0.00","UNK","2026-09-22 04:21:53.928119","2026-09-22 04:21:53.928119"
"S25U","INFER_S25U_VEH_ROOF_20260921_180355.mp4",570,"2026-09-21 18:04:04.539147","VEH_029","motorcycle","UNK","UNK","UNK","UNK","0.00","UNK","2026-09-22 04:21:53.928119","2026-09-22 04:21:53.928119"
"S25U","INFER_S25U_VEH_ROOF_20260921_180355.mp4",570,"2026-09-21 18:04:04.539147","VEH_030","motorcycle","UNK","UNK","UNK","gray","0.00","UNK","2026-09-22 04:21:53.928119","2026-09-22 04:21:53.928119"
"S25U","INFER_S25U_VEH_ROOF_20260921_180355.mp4",570,"2026-09-21 18:04:04.539147","VEH_031","motorcycle","UNK","UNK","UNK","gray","0.00","UNK","2026-09-22 04:21:53.928119","2026-09-22 04:21:53.928119"
"S25U","INFER_S25U_VEH_ROOF_20260921_180355.mp4",570,"2026-09-21 18:04:04.539147","VEH_032","motorcycle","UNK","UNK","UNK","gray","0.00","UNK","2026-09-22 04:21:53.928119","2026-09-22 04:21:53.928119"
"S25U","INFER_S25U_VEH_ROOF_20260921_180355.mp4",570,"2026-09-21 18:04:04.539147","VEH_033","bus","UNK","UNK","UNK","gray","0.00","UNK","2026-09-22 04:21:53.928119","2026-09-22 04:21:53.928119"
"S25U","INFER_S25U_VEH_ROOF_20260921_180355.mp4",570,"2026-09-21 18:04:04.539147","VEH_034","motorcycle","UNK","UNK","UNK","black","0.00","UNK","2026-09-22 04:21:53.928119","2026-09-22 04:21:53.928119"
"S25U","INFER_S25U_VEH_ROOF_20260921_180355.mp4",570,"2026-09-21 18:04:04.539147","VEH_035","motorcycle","UNK","UNK","UNK","black","0.00","UNK","2026-09-22 04:21:53.928119","2026-09-22 04:21:53.928119"
"S25U","INFER_S25U_VEH_ROOF_20260921_180355.mp4",570,"2026-09-21 18:04:04.539147","VEH_036","motorcycle","UNK","UNK","UNK","gray","0.00","UNK","2026-09-22 04:21:53.928119","2026-09-22 04:21:53.928119"
"S25U","INFER_S25U_VEH_ROOF_20260921_180355.mp4",570,"2026-09-21 18:04:04.539147","VEH_037","motorcycle","UNK","UNK","UNK","black","0.00","UNK","2026-09-22 04:21:53.928119","2026-09-22 04:21:53.928119"
"S25U","INFER_S25U_VEH_ROOF_20260921_180355.mp4",570,"2026-09-21 18:04:04.539147","VEH_038","motorcycle","UNK","UNK","UNK","black","0.00","UNK","2026-09-22 04:21:53.928119","2026-09-22 04:21:53.928119"
"S25U","INFER_S25U_VEH_ROOF_20260921_180355.mp4",570,"2026-09-21 18:04:04.539147","VEH_039","motorcycle","UNK","UNK","UNK","black","0.00","UNK","2026-09-22 04:21:53.928119","2026-09-22 04:21:53.928119"
"S25U","INFER_S25U_VEH_ROOF_20260921_180355.mp4",570,"2026-09-21 18:04:04.539147","VEH_040","motorcycle","UNK","UNK","UNK","gray","0.00","UNK","2026-09-22 04:21:53.928119","2026-09-22 04:21:53.928119"
"S25U","INFER_S25U_VEH_ROOF_20260921_180355.mp4",570,"2026-09-21 18:04:04.539147","VEH_041","motorcycle","UNK","UNK","UNK","gray","0.00","UNK","2026-09-22 04:21:53.928119","2026-09-22 04:21:53.928119"
"S25U","INFER_S25U_VEH_ROOF_20260921_180355.mp4",570,"2026-09-21 18:04:04.539147","VEH_042","motorcycle","UNK","UNK","UNK","black","0.00","UNK","2026-09-22 04:21:53.928119","2026-09-22 04:21:53.928119"
"S25U","INFER_S25U_VEH_ROOF_20260921_180355.mp4",570,"2026-09-21 18:04:04.539147","VEH_043","motorcycle","UNK","UNK","UNK","black","0.00","UNK","2026-09-22 04:21:53.928119","2026-09-22 04:21:53.928119"
"S25U","INFER_S25U_VEH_ROOF_20260921_180355.mp4",570,"2026-09-21 18:04:04.539147","VEH_044","motorcycle","UNK","UNK","UNK","UNK","0.00","UNK","2026-09-22 04:21:53.928119","2026-09-22 04:21:53.928119"
"S25U","INFER_S25U_VEH_ROOF_20260921_180355.mp4",570,"2026-09-21 18:04:04.539147","VEH_045","truck","UNK","UNK","UNK","UNK","0.00","UNK","2026-09-22 04:21:53.928119","2026-09-22 04:21:53.928119"
"S25U","INFER_S25U_VEH_ROOF_20260921_180355.mp4",580,"2026-09-21 18:04:04.7065","VEH_001","motorcycle","UNK","UNK","UNK","gray","0.00","UNK","2026-09-22 04:21:56.275517","2026-09-22 04:21:56.275517"
"S25U","INFER_S25U_VEH_ROOF_20260921_180355.mp4",580,"2026-09-21 18:04:04.7065","VEH_002","motorcycle","UNK","UNK","UNK","gray","0.00","UNK","2026-09-22 04:21:56.275517","2026-09-22 04:21:56.275517"
"S25U","INFER_S25U_VEH_ROOF_20260921_180355.mp4",580,"2026-09-21 18:04:04.7065","VEH_003","motorcycle","UNK","UNK","UNK","gray","0.00","UNK","2026-09-22 04:21:56.275517","2026-09-22 04:21:56.275517"
"S25U","INFER_S25U_VEH_ROOF_20260921_180355.mp4",580,"2026-09-21 18:04:04.7065","VEH_004","motorcycle","UNK","UNK","UNK","black","0.00","UNK","2026-09-22 04:21:56.275517","2026-09-22 04:21:56.275517"
"S25U","INFER_S25U_VEH_ROOF_20260921_180355.mp4",580,"2026-09-21 18:04:04.7065","VEH_005","motorcycle","UNK","UNK","UNK","gray","0.00","UNK","2026-09-22 04:21:56.275517","2026-09-22 04:21:56.275517"
"S25U","INFER_S25U_VEH_ROOF_20260921_180355.mp4",580,"2026-09-21 18:04:04.7065","VEH_006","motorcycle","UNK","UNK","UNK","gray","0.00","UNK","2026-09-22 04:21:56.275517","2026-09-22 04:21:56.275517"
"S25U","INFER_S25U_VEH_ROOF_20260921_180355.mp4",580,"2026-09-21 18:04:04.7065","VEH_007","motorcycle","UNK","UNK","UNK","gray","0.00","UNK","2026-09-22 04:21:56.275517","2026-09-22 04:21:56.275517"
"S25U","INFER_S25U_VEH_ROOF_20260921_180355.mp4",580,"2026-09-21 18:04:04.7065","VEH_008","motorcycle","UNK","UNK","UNK","gray","0.00","UNK","2026-09-22 04:21:56.275517","2026-09-22 04:21:56.275517"
"S25U","INFER_S25U_VEH_ROOF_20260921_180355.mp4",580,"2026-09-21 18:04:04.7065","VEH_009","motorcycle","UNK","UNK","UNK","gray","0.00","UNK","2026-09-22 04:21:56.275517","2026-09-22 04:21:56.275517"
"S25U","INFER_S25U_VEH_ROOF_20260921_180355.mp4",580,"2026-09-21 18:04:04.7065","VEH_010","motorcycle","UNK","UNK","UNK","black","0.00","UNK","2026-09-22 04:21:56.275517","2026-09-22 04:21:56.275517"
"S25U","INFER_S25U_VEH_ROOF_20260921_180355.mp4",580,"2026-09-21 18:04:04.7065","VEH_011","motorcycle","UNK","UNK","UNK","gray","0.00","UNK","2026-09-22 04:21:56.275517","2026-09-22 04:21:56.275517"
"S25U","INFER_S25U_VEH_ROOF_20260921_180355.mp4",580,"2026-09-21 18:04:04.7065","VEH_012","motorcycle","UNK","UNK","UNK","gray","0.00","UNK","2026-09-22 04:21:56.275517","2026-09-22 04:21:56.275517"
"S25U","INFER_S25U_VEH_ROOF_20260921_180355.mp4",580,"2026-09-21 18:04:04.7065","VEH_013","motorcycle","UNK","UNK","UNK","gray","0.00","UNK","2026-09-22 04:21:56.275517","2026-09-22 04:21:56.275517"
"S25U","INFER_S25U_VEH_ROOF_20260921_180355.mp4",580,"2026-09-21 18:04:04.7065","VEH_014","motorcycle","UNK","UNK","UNK","gray","0.00","UNK","2026-09-22 04:21:56.275517","2026-09-22 04:21:56.275517"
"S25U","INFER_S25U_VEH_ROOF_20260921_180355.mp4",580,"2026-09-21 18:04:04.7065","VEH_015","motorcycle","UNK","UNK","UNK","gray","0.00","UNK","2026-09-22 04:21:56.275517","2026-09-22 04:21:56.275517"
"S25U","INFER_S25U_VEH_ROOF_20260921_180355.mp4",580,"2026-09-21 18:04:04.7065","VEH_016","motorcycle","UNK","UNK","UNK","gray","0.00","UNK","2026-09-22 04:21:56.275517","2026-09-22 04:21:56.275517"
"S25U","INFER_S25U_VEH_ROOF_20260921_180355.mp4",580,"2026-09-21 18:04:04.7065","VEH_017","motorcycle","UNK","UNK","UNK","gray","0.00","UNK","2026-09-22 04:21:56.275517","2026-09-22 04:21:56.275517"
"S25U","INFER_S25U_VEH_ROOF_20260921_180355.mp4",580,"2026-09-21 18:04:04.7065","VEH_018","motorcycle","UNK","UNK","UNK","gray","0.00","UNK","2026-09-22 04:21:56.275517","2026-09-22 04:21:56.275517"
"S25U","INFER_S25U_VEH_ROOF_20260921_180355.mp4",580,"2026-09-21 18:04:04.7065","VEH_019","motorcycle","UNK","UNK","UNK","black","0.00","UNK","2026-09-22 04:21:56.275517","2026-09-22 04:21:56.275517"
"S25U","INFER_S25U_VEH_ROOF_20260921_180355.mp4",580,"2026-09-21 18:04:04.7065","VEH_020","motorcycle","UNK","UNK","UNK","UNK","0.00","UNK","2026-09-22 04:21:56.275517","2026-09-22 04:21:56.275517"
"S25U","INFER_S25U_VEH_ROOF_20260921_180355.mp4",580,"2026-09-21 18:04:04.7065","VEH_021","motorcycle","UNK","UNK","UNK","UNK","0.00","UNK","2026-09-22 04:21:56.275517","2026-09-22 04:21:56.275517"
"S25U","INFER_S25U_VEH_ROOF_20260921_180355.mp4",580,"2026-09-21 18:04:04.7065","VEH_022","motorcycle","UNK","UNK","UNK","gray","0.00","UNK","2026-09-22 04:21:56.275517","2026-09-22 04:21:56.275517"
"S25U","INFER_S25U_VEH_ROOF_20260921_180355.mp4",580,"2026-09-21 18:04:04.7065","VEH_023","motorcycle","UNK","UNK","UNK","gray","0.00","UNK","2026-09-22 04:21:56.275517","2026-09-22 04:21:56.275517"
"S25U","INFER_S25U_VEH_ROOF_20260921_180355.mp4",580,"2026-09-21 18:04:04.7065","VEH_024","motorcycle","UNK","UNK","UNK","gray","0.00","UNK","2026-09-22 04:21:56.275517","2026-09-22 04:21:56.275517"
"S25U","INFER_S25U_VEH_ROOF_20260921_180355.mp4",580,"2026-09-21 18:04:04.7065","VEH_025","motorcycle","UNK","UNK","UNK","gray","0.00","UNK","2026-09-22 04:21:56.275517","2026-09-22 04:21:56.275517"
"S25U","INFER_S25U_VEH_ROOF_20260921_180355.mp4",580,"2026-09-21 18:04:04.7065","VEH_026","motorcycle","UNK","UNK","UNK","black","0.00","UNK","2026-09-22 04:21:56.275517","2026-09-22 04:21:56.275517"
"S25U","INFER_S25U_VEH_ROOF_20260921_180355.mp4",580,"2026-09-21 18:04:04.7065","VEH_027","motorcycle","UNK","UNK","UNK","orange","0.00","UNK","2026-09-22 04:21:56.275517","2026-09-22 04:21:56.275517"
"S25U","INFER_S25U_VEH_ROOF_20260921_180355.mp4",580,"2026-09-21 18:04:04.7065","VEH_028","motorcycle","UNK","UNK","UNK","orange","0.00","UNK","2026-09-22 04:21:56.275517","2026-09-22 04:21:56.275517"
"S25U","INFER_S25U_VEH_ROOF_20260921_180355.mp4",580,"2026-09-21 18:04:04.7065","VEH_029","motorcycle","UNK","UNK","UNK","black","0.00","UNK","2026-09-22 04:21:56.275517","2026-09-22 04:21:56.275517"
"S25U","INFER_S25U_VEH_ROOF_20260921_180355.mp4",580,"2026-09-21 18:04:04.7065","VEH_030","motorcycle","UNK","UNK","UNK","UNK","0.00","UNK","2026-09-22 04:21:56.275517","2026-09-22 04:21:56.275517"
"S25U","INFER_S25U_VEH_ROOF_20260921_180355.mp4",580,"2026-09-21 18:04:04.7065","VEH_031","motorcycle","UNK","UNK","UNK","UNK","0.00","UNK","2026-09-22 04:21:56.275517","2026-09-22 04:21:56.275517"
"S25U","INFER_S25U_VEH_ROOF_20260921_180355.mp4",580,"2026-09-21 18:04:04.7065","VEH_032","motorcycle","UNK","UNK","UNK","black","0.00","UNK","2026-09-22 04:21:56.275517","2026-09-22 04:21:56.275517"
"S25U","INFER_S25U_VEH_ROOF_20260921_180355.mp4",580,"2026-09-21 18:04:04.7065","VEH_033","motorcycle","UNK","UNK","UNK","gray","0.00","UNK","2026-09-22 04:21:56.275517","2026-09-22 04:21:56.275517"
"S25U","INFER_S25U_VEH_ROOF_20260921_180355.mp4",580,"2026-09-21 18:04:04.7065","VEH_034","motorcycle","UNK","UNK","UNK","black","0.00","UNK","2026-09-22 04:21:56.275517","2026-09-22 04:21:56.275517"
"S25U","INFER_S25U_VEH_ROOF_20260921_180355.mp4",580,"2026-09-21 18:04:04.7065","VEH_035","motorcycle","UNK","UNK","UNK","black","0.00","UNK","2026-09-22 04:21:56.275517","2026-09-22 04:21:56.275517"
"S25U","INFER_S25U_VEH_ROOF_20260921_180355.mp4",580,"2026-09-21 18:04:04.7065","VEH_036","motorcycle","UNK","UNK","UNK","black","0.00","UNK","2026-09-22 04:21:56.275517","2026-09-22 04:21:56.275517"
"S25U","INFER_S25U_VEH_ROOF_20260921_180355.mp4",580,"2026-09-21 18:04:04.7065","VEH_037","motorcycle","UNK","UNK","UNK","UNK","0.00","UNK","2026-09-22 04:21:56.275517","2026-09-22 04:21:56.275517"
"S25U","INFER_S25U_VEH_ROOF_20260921_180355.mp4",580,"2026-09-21 18:04:04.7065","VEH_038","motorcycle","UNK","UNK","UNK","black","0.00","UNK","2026-09-22 04:21:56.275517","2026-09-22 04:21:56.275517"
"S25U","INFER_S25U_VEH_ROOF_20260921_180355.mp4",580,"2026-09-21 18:04:04.7065","VEH_039","motorcycle","UNK","UNK","UNK","black","0.00","UNK","2026-09-22 04:21:56.275517","2026-09-22 04:21:56.275517"
"S25U","INFER_S25U_VEH_ROOF_20260921_180355.mp4",580,"2026-09-21 18:04:04.7065","VEH_040","motorcycle","UNK","UNK","UNK","gray","0.00","UNK","2026-09-22 04:21:56.275517","2026-09-22 04:21:56.275517"
"S25U","INFER_S25U_VEH_ROOF_20260921_180355.mp4",580,"2026-09-21 18:04:04.7065","VEH_041","motorcycle","UNK","UNK","UNK","gray","0.00","UNK","2026-09-22 04:21:56.275517","2026-09-22 04:21:56.275517"
"S25U","INFER_S25U_VEH_ROOF_20260921_180355.mp4",580,"2026-09-21 18:04:04.7065","VEH_042","motorcycle","UNK","UNK","UNK","black","0.00","UNK","2026-09-22 04:21:56.275517","2026-09-22 04:21:56.275517"
"S25U","INFER_S25U_VEH_ROOF_20260921_180355.mp4",580,"2026-09-21 18:04:04.7065","VEH_043","motorcycle","UNK","UNK","UNK","black","0.00","UNK","2026-09-22 04:21:56.275517","2026-09-22 04:21:56.275517"
"S25U","INFER_S25U_VEH_ROOF_20260921_180355.mp4",580,"2026-09-21 18:04:04.7065","VEH_044","motorcycle","UNK","UNK","UNK","UNK","0.00","UNK","2026-09-22 04:21:56.275517","2026-09-22 04:21:56.275517"
"S25U","INFER_S25U_VEH_ROOF_20260921_180355.mp4",580,"2026-09-21 18:04:04.7065","VEH_045","truck","UNK","UNK","UNK","UNK","0.00","UNK","2026-09-22 04:21:56.275517","2026-09-22 04:21:56.275517"
"S25U","INFER_S25U_VEH_ROOF_20260921_180355.mp4",580,"2026-09-21 18:04:04.7065","VEH_046","bus","UNK","UNK","UNK","gray","0.00","UNK","2026-09-22 04:21:56.275517","2026-09-22 04:21:56.275517"
"S25U","INFER_S25U_VEH_ROOF_20260921_180355.mp4",590,"2026-09-21 18:04:04.873854","VEH_001","motorcycle","UNK","UNK","UNK","gray","0.00","UNK","2026-09-22 04:21:58.708248","2026-09-22 04:21:58.708248"
"S25U","INFER_S25U_VEH_ROOF_20260921_180355.mp4",590,"2026-09-21 18:04:04.873854","VEH_002","motorcycle","UNK","UNK","UNK","gray","0.00","UNK","2026-09-22 04:21:58.708248","2026-09-22 04:21:58.708248"
"S25U","INFER_S25U_VEH_ROOF_20260921_180355.mp4",590,"2026-09-21 18:04:04.873854","VEH_003","motorcycle","UNK","UNK","UNK","gray","0.00","UNK","2026-09-22 04:21:58.708248","2026-09-22 04:21:58.708248"
"S25U","INFER_S25U_VEH_ROOF_20260921_180355.mp4",590,"2026-09-21 18:04:04.873854","VEH_004","motorcycle","UNK","UNK","UNK","black","0.00","UNK","2026-09-22 04:21:58.708248","2026-09-22 04:21:58.708248"
"S25U","INFER_S25U_VEH_ROOF_20260921_180355.mp4",590,"2026-09-21 18:04:04.873854","VEH_005","motorcycle","UNK","UNK","UNK","gray","0.00","UNK","2026-09-22 04:21:58.708248","2026-09-22 04:21:58.708248"
"S25U","INFER_S25U_VEH_ROOF_20260921_180355.mp4",590,"2026-09-21 18:04:04.873854","VEH_006","motorcycle","UNK","UNK","UNK","gray","0.00","UNK","2026-09-22 04:21:58.708248","2026-09-22 04:21:58.708248"
"S25U","INFER_S25U_VEH_ROOF_20260921_180355.mp4",590,"2026-09-21 18:04:04.873854","VEH_007","motorcycle","UNK","UNK","UNK","gray","0.00","UNK","2026-09-22 04:21:58.708248","2026-09-22 04:21:58.708248"
"S25U","INFER_S25U_VEH_ROOF_20260921_180355.mp4",590,"2026-09-21 18:04:04.873854","VEH_008","bus","UNK","UNK","UNK","gray","0.00","UNK","2026-09-22 04:21:58.708248","2026-09-22 04:21:58.708248"
"S25U","INFER_S25U_VEH_ROOF_20260921_180355.mp4",590,"2026-09-21 18:04:04.873854","VEH_009","motorcycle","UNK","UNK","UNK","black","0.00","UNK","2026-09-22 04:21:58.708248","2026-09-22 04:21:58.708248"
"S25U","INFER_S25U_VEH_ROOF_20260921_180355.mp4",590,"2026-09-21 18:04:04.873854","VEH_010","motorcycle","UNK","UNK","UNK","black","0.00","UNK","2026-09-22 04:21:58.708248","2026-09-22 04:21:58.708248"
"S25U","INFER_S25U_VEH_ROOF_20260921_180355.mp4",590,"2026-09-21 18:04:04.873854","VEH_011","motorcycle","UNK","UNK","UNK","black","0.00","UNK","2026-09-22 04:21:58.708248","2026-09-22 04:21:58.708248"
"S25U","INFER_S25U_VEH_ROOF_20260921_180355.mp4",590,"2026-09-21 18:04:04.873854","VEH_012","motorcycle","UNK","UNK","UNK","gray","0.00","UNK","2026-09-22 04:21:58.708248","2026-09-22 04:21:58.708248"
"S25U","INFER_S25U_VEH_ROOF_20260921_180355.mp4",590,"2026-09-21 18:04:04.873854","VEH_013","motorcycle","UNK","UNK","UNK","gray","0.00","UNK","2026-09-22 04:21:58.708248","2026-09-22 04:21:58.708248"
"S25U","INFER_S25U_VEH_ROOF_20260921_180355.mp4",590,"2026-09-21 18:04:04.873854","VEH_014","motorcycle","UNK","UNK","UNK","gray","0.00","UNK","2026-09-22 04:21:58.708248","2026-09-22 04:21:58.708248"
"S25U","INFER_S25U_VEH_ROOF_20260921_180355.mp4",590,"2026-09-21 18:04:04.873854","VEH_015","motorcycle","UNK","UNK","UNK","gray","0.00","UNK","2026-09-22 04:21:58.708248","2026-09-22 04:21:58.708248"
"S25U","INFER_S25U_VEH_ROOF_20260921_180355.mp4",590,"2026-09-21 18:04:04.873854","VEH_016","motorcycle","UNK","UNK","UNK","gray","0.00","UNK","2026-09-22 04:21:58.708248","2026-09-22 04:21:58.708248"
"S25U","INFER_S25U_VEH_ROOF_20260921_180355.mp4",590,"2026-09-21 18:04:04.873854","VEH_017","motorcycle","UNK","UNK","UNK","gray","0.00","UNK","2026-09-22 04:21:58.708248","2026-09-22 04:21:58.708248"
"S25U","INFER_S25U_VEH_ROOF_20260921_180355.mp4",590,"2026-09-21 18:04:04.873854","VEH_018","motorcycle","UNK","UNK","UNK","black","0.00","UNK","2026-09-22 04:21:58.708248","2026-09-22 04:21:58.708248"
"S25U","INFER_S25U_VEH_ROOF_20260921_180355.mp4",590,"2026-09-21 18:04:04.873854","VEH_019","motorcycle","UNK","UNK","UNK","UNK","0.00","UNK","2026-09-22 04:21:58.708248","2026-09-22 04:21:58.708248"
"S25U","INFER_S25U_VEH_ROOF_20260921_180355.mp4",590,"2026-09-21 18:04:04.873854","VEH_020","motorcycle","UNK","UNK","UNK","gray","0.00","UNK","2026-09-22 04:21:58.708248","2026-09-22 04:21:58.708248"
"S25U","INFER_S25U_VEH_ROOF_20260921_180355.mp4",590,"2026-09-21 18:04:04.873854","VEH_021","motorcycle","UNK","UNK","UNK","gray","0.00","UNK","2026-09-22 04:21:58.708248","2026-09-22 04:21:58.708248"
"S25U","INFER_S25U_VEH_ROOF_20260921_180355.mp4",590,"2026-09-21 18:04:04.873854","VEH_022","motorcycle","UNK","UNK","UNK","gray","0.00","UNK","2026-09-22 04:21:58.708248","2026-09-22 04:21:58.708248"
"S25U","INFER_S25U_VEH_ROOF_20260921_180355.mp4",590,"2026-09-21 18:04:04.873854","VEH_023","motorcycle","UNK","UNK","UNK","gray","0.00","UNK","2026-09-22 04:21:58.708248","2026-09-22 04:21:58.708248"
"S25U","INFER_S25U_VEH_ROOF_20260921_180355.mp4",590,"2026-09-21 18:04:04.873854","VEH_024","motorcycle","UNK","UNK","UNK","gray","0.00","UNK","2026-09-22 04:21:58.708248","2026-09-22 04:21:58.708248"
"S25U","INFER_S25U_VEH_ROOF_20260921_180355.mp4",590,"2026-09-21 18:04:04.873854","VEH_025","motorcycle","UNK","UNK","UNK","gray","0.00","UNK","2026-09-22 04:21:58.708248","2026-09-22 04:21:58.708248"
"S25U","INFER_S25U_VEH_ROOF_20260921_180355.mp4",590,"2026-09-21 18:04:04.873854","VEH_026","motorcycle","UNK","UNK","UNK","orange","0.00","UNK","2026-09-22 04:21:58.708248","2026-09-22 04:21:58.708248"
"S25U","INFER_S25U_VEH_ROOF_20260921_180355.mp4",590,"2026-09-21 18:04:04.873854","VEH_027","motorcycle","UNK","UNK","UNK","orange","0.00","UNK","2026-09-22 04:21:58.708248","2026-09-22 04:21:58.708248"
"S25U","INFER_S25U_VEH_ROOF_20260921_180355.mp4",590,"2026-09-21 18:04:04.873854","VEH_028","motorcycle","UNK","UNK","UNK","UNK","0.00","UNK","2026-09-22 04:21:58.708248","2026-09-22 04:21:58.708248"
"S25U","INFER_S25U_VEH_ROOF_20260921_180355.mp4",590,"2026-09-21 18:04:04.873854","VEH_029","motorcycle","UNK","UNK","UNK","UNK","0.00","UNK","2026-09-22 04:21:58.708248","2026-09-22 04:21:58.708248"
"S25U","INFER_S25U_VEH_ROOF_20260921_180355.mp4",590,"2026-09-21 18:04:04.873854","VEH_030","motorcycle","UNK","UNK","UNK","UNK","0.00","UNK","2026-09-22 04:21:58.708248","2026-09-22 04:21:58.708248"
"S25U","INFER_S25U_VEH_ROOF_20260921_180355.mp4",590,"2026-09-21 18:04:04.873854","VEH_031","motorcycle","UNK","UNK","UNK","gray","0.00","UNK","2026-09-22 04:21:58.708248","2026-09-22 04:21:58.708248"
"S25U","INFER_S25U_VEH_ROOF_20260921_180355.mp4",590,"2026-09-21 18:04:04.873854","VEH_032","motorcycle","UNK","UNK","UNK","gray","0.00","UNK","2026-09-22 04:21:58.708248","2026-09-22 04:21:58.708248"
"S25U","INFER_S25U_VEH_ROOF_20260921_180355.mp4",590,"2026-09-21 18:04:04.873854","VEH_033","motorcycle","UNK","UNK","UNK","gray","0.00","UNK","2026-09-22 04:21:58.708248","2026-09-22 04:21:58.708248"
"S25U","INFER_S25U_VEH_ROOF_20260921_180355.mp4",590,"2026-09-21 18:04:04.873854","VEH_034","motorcycle","UNK","UNK","UNK","UNK","0.00","UNK","2026-09-22 04:21:58.708248","2026-09-22 04:21:58.708248"
"S25U","INFER_S25U_VEH_ROOF_20260921_180355.mp4",590,"2026-09-21 18:04:04.873854","VEH_035","motorcycle","UNK","UNK","UNK","gray","0.00","UNK","2026-09-22 04:21:58.708248","2026-09-22 04:21:58.708248"
"S25U","INFER_S25U_VEH_ROOF_20260921_180355.mp4",590,"2026-09-21 18:04:04.873854","VEH_036","motorcycle","UNK","UNK","UNK","gray","0.00","UNK","2026-09-22 04:21:58.708248","2026-09-22 04:21:58.708248"
"S25U","INFER_S25U_VEH_ROOF_20260921_180355.mp4",590,"2026-09-21 18:04:04.873854","VEH_037","motorcycle","UNK","UNK","UNK","gray","0.00","UNK","2026-09-22 04:21:58.708248","2026-09-22 04:21:58.708248"
"S25U","INFER_S25U_VEH_ROOF_20260921_180355.mp4",590,"2026-09-21 18:04:04.873854","VEH_038","motorcycle","UNK","UNK","UNK","gray","0.00","UNK","2026-09-22 04:21:58.708248","2026-09-22 04:21:58.708248"
"S25U","INFER_S25U_VEH_ROOF_20260921_180355.mp4",590,"2026-09-21 18:04:04.873854","VEH_039","motorcycle","UNK","UNK","UNK","gray","0.00","UNK","2026-09-22 04:21:58.708248","2026-09-22 04:21:58.708248"
"S25U","INFER_S25U_VEH_ROOF_20260921_180355.mp4",590,"2026-09-21 18:04:04.873854","VEH_040","motorcycle","UNK","UNK","UNK","black","0.00","UNK","2026-09-22 04:21:58.708248","2026-09-22 04:21:58.708248"
"S25U","INFER_S25U_VEH_ROOF_20260921_180355.mp4",590,"2026-09-21 18:04:04.873854","VEH_041","motorcycle","UNK","UNK","UNK","black","0.00","UNK","2026-09-22 04:21:58.708248","2026-09-22 04:21:58.708248"
"S25U","INFER_S25U_VEH_ROOF_20260921_180355.mp4",590,"2026-09-21 18:04:04.873854","VEH_042","motorcycle","UNK","UNK","UNK","black","0.00","UNK","2026-09-22 04:21:58.708248","2026-09-22 04:21:58.708248"
"S25U","INFER_S25U_VEH_ROOF_20260921_180355.mp4",590,"2026-09-21 18:04:04.873854","VEH_043","motorcycle","UNK","UNK","UNK","black","0.00","UNK","2026-09-22 04:21:58.708248","2026-09-22 04:21:58.708248"
"S25U","INFER_S25U_VEH_ROOF_20260921_180355.mp4",590,"2026-09-21 18:04:04.873854","VEH_044","motorcycle","UNK","UNK","UNK","black","0.00","UNK","2026-09-22 04:21:58.708248","2026-09-22 04:21:58.708248"
"S25U","INFER_S25U_VEH_ROOF_20260921_180355.mp4",590,"2026-09-21 18:04:04.873854","VEH_045","motorcycle","UNK","UNK","UNK","gray","0.00","UNK","2026-09-22 04:21:58.708248","2026-09-22 04:21:58.708248"
"S25U","INFER_S25U_VEH_ROOF_20260921_180355.mp4",590,"2026-09-21 18:04:04.873854","VEH_046","motorcycle","UNK","UNK","UNK","gray","0.00","UNK","2026-09-22 04:21:58.708248","2026-09-22 04:21:58.708248"
"S25U","INFER_S25U_VEH_ROOF_20260921_180355.mp4",590,"2026-09-21 18:04:04.873854","VEH_047","truck","UNK","UNK","UNK","UNK","0.00","UNK","2026-09-22 04:21:58.708248","2026-09-22 04:21:58.708248"
"S25U","INFER_S25U_VEH_ROOF_20260921_180355.mp4",590,"2026-09-21 18:04:04.873854","VEH_048","truck","UNK","UNK","UNK","gray","0.00","UNK","2026-09-22 04:21:58.708248","2026-09-22 04:21:58.708248"
"S25U","INFER_S25U_VEH_ROOF_20260921_180355.mp4",600,"2026-09-21 18:04:05.041207","VEH_001","motorcycle","UNK","UNK","UNK","gray","0.00","UNK","2026-09-22 04:22:01.405392","2026-09-22 04:22:01.405392"
"S25U","INFER_S25U_VEH_ROOF_20260921_180355.mp4",600,"2026-09-21 18:04:05.041207","VEH_002","motorcycle","UNK","UNK","UNK","gray","0.00","UNK","2026-09-22 04:22:01.405392","2026-09-22 04:22:01.405392"
"S25U","INFER_S25U_VEH_ROOF_20260921_180355.mp4",600,"2026-09-21 18:04:05.041207","VEH_003","motorcycle","UNK","UNK","UNK","gray","0.00","UNK","2026-09-22 04:22:01.405392","2026-09-22 04:22:01.405392"
"S25U","INFER_S25U_VEH_ROOF_20260921_180355.mp4",600,"2026-09-21 18:04:05.041207","VEH_004","motorcycle","UNK","UNK","UNK","gray","0.00","UNK","2026-09-22 04:22:01.405392","2026-09-22 04:22:01.405392"
"S25U","INFER_S25U_VEH_ROOF_20260921_180355.mp4",600,"2026-09-21 18:04:05.041207","VEH_005","motorcycle","UNK","UNK","UNK","black","0.00","UNK","2026-09-22 04:22:01.405392","2026-09-22 04:22:01.405392"
"S25U","INFER_S25U_VEH_ROOF_20260921_180355.mp4",600,"2026-09-21 18:04:05.041207","VEH_006","motorcycle","UNK","UNK","UNK","black","0.00","UNK","2026-09-22 04:22:01.405392","2026-09-22 04:22:01.405392"
"S25U","INFER_S25U_VEH_ROOF_20260921_180355.mp4",600,"2026-09-21 18:04:05.041207","VEH_007","motorcycle","UNK","UNK","UNK","gray","0.00","UNK","2026-09-22 04:22:01.405392","2026-09-22 04:22:01.405392"
"S25U","INFER_S25U_VEH_ROOF_20260921_180355.mp4",600,"2026-09-21 18:04:05.041207","VEH_008","motorcycle","UNK","UNK","UNK","gray","0.00","UNK","2026-09-22 04:22:01.405392","2026-09-22 04:22:01.405392"
"S25U","INFER_S25U_VEH_ROOF_20260921_180355.mp4",600,"2026-09-21 18:04:05.041207","VEH_009","motorcycle","UNK","UNK","UNK","gray","0.00","UNK","2026-09-22 04:22:01.405392","2026-09-22 04:22:01.405392"
"S25U","INFER_S25U_VEH_ROOF_20260921_180355.mp4",600,"2026-09-21 18:04:05.041207","VEH_010","motorcycle","UNK","UNK","UNK","black","0.00","UNK","2026-09-22 04:22:01.405392","2026-09-22 04:22:01.405392"
"S25U","INFER_S25U_VEH_ROOF_20260921_180355.mp4",600,"2026-09-21 18:04:05.041207","VEH_011","motorcycle","UNK","UNK","UNK","gray","0.00","UNK","2026-09-22 04:22:01.405392","2026-09-22 04:22:01.405392"
"S25U","INFER_S25U_VEH_ROOF_20260921_180355.mp4",600,"2026-09-21 18:04:05.041207","VEH_012","motorcycle","UNK","UNK","UNK","gray","0.00","UNK","2026-09-22 04:22:01.405392","2026-09-22 04:22:01.405392"
"S25U","INFER_S25U_VEH_ROOF_20260921_180355.mp4",600,"2026-09-21 18:04:05.041207","VEH_013","motorcycle","UNK","UNK","UNK","gray","0.00","UNK","2026-09-22 04:22:01.405392","2026-09-22 04:22:01.405392"
"S25U","INFER_S25U_VEH_ROOF_20260921_180355.mp4",600,"2026-09-21 18:04:05.041207","VEH_014","motorcycle","UNK","UNK","UNK","black","0.00","UNK","2026-09-22 04:22:01.405392","2026-09-22 04:22:01.405392"
"S25U","INFER_S25U_VEH_ROOF_20260921_180355.mp4",600,"2026-09-21 18:04:05.041207","VEH_015","motorcycle","UNK","UNK","UNK","black","0.00","UNK","2026-09-22 04:22:01.405392","2026-09-22 04:22:01.405392"
"S25U","INFER_S25U_VEH_ROOF_20260921_180355.mp4",600,"2026-09-21 18:04:05.041207","VEH_016","motorcycle","UNK","UNK","UNK","black","0.00","UNK","2026-09-22 04:22:01.405392","2026-09-22 04:22:01.405392"
"S25U","INFER_S25U_VEH_ROOF_20260921_180355.mp4",600,"2026-09-21 18:04:05.041207","VEH_017","motorcycle","UNK","UNK","UNK","black","0.00","UNK","2026-09-22 04:22:01.405392","2026-09-22 04:22:01.405392"
"S25U","INFER_S25U_VEH_ROOF_20260921_180355.mp4",600,"2026-09-21 18:04:05.041207","VEH_018","motorcycle","UNK","UNK","UNK","black","0.00","UNK","2026-09-22 04:22:01.405392","2026-09-22 04:22:01.405392"
"S25U","INFER_S25U_VEH_ROOF_20260921_180355.mp4",600,"2026-09-21 18:04:05.041207","VEH_019","motorcycle","UNK","UNK","UNK","UNK","0.00","UNK","2026-09-22 04:22:01.405392","2026-09-22 04:22:01.405392"
"S25U","INFER_S25U_VEH_ROOF_20260921_180355.mp4",600,"2026-09-21 18:04:05.041207","VEH_020","motorcycle","UNK","UNK","UNK","gray","0.00","UNK","2026-09-22 04:22:01.405392","2026-09-22 04:22:01.405392"
"S25U","INFER_S25U_VEH_ROOF_20260921_180355.mp4",600,"2026-09-21 18:04:05.041207","VEH_021","motorcycle","UNK","UNK","UNK","gray","0.00","UNK","2026-09-22 04:22:01.405392","2026-09-22 04:22:01.405392"
"S25U","INFER_S25U_VEH_ROOF_20260921_180355.mp4",600,"2026-09-21 18:04:05.041207","VEH_022","motorcycle","UNK","UNK","UNK","gray","0.00","UNK","2026-09-22 04:22:01.405392","2026-09-22 04:22:01.405392"
"S25U","INFER_S25U_VEH_ROOF_20260921_180355.mp4",600,"2026-09-21 18:04:05.041207","VEH_023","motorcycle","UNK","UNK","UNK","gray","0.00","UNK","2026-09-22 04:22:01.405392","2026-09-22 04:22:01.405392"
"S25U","INFER_S25U_VEH_ROOF_20260921_180355.mp4",600,"2026-09-21 18:04:05.041207","VEH_024","motorcycle","UNK","UNK","UNK","gray","0.00","UNK","2026-09-22 04:22:01.405392","2026-09-22 04:22:01.405392"
"S25U","INFER_S25U_VEH_ROOF_20260921_180355.mp4",600,"2026-09-21 18:04:05.041207","VEH_025","motorcycle","UNK","UNK","UNK","gray","0.00","UNK","2026-09-22 04:22:01.405392","2026-09-22 04:22:01.405392"
"S25U","INFER_S25U_VEH_ROOF_20260921_180355.mp4",600,"2026-09-21 18:04:05.041207","VEH_026","motorcycle","UNK","UNK","UNK","black","0.00","UNK","2026-09-22 04:22:01.405392","2026-09-22 04:22:01.405392"
"S25U","INFER_S25U_VEH_ROOF_20260921_180355.mp4",600,"2026-09-21 18:04:05.041207","VEH_027","motorcycle","UNK","UNK","UNK","black","0.00","UNK","2026-09-22 04:22:01.405392","2026-09-22 04:22:01.405392"
"S25U","INFER_S25U_VEH_ROOF_20260921_180355.mp4",600,"2026-09-21 18:04:05.041207","VEH_028","motorcycle","UNK","UNK","UNK","black","0.00","UNK","2026-09-22 04:22:01.405392","2026-09-22 04:22:01.405392"
"S25U","INFER_S25U_VEH_ROOF_20260921_180355.mp4",600,"2026-09-21 18:04:05.041207","VEH_029","motorcycle","UNK","UNK","UNK","black","0.00","UNK","2026-09-22 04:22:01.405392","2026-09-22 04:22:01.405392"
"S25U","INFER_S25U_VEH_ROOF_20260921_180355.mp4",600,"2026-09-21 18:04:05.041207","VEH_030","motorcycle","UNK","UNK","UNK","UNK","0.00","UNK","2026-09-22 04:22:01.405392","2026-09-22 04:22:01.405392"
"S25U","INFER_S25U_VEH_ROOF_20260921_180355.mp4",600,"2026-09-21 18:04:05.041207","VEH_031","motorcycle","UNK","UNK","UNK","UNK","0.00","UNK","2026-09-22 04:22:01.405392","2026-09-22 04:22:01.405392"
"S25U","INFER_S25U_VEH_ROOF_20260921_180355.mp4",600,"2026-09-21 18:04:05.041207","VEH_032","motorcycle","UNK","UNK","UNK","UNK","0.00","UNK","2026-09-22 04:22:01.405392","2026-09-22 04:22:01.405392"
"S25U","INFER_S25U_VEH_ROOF_20260921_180355.mp4",600,"2026-09-21 18:04:05.041207","VEH_033","motorcycle","UNK","UNK","UNK","gray","0.00","UNK","2026-09-22 04:22:01.405392","2026-09-22 04:22:01.405392"
"S25U","INFER_S25U_VEH_ROOF_20260921_180355.mp4",600,"2026-09-21 18:04:05.041207","VEH_034","motorcycle","UNK","UNK","UNK","black","0.00","UNK","2026-09-22 04:22:01.405392","2026-09-22 04:22:01.405392"
"S25U","INFER_S25U_VEH_ROOF_20260921_180355.mp4",600,"2026-09-21 18:04:05.041207","VEH_035","bus","UNK","UNK","UNK","gray","0.00","UNK","2026-09-22 04:22:01.405392","2026-09-22 04:22:01.405392"
"S25U","INFER_S25U_VEH_ROOF_20260921_180355.mp4",600,"2026-09-21 18:04:05.041207","VEH_036","motorcycle","UNK","UNK","UNK","gray","0.00","UNK","2026-09-22 04:22:01.405392","2026-09-22 04:22:01.405392"
"S25U","INFER_S25U_VEH_ROOF_20260921_180355.mp4",600,"2026-09-21 18:04:05.041207","VEH_037","motorcycle","UNK","UNK","UNK","black","0.00","UNK","2026-09-22 04:22:01.405392","2026-09-22 04:22:01.405392"
"S25U","INFER_S25U_VEH_ROOF_20260921_180355.mp4",600,"2026-09-21 18:04:05.041207","VEH_038","motorcycle","UNK","UNK","UNK","UNK","0.00","UNK","2026-09-22 04:22:01.405392","2026-09-22 04:22:01.405392"
"S25U","INFER_S25U_VEH_ROOF_20260921_180355.mp4",600,"2026-09-21 18:04:05.041207","VEH_039","motorcycle","UNK","UNK","UNK","gray","0.00","UNK","2026-09-22 04:22:01.405392","2026-09-22 04:22:01.405392"
"S25U","INFER_S25U_VEH_ROOF_20260921_180355.mp4",600,"2026-09-21 18:04:05.041207","VEH_040","motorcycle","UNK","UNK","UNK","black","0.00","UNK","2026-09-22 04:22:01.405392","2026-09-22 04:22:01.405392"
"S25U","INFER_S25U_VEH_ROOF_20260921_180355.mp4",600,"2026-09-21 18:04:05.041207","VEH_041","motorcycle","UNK","UNK","UNK","UNK","0.00","UNK","2026-09-22 04:22:01.405392","2026-09-22 04:22:01.405392"
"S25U","INFER_S25U_VEH_ROOF_20260921_180355.mp4",600,"2026-09-21 18:04:05.041207","VEH_042","motorcycle","UNK","UNK","UNK","gray","0.00","UNK","2026-09-22 04:22:01.405392","2026-09-22 04:22:01.405392"
"S25U","INFER_S25U_VEH_ROOF_20260921_180355.mp4",600,"2026-09-21 18:04:05.041207","VEH_043","motorcycle","UNK","UNK","UNK","black","0.00","UNK","2026-09-22 04:22:01.405392","2026-09-22 04:22:01.405392"
"S25U","INFER_S25U_VEH_ROOF_20260921_180355.mp4",600,"2026-09-21 18:04:05.041207","VEH_044","motorcycle","UNK","UNK","UNK","black","0.00","UNK","2026-09-22 04:22:01.405392","2026-09-22 04:22:01.405392"
"S25U","INFER_S25U_VEH_ROOF_20260921_180355.mp4",600,"2026-09-21 18:04:05.041207","VEH_045","motorcycle","UNK","UNK","UNK","black","0.00","UNK","2026-09-22 04:22:01.405392","2026-09-22 04:22:01.405392"
"S25U","INFER_S25U_VEH_ROOF_20260921_180355.mp4",600,"2026-09-21 18:04:05.041207","VEH_046","motorcycle","UNK","UNK","UNK","black","0.00","UNK","2026-09-22 04:22:01.405392","2026-09-22 04:22:01.405392"
"S25U","INFER_S25U_VEH_ROOF_20260921_180355.mp4",600,"2026-09-21 18:04:05.041207","VEH_047","motorcycle","UNK","UNK","UNK","black","0.00","UNK","2026-09-22 04:22:01.405392","2026-09-22 04:22:01.405392"
"S25U","INFER_S25U_VEH_ROOF_20260921_180355.mp4",600,"2026-09-21 18:04:05.041207","VEH_048","motorcycle","UNK","UNK","UNK","gray","0.00","UNK","2026-09-22 04:22:01.405392","2026-09-22 04:22:01.405392"
"S25U","INFER_S25U_VEH_ROOF_20260921_180355.mp4",600,"2026-09-21 18:04:05.041207","VEH_049","motorcycle","UNK","UNK","UNK","gray","0.00","UNK","2026-09-22 04:22:01.405392","2026-09-22 04:22:01.405392"
"S25U","INFER_S25U_VEH_ROOF_20260921_180355.mp4",600,"2026-09-21 18:04:05.041207","VEH_050","truck","UNK","UNK","UNK","UNK","0.00","UNK","2026-09-22 04:22:01.405392","2026-09-22 04:22:01.405392"
"S25U","INFER_S25U_VEH_ROOF_20260921_180355.mp4",610,"2026-09-21 18:04:05.208561","VEH_001","motorcycle","UNK","UNK","UNK","gray","0.00","UNK","2026-09-22 04:22:03.847461","2026-09-22 04:22:03.847461"
"S25U","INFER_S25U_VEH_ROOF_20260921_180355.mp4",610,"2026-09-21 18:04:05.208561","VEH_002","motorcycle","UNK","UNK","UNK","gray","0.00","UNK","2026-09-22 04:22:03.847461","2026-09-22 04:22:03.847461"
"S25U","INFER_S25U_VEH_ROOF_20260921_180355.mp4",610,"2026-09-21 18:04:05.208561","VEH_003","motorcycle","UNK","UNK","UNK","gray","0.00","UNK","2026-09-22 04:22:03.847461","2026-09-22 04:22:03.847461"
"S25U","INFER_S25U_VEH_ROOF_20260921_180355.mp4",610,"2026-09-21 18:04:05.208561","VEH_004","motorcycle","UNK","UNK","UNK","gray","0.00","UNK","2026-09-22 04:22:03.847461","2026-09-22 04:22:03.847461"
"S25U","INFER_S25U_VEH_ROOF_20260921_180355.mp4",610,"2026-09-21 18:04:05.208561","VEH_005","motorcycle","UNK","UNK","UNK","black","0.00","UNK","2026-09-22 04:22:03.847461","2026-09-22 04:22:03.847461"
"S25U","INFER_S25U_VEH_ROOF_20260921_180355.mp4",610,"2026-09-21 18:04:05.208561","VEH_006","motorcycle","UNK","UNK","UNK","black","0.00","UNK","2026-09-22 04:22:03.847461","2026-09-22 04:22:03.847461"
"S25U","INFER_S25U_VEH_ROOF_20260921_180355.mp4",610,"2026-09-21 18:04:05.208561","VEH_007","motorcycle","UNK","UNK","UNK","gray","0.00","UNK","2026-09-22 04:22:03.847461","2026-09-22 04:22:03.847461"
"S25U","INFER_S25U_VEH_ROOF_20260921_180355.mp4",610,"2026-09-21 18:04:05.208561","VEH_008","motorcycle","UNK","UNK","UNK","gray","0.00","UNK","2026-09-22 04:22:03.847461","2026-09-22 04:22:03.847461"
"S25U","INFER_S25U_VEH_ROOF_20260921_180355.mp4",610,"2026-09-21 18:04:05.208561","VEH_009","motorcycle","UNK","UNK","UNK","black","0.00","UNK","2026-09-22 04:22:03.847461","2026-09-22 04:22:03.847461"
"S25U","INFER_S25U_VEH_ROOF_20260921_180355.mp4",610,"2026-09-21 18:04:05.208561","VEH_010","motorcycle","UNK","UNK","UNK","gray","0.00","UNK","2026-09-22 04:22:03.847461","2026-09-22 04:22:03.847461"
"S25U","INFER_S25U_VEH_ROOF_20260921_180355.mp4",610,"2026-09-21 18:04:05.208561","VEH_011","motorcycle","UNK","UNK","UNK","gray","0.00","UNK","2026-09-22 04:22:03.847461","2026-09-22 04:22:03.847461"
"S25U","INFER_S25U_VEH_ROOF_20260921_180355.mp4",610,"2026-09-21 18:04:05.208561","VEH_012","motorcycle","UNK","UNK","UNK","gray","0.00","UNK","2026-09-22 04:22:03.847461","2026-09-22 04:22:03.847461"
"S25U","INFER_S25U_VEH_ROOF_20260921_180355.mp4",610,"2026-09-21 18:04:05.208561","VEH_013","motorcycle","UNK","UNK","UNK","gray","0.00","UNK","2026-09-22 04:22:03.847461","2026-09-22 04:22:03.847461"
"S25U","INFER_S25U_VEH_ROOF_20260921_180355.mp4",610,"2026-09-21 18:04:05.208561","VEH_014","motorcycle","UNK","UNK","UNK","gray","0.00","UNK","2026-09-22 04:22:03.847461","2026-09-22 04:22:03.847461"
"S25U","INFER_S25U_VEH_ROOF_20260921_180355.mp4",610,"2026-09-21 18:04:05.208561","VEH_015","motorcycle","UNK","UNK","UNK","gray","0.00","UNK","2026-09-22 04:22:03.847461","2026-09-22 04:22:03.847461"
"S25U","INFER_S25U_VEH_ROOF_20260921_180355.mp4",610,"2026-09-21 18:04:05.208561","VEH_016","motorcycle","UNK","UNK","UNK","black","0.00","UNK","2026-09-22 04:22:03.847461","2026-09-22 04:22:03.847461"
"S25U","INFER_S25U_VEH_ROOF_20260921_180355.mp4",610,"2026-09-21 18:04:05.208561","VEH_017","motorcycle","UNK","UNK","UNK","black","0.00","UNK","2026-09-22 04:22:03.847461","2026-09-22 04:22:03.847461"
"S25U","INFER_S25U_VEH_ROOF_20260921_180355.mp4",610,"2026-09-21 18:04:05.208561","VEH_018","motorcycle","UNK","UNK","UNK","black","0.00","UNK","2026-09-22 04:22:03.847461","2026-09-22 04:22:03.847461"
"S25U","INFER_S25U_VEH_ROOF_20260921_180355.mp4",610,"2026-09-21 18:04:05.208561","VEH_019","motorcycle","UNK","UNK","UNK","black","0.00","UNK","2026-09-22 04:22:03.847461","2026-09-22 04:22:03.847461"
"S25U","INFER_S25U_VEH_ROOF_20260921_180355.mp4",610,"2026-09-21 18:04:05.208561","VEH_020","motorcycle","UNK","UNK","UNK","black","0.00","UNK","2026-09-22 04:22:03.847461","2026-09-22 04:22:03.847461"
"S25U","INFER_S25U_VEH_ROOF_20260921_180355.mp4",610,"2026-09-21 18:04:05.208561","VEH_021","motorcycle","UNK","UNK","UNK","UNK","0.00","UNK","2026-09-22 04:22:03.847461","2026-09-22 04:22:03.847461"
"S25U","INFER_S25U_VEH_ROOF_20260921_180355.mp4",610,"2026-09-21 18:04:05.208561","VEH_022","motorcycle","UNK","UNK","UNK","UNK","0.00","UNK","2026-09-22 04:22:03.847461","2026-09-22 04:22:03.847461"
"S25U","INFER_S25U_VEH_ROOF_20260921_180355.mp4",610,"2026-09-21 18:04:05.208561","VEH_023","motorcycle","UNK","UNK","UNK","gray","0.00","UNK","2026-09-22 04:22:03.847461","2026-09-22 04:22:03.847461"
"S25U","INFER_S25U_VEH_ROOF_20260921_180355.mp4",610,"2026-09-21 18:04:05.208561","VEH_024","motorcycle","UNK","UNK","UNK","gray","0.00","UNK","2026-09-22 04:22:03.847461","2026-09-22 04:22:03.847461"
"S25U","INFER_S25U_VEH_ROOF_20260921_180355.mp4",610,"2026-09-21 18:04:05.208561","VEH_025","motorcycle","UNK","UNK","UNK","gray","0.00","UNK","2026-09-22 04:22:03.847461","2026-09-22 04:22:03.847461"
"S25U","INFER_S25U_VEH_ROOF_20260921_180355.mp4",610,"2026-09-21 18:04:05.208561","VEH_026","motorcycle","UNK","UNK","UNK","gray","0.00","UNK","2026-09-22 04:22:03.847461","2026-09-22 04:22:03.847461"
"S25U","INFER_S25U_VEH_ROOF_20260921_180355.mp4",610,"2026-09-21 18:04:05.208561","VEH_027","motorcycle","UNK","UNK","UNK","gray","0.00","UNK","2026-09-22 04:22:03.847461","2026-09-22 04:22:03.847461"
"S25U","INFER_S25U_VEH_ROOF_20260921_180355.mp4",610,"2026-09-21 18:04:05.208561","VEH_028","motorcycle","UNK","UNK","UNK","black","0.00","UNK","2026-09-22 04:22:03.847461","2026-09-22 04:22:03.847461"
"S25U","INFER_S25U_VEH_ROOF_20260921_180355.mp4",610,"2026-09-21 18:04:05.208561","VEH_029","motorcycle","UNK","UNK","UNK","black","0.00","UNK","2026-09-22 04:22:03.847461","2026-09-22 04:22:03.847461"
"S25U","INFER_S25U_VEH_ROOF_20260921_180355.mp4",610,"2026-09-21 18:04:05.208561","VEH_030","motorcycle","UNK","UNK","UNK","black","0.00","UNK","2026-09-22 04:22:03.847461","2026-09-22 04:22:03.847461"
"S25U","INFER_S25U_VEH_ROOF_20260921_180355.mp4",610,"2026-09-21 18:04:05.208561","VEH_031","motorcycle","UNK","UNK","UNK","gray","0.00","UNK","2026-09-22 04:22:03.847461","2026-09-22 04:22:03.847461"
"S25U","INFER_S25U_VEH_ROOF_20260921_180355.mp4",610,"2026-09-21 18:04:05.208561","VEH_032","motorcycle","UNK","UNK","UNK","black","0.00","UNK","2026-09-22 04:22:03.847461","2026-09-22 04:22:03.847461"
"S25U","INFER_S25U_VEH_ROOF_20260921_180355.mp4",610,"2026-09-21 18:04:05.208561","VEH_033","motorcycle","UNK","UNK","UNK","UNK","0.00","UNK","2026-09-22 04:22:03.847461","2026-09-22 04:22:03.847461"
"S25U","INFER_S25U_VEH_ROOF_20260921_180355.mp4",610,"2026-09-21 18:04:05.208561","VEH_034","motorcycle","UNK","UNK","UNK","UNK","0.00","UNK","2026-09-22 04:22:03.847461","2026-09-22 04:22:03.847461"
"S25U","INFER_S25U_VEH_ROOF_20260921_180355.mp4",610,"2026-09-21 18:04:05.208561","VEH_035","motorcycle","UNK","UNK","UNK","gray","0.00","UNK","2026-09-22 04:22:03.847461","2026-09-22 04:22:03.847461"
"S25U","INFER_S25U_VEH_ROOF_20260921_180355.mp4",610,"2026-09-21 18:04:05.208561","VEH_036","motorcycle","UNK","UNK","UNK","black","0.00","UNK","2026-09-22 04:22:03.847461","2026-09-22 04:22:03.847461"
"S25U","INFER_S25U_VEH_ROOF_20260921_180355.mp4",610,"2026-09-21 18:04:05.208561","VEH_037","motorcycle","UNK","UNK","UNK","UNK","0.00","UNK","2026-09-22 04:22:03.847461","2026-09-22 04:22:03.847461"
"S25U","INFER_S25U_VEH_ROOF_20260921_180355.mp4",610,"2026-09-21 18:04:05.208561","VEH_038","motorcycle","UNK","UNK","UNK","black","0.00","UNK","2026-09-22 04:22:03.847461","2026-09-22 04:22:03.847461"
"S25U","INFER_S25U_VEH_ROOF_20260921_180355.mp4",610,"2026-09-21 18:04:05.208561","VEH_039","bus","UNK","UNK","UNK","gray","0.00","UNK","2026-09-22 04:22:03.847461","2026-09-22 04:22:03.847461"
"S25U","INFER_S25U_VEH_ROOF_20260921_180355.mp4",610,"2026-09-21 18:04:05.208561","VEH_040","motorcycle","UNK","UNK","UNK","gray","0.00","UNK","2026-09-22 04:22:03.847461","2026-09-22 04:22:03.847461"
"S25U","INFER_S25U_VEH_ROOF_20260921_180355.mp4",610,"2026-09-21 18:04:05.208561","VEH_041","motorcycle","UNK","UNK","UNK","gray","0.00","UNK","2026-09-22 04:22:03.847461","2026-09-22 04:22:03.847461"
"S25U","INFER_S25U_VEH_ROOF_20260921_180355.mp4",610,"2026-09-21 18:04:05.208561","VEH_042","motorcycle","UNK","UNK","UNK","black","0.00","UNK","2026-09-22 04:22:03.847461","2026-09-22 04:22:03.847461"
"S25U","INFER_S25U_VEH_ROOF_20260921_180355.mp4",610,"2026-09-21 18:04:05.208561","VEH_043","motorcycle","UNK","UNK","UNK","UNK","0.00","UNK","2026-09-22 04:22:03.847461","2026-09-22 04:22:03.847461"
"S25U","INFER_S25U_VEH_ROOF_20260921_180355.mp4",610,"2026-09-21 18:04:05.208561","VEH_044","motorcycle","UNK","UNK","UNK","gray","0.00","UNK","2026-09-22 04:22:03.847461","2026-09-22 04:22:03.847461"
"S25U","INFER_S25U_VEH_ROOF_20260921_180355.mp4",610,"2026-09-21 18:04:05.208561","VEH_045","motorcycle","UNK","UNK","UNK","black","0.00","UNK","2026-09-22 04:22:03.847461","2026-09-22 04:22:03.847461"
"S25U","INFER_S25U_VEH_ROOF_20260921_180355.mp4",610,"2026-09-21 18:04:05.208561","VEH_046","motorcycle","UNK","UNK","UNK","black","0.00","UNK","2026-09-22 04:22:03.847461","2026-09-22 04:22:03.847461"
"S25U","INFER_S25U_VEH_ROOF_20260921_180355.mp4",610,"2026-09-21 18:04:05.208561","VEH_047","motorcycle","UNK","UNK","UNK","gray","0.00","UNK","2026-09-22 04:22:03.847461","2026-09-22 04:22:03.847461"
"S25U","INFER_S25U_VEH_ROOF_20260921_180355.mp4",610,"2026-09-21 18:04:05.208561","VEH_048","motorcycle","UNK","UNK","UNK","gray","0.00","UNK","2026-09-22 04:22:03.847461","2026-09-22 04:22:03.847461"
"S25U","INFER_S25U_VEH_ROOF_20260921_180355.mp4",610,"2026-09-21 18:04:05.208561","VEH_049","truck","UNK","UNK","UNK","UNK","0.00","UNK","2026-09-22 04:22:03.847461","2026-09-22 04:22:03.847461"
"S25U","INFER_S25U_VEH_ROOF_20260921_180355.mp4",620,"2026-09-21 18:04:05.375914","VEH_001","motorcycle","UNK","UNK","UNK","gray","0.00","UNK","2026-09-22 04:22:06.561722","2026-09-22 04:22:06.561722"
"S25U","INFER_S25U_VEH_ROOF_20260921_180355.mp4",620,"2026-09-21 18:04:05.375914","VEH_002","motorcycle","UNK","UNK","UNK","gray","0.00","UNK","2026-09-22 04:22:06.561722","2026-09-22 04:22:06.561722"
"S25U","INFER_S25U_VEH_ROOF_20260921_180355.mp4",620,"2026-09-21 18:04:05.375914","VEH_003","motorcycle","UNK","UNK","UNK","gray","0.00","UNK","2026-09-22 04:22:06.561722","2026-09-22 04:22:06.561722"
"S25U","INFER_S25U_VEH_ROOF_20260921_180355.mp4",620,"2026-09-21 18:04:05.375914","VEH_004","motorcycle","UNK","UNK","UNK","gray","0.00","UNK","2026-09-22 04:22:06.561722","2026-09-22 04:22:06.561722"
"S25U","INFER_S25U_VEH_ROOF_20260921_180355.mp4",620,"2026-09-21 18:04:05.375914","VEH_005","motorcycle","UNK","UNK","UNK","gray","0.00","UNK","2026-09-22 04:22:06.561722","2026-09-22 04:22:06.561722"
"S25U","INFER_S25U_VEH_ROOF_20260921_180355.mp4",620,"2026-09-21 18:04:05.375914","VEH_006","bus","UNK","UNK","UNK","gray","0.00","UNK","2026-09-22 04:22:06.561722","2026-09-22 04:22:06.561722"
"S25U","INFER_S25U_VEH_ROOF_20260921_180355.mp4",620,"2026-09-21 18:04:05.375914","VEH_007","motorcycle","UNK","UNK","UNK","black","0.00","UNK","2026-09-22 04:22:06.561722","2026-09-22 04:22:06.561722"
"S25U","INFER_S25U_VEH_ROOF_20260921_180355.mp4",620,"2026-09-21 18:04:05.375914","VEH_008","motorcycle","UNK","UNK","UNK","gray","0.00","UNK","2026-09-22 04:22:06.561722","2026-09-22 04:22:06.561722"
"S25U","INFER_S25U_VEH_ROOF_20260921_180355.mp4",620,"2026-09-21 18:04:05.375914","VEH_009","motorcycle","UNK","UNK","UNK","gray","0.00","UNK","2026-09-22 04:22:06.561722","2026-09-22 04:22:06.561722"
"S25U","INFER_S25U_VEH_ROOF_20260921_180355.mp4",620,"2026-09-21 18:04:05.375914","VEH_010","motorcycle","UNK","UNK","UNK","black","0.00","UNK","2026-09-22 04:22:06.561722","2026-09-22 04:22:06.561722"
"S25U","INFER_S25U_VEH_ROOF_20260921_180355.mp4",620,"2026-09-21 18:04:05.375914","VEH_011","motorcycle","UNK","UNK","UNK","black","0.00","UNK","2026-09-22 04:22:06.561722","2026-09-22 04:22:06.561722"
"S25U","INFER_S25U_VEH_ROOF_20260921_180355.mp4",620,"2026-09-21 18:04:05.375914","VEH_012","motorcycle","UNK","UNK","UNK","black","0.00","UNK","2026-09-22 04:22:06.561722","2026-09-22 04:22:06.561722"
"S25U","INFER_S25U_VEH_ROOF_20260921_180355.mp4",620,"2026-09-21 18:04:05.375914","VEH_013","motorcycle","UNK","UNK","UNK","gray","0.00","UNK","2026-09-22 04:22:06.561722","2026-09-22 04:22:06.561722"
"S25U","INFER_S25U_VEH_ROOF_20260921_180355.mp4",620,"2026-09-21 18:04:05.375914","VEH_014","motorcycle","UNK","UNK","UNK","gray","0.00","UNK","2026-09-22 04:22:06.561722","2026-09-22 04:22:06.561722"
"S25U","INFER_S25U_VEH_ROOF_20260921_180355.mp4",620,"2026-09-21 18:04:05.375914","VEH_015","motorcycle","UNK","UNK","UNK","gray","0.00","UNK","2026-09-22 04:22:06.561722","2026-09-22 04:22:06.561722"
"S25U","INFER_S25U_VEH_ROOF_20260921_180355.mp4",620,"2026-09-21 18:04:05.375914","VEH_016","motorcycle","UNK","UNK","UNK","gray","0.00","UNK","2026-09-22 04:22:06.561722","2026-09-22 04:22:06.561722"
"S25U","INFER_S25U_VEH_ROOF_20260921_180355.mp4",620,"2026-09-21 18:04:05.375914","VEH_017","motorcycle","UNK","UNK","UNK","gray","0.00","UNK","2026-09-22 04:22:06.561722","2026-09-22 04:22:06.561722"
"S25U","INFER_S25U_VEH_ROOF_20260921_180355.mp4",620,"2026-09-21 18:04:05.375914","VEH_018","motorcycle","UNK","UNK","UNK","gray","0.00","UNK","2026-09-22 04:22:06.561722","2026-09-22 04:22:06.561722"
"S25U","INFER_S25U_VEH_ROOF_20260921_180355.mp4",620,"2026-09-21 18:04:05.375914","VEH_019","motorcycle","UNK","UNK","UNK","gray","0.00","UNK","2026-09-22 04:22:06.561722","2026-09-22 04:22:06.561722"
"S25U","INFER_S25U_VEH_ROOF_20260921_180355.mp4",620,"2026-09-21 18:04:05.375914","VEH_020","motorcycle","UNK","UNK","UNK","black","0.00","UNK","2026-09-22 04:22:06.561722","2026-09-22 04:22:06.561722"
"S25U","INFER_S25U_VEH_ROOF_20260921_180355.mp4",620,"2026-09-21 18:04:05.375914","VEH_021","motorcycle","UNK","UNK","UNK","gray","0.00","UNK","2026-09-22 04:22:06.561722","2026-09-22 04:22:06.561722"
"S25U","INFER_S25U_VEH_ROOF_20260921_180355.mp4",620,"2026-09-21 18:04:05.375914","VEH_022","motorcycle","UNK","UNK","UNK","black","0.00","UNK","2026-09-22 04:22:06.561722","2026-09-22 04:22:06.561722"
"S25U","INFER_S25U_VEH_ROOF_20260921_180355.mp4",620,"2026-09-21 18:04:05.375914","VEH_023","motorcycle","UNK","UNK","UNK","black","0.00","UNK","2026-09-22 04:22:06.561722","2026-09-22 04:22:06.561722"
"S25U","INFER_S25U_VEH_ROOF_20260921_180355.mp4",620,"2026-09-21 18:04:05.375914","VEH_024","motorcycle","UNK","UNK","UNK","UNK","0.00","UNK","2026-09-22 04:22:06.561722","2026-09-22 04:22:06.561722"
"S25U","INFER_S25U_VEH_ROOF_20260921_180355.mp4",620,"2026-09-21 18:04:05.375914","VEH_025","motorcycle","UNK","UNK","UNK","UNK","0.00","UNK","2026-09-22 04:22:06.561722","2026-09-22 04:22:06.561722"
"S25U","INFER_S25U_VEH_ROOF_20260921_180355.mp4",620,"2026-09-21 18:04:05.375914","VEH_026","motorcycle","UNK","UNK","UNK","gray","0.00","UNK","2026-09-22 04:22:06.561722","2026-09-22 04:22:06.561722"
"S25U","INFER_S25U_VEH_ROOF_20260921_180355.mp4",620,"2026-09-21 18:04:05.375914","VEH_027","motorcycle","UNK","UNK","UNK","gray","0.00","UNK","2026-09-22 04:22:06.561722","2026-09-22 04:22:06.561722"
"S25U","INFER_S25U_VEH_ROOF_20260921_180355.mp4",620,"2026-09-21 18:04:05.375914","VEH_028","motorcycle","UNK","UNK","UNK","gray","0.00","UNK","2026-09-22 04:22:06.561722","2026-09-22 04:22:06.561722"
"S25U","INFER_S25U_VEH_ROOF_20260921_180355.mp4",620,"2026-09-21 18:04:05.375914","VEH_029","motorcycle","UNK","UNK","UNK","gray","0.00","UNK","2026-09-22 04:22:06.561722","2026-09-22 04:22:06.561722"
"S25U","INFER_S25U_VEH_ROOF_20260921_180355.mp4",620,"2026-09-21 18:04:05.375914","VEH_030","motorcycle","UNK","UNK","UNK","black","0.00","UNK","2026-09-22 04:22:06.561722","2026-09-22 04:22:06.561722"
"S25U","INFER_S25U_VEH_ROOF_20260921_180355.mp4",620,"2026-09-21 18:04:05.375914","VEH_031","motorcycle","UNK","UNK","UNK","gray","0.00","UNK","2026-09-22 04:22:06.561722","2026-09-22 04:22:06.561722"
"S25U","INFER_S25U_VEH_ROOF_20260921_180355.mp4",620,"2026-09-21 18:04:05.375914","VEH_032","motorcycle","UNK","UNK","UNK","black","0.00","UNK","2026-09-22 04:22:06.561722","2026-09-22 04:22:06.561722"
"S25U","INFER_S25U_VEH_ROOF_20260921_180355.mp4",620,"2026-09-21 18:04:05.375914","VEH_033","motorcycle","UNK","UNK","UNK","UNK","0.00","UNK","2026-09-22 04:22:06.561722","2026-09-22 04:22:06.561722"
"S25U","INFER_S25U_VEH_ROOF_20260921_180355.mp4",620,"2026-09-21 18:04:05.375914","VEH_034","motorcycle","UNK","UNK","UNK","UNK","0.00","UNK","2026-09-22 04:22:06.561722","2026-09-22 04:22:06.561722"
"S25U","INFER_S25U_VEH_ROOF_20260921_180355.mp4",620,"2026-09-21 18:04:05.375914","VEH_035","motorcycle","UNK","UNK","UNK","UNK","0.00","UNK","2026-09-22 04:22:06.561722","2026-09-22 04:22:06.561722"
"S25U","INFER_S25U_VEH_ROOF_20260921_180355.mp4",620,"2026-09-21 18:04:05.375914","VEH_036","motorcycle","UNK","UNK","UNK","gray","0.00","UNK","2026-09-22 04:22:06.561722","2026-09-22 04:22:06.561722"
"S25U","INFER_S25U_VEH_ROOF_20260921_180355.mp4",620,"2026-09-21 18:04:05.375914","VEH_037","motorcycle","UNK","UNK","UNK","gray","0.00","UNK","2026-09-22 04:22:06.561722","2026-09-22 04:22:06.561722"
"S25U","INFER_S25U_VEH_ROOF_20260921_180355.mp4",620,"2026-09-21 18:04:05.375914","VEH_038","motorcycle","UNK","UNK","UNK","gray","0.00","UNK","2026-09-22 04:22:06.561722","2026-09-22 04:22:06.561722"
"S25U","INFER_S25U_VEH_ROOF_20260921_180355.mp4",620,"2026-09-21 18:04:05.375914","VEH_039","motorcycle","UNK","UNK","UNK","black","0.00","UNK","2026-09-22 04:22:06.561722","2026-09-22 04:22:06.561722"
"S25U","INFER_S25U_VEH_ROOF_20260921_180355.mp4",620,"2026-09-21 18:04:05.375914","VEH_040","motorcycle","UNK","UNK","UNK","black","0.00","UNK","2026-09-22 04:22:06.561722","2026-09-22 04:22:06.561722"
"S25U","INFER_S25U_VEH_ROOF_20260921_180355.mp4",620,"2026-09-21 18:04:05.375914","VEH_041","motorcycle","UNK","UNK","UNK","orange","0.00","UNK","2026-09-22 04:22:06.561722","2026-09-22 04:22:06.561722"
"S25U","INFER_S25U_VEH_ROOF_20260921_180355.mp4",620,"2026-09-21 18:04:05.375914","VEH_042","motorcycle","UNK","UNK","UNK","black","0.00","UNK","2026-09-22 04:22:06.561722","2026-09-22 04:22:06.561722"
"S25U","INFER_S25U_VEH_ROOF_20260921_180355.mp4",620,"2026-09-21 18:04:05.375914","VEH_043","motorcycle","UNK","UNK","UNK","black","0.00","UNK","2026-09-22 04:22:06.561722","2026-09-22 04:22:06.561722"
"S25U","INFER_S25U_VEH_ROOF_20260921_180355.mp4",620,"2026-09-21 18:04:05.375914","VEH_044","motorcycle","UNK","UNK","UNK","gray","0.00","UNK","2026-09-22 04:22:06.561722","2026-09-22 04:22:06.561722"
"S25U","INFER_S25U_VEH_ROOF_20260921_180355.mp4",620,"2026-09-21 18:04:05.375914","VEH_045","motorcycle","UNK","UNK","UNK","black","0.00","UNK","2026-09-22 04:22:06.561722","2026-09-22 04:22:06.561722"
"S25U","INFER_S25U_VEH_ROOF_20260921_180355.mp4",620,"2026-09-21 18:04:05.375914","VEH_046","motorcycle","UNK","UNK","UNK","gray","0.00","UNK","2026-09-22 04:22:06.561722","2026-09-22 04:22:06.561722"
"S25U","INFER_S25U_VEH_ROOF_20260921_180355.mp4",620,"2026-09-21 18:04:05.375914","VEH_047","motorcycle","UNK","UNK","UNK","black","0.00","UNK","2026-09-22 04:22:06.561722","2026-09-22 04:22:06.561722"
"S25U","INFER_S25U_VEH_ROOF_20260921_180355.mp4",620,"2026-09-21 18:04:05.375914","VEH_048","motorcycle","UNK","UNK","UNK","gray","0.00","UNK","2026-09-22 04:22:06.561722","2026-09-22 04:22:06.561722"
"S25U","INFER_S25U_VEH_ROOF_20260921_180355.mp4",620,"2026-09-21 18:04:05.375914","VEH_049","motorcycle","UNK","UNK","UNK","black","0.00","UNK","2026-09-22 04:22:06.561722","2026-09-22 04:22:06.561722"
"S25U","INFER_S25U_VEH_ROOF_20260921_180355.mp4",620,"2026-09-21 18:04:05.375914","VEH_050","motorcycle","UNK","UNK","UNK","gray","0.00","UNK","2026-09-22 04:22:06.561722","2026-09-22 04:22:06.561722"
"S25U","INFER_S25U_VEH_ROOF_20260921_180355.mp4",620,"2026-09-21 18:04:05.375914","VEH_051","truck","UNK","UNK","UNK","gray","0.00","UNK","2026-09-22 04:22:06.561722","2026-09-22 04:22:06.561722"
"S25U","INFER_S25U_VEH_ROOF_20260921_180355.mp4",620,"2026-09-21 18:04:05.375914","VEH_052","truck","UNK","UNK","UNK","UNK","0.00","UNK","2026-09-22 04:22:06.561722","2026-09-22 04:22:06.561722"
"S25U","INFER_S25U_VEH_ROOF_20260921_180355.mp4",630,"2026-09-21 18:04:05.543268","VEH_001","motorcycle","UNK","UNK","UNK","gray","0.00","UNK","2026-09-22 04:22:09.219723","2026-09-22 04:22:09.219723"
"S25U","INFER_S25U_VEH_ROOF_20260921_180355.mp4",630,"2026-09-21 18:04:05.543268","VEH_002","motorcycle","UNK","UNK","UNK","gray","0.00","UNK","2026-09-22 04:22:09.219723","2026-09-22 04:22:09.219723"
"S25U","INFER_S25U_VEH_ROOF_20260921_180355.mp4",630,"2026-09-21 18:04:05.543268","VEH_003","motorcycle","UNK","UNK","UNK","gray","0.00","UNK","2026-09-22 04:22:09.219723","2026-09-22 04:22:09.219723"
"S25U","INFER_S25U_VEH_ROOF_20260921_180355.mp4",630,"2026-09-21 18:04:05.543268","VEH_004","motorcycle","UNK","UNK","UNK","black","0.00","UNK","2026-09-22 04:22:09.219723","2026-09-22 04:22:09.219723"
"S25U","INFER_S25U_VEH_ROOF_20260921_180355.mp4",630,"2026-09-21 18:04:05.543268","VEH_005","motorcycle","UNK","UNK","UNK","black","0.00","UNK","2026-09-22 04:22:09.219723","2026-09-22 04:22:09.219723"
"S25U","INFER_S25U_VEH_ROOF_20260921_180355.mp4",630,"2026-09-21 18:04:05.543268","VEH_006","motorcycle","UNK","UNK","UNK","gray","0.00","UNK","2026-09-22 04:22:09.219723","2026-09-22 04:22:09.219723"
"S25U","INFER_S25U_VEH_ROOF_20260921_180355.mp4",630,"2026-09-21 18:04:05.543268","VEH_007","motorcycle","UNK","UNK","UNK","gray","0.00","UNK","2026-09-22 04:22:09.219723","2026-09-22 04:22:09.219723"
"S25U","INFER_S25U_VEH_ROOF_20260921_180355.mp4",630,"2026-09-21 18:04:05.543268","VEH_008","motorcycle","UNK","UNK","UNK","black","0.00","UNK","2026-09-22 04:22:09.219723","2026-09-22 04:22:09.219723"
"S25U","INFER_S25U_VEH_ROOF_20260921_180355.mp4",630,"2026-09-21 18:04:05.543268","VEH_009","motorcycle","UNK","UNK","UNK","gray","0.00","UNK","2026-09-22 04:22:09.219723","2026-09-22 04:22:09.219723"
"S25U","INFER_S25U_VEH_ROOF_20260921_180355.mp4",630,"2026-09-21 18:04:05.543268","VEH_010","motorcycle","UNK","UNK","UNK","gray","0.00","UNK","2026-09-22 04:22:09.219723","2026-09-22 04:22:09.219723"
"S25U","INFER_S25U_VEH_ROOF_20260921_180355.mp4",630,"2026-09-21 18:04:05.543268","VEH_011","motorcycle","UNK","UNK","UNK","gray","0.00","UNK","2026-09-22 04:22:09.219723","2026-09-22 04:22:09.219723"
"S25U","INFER_S25U_VEH_ROOF_20260921_180355.mp4",630,"2026-09-21 18:04:05.543268","VEH_012","motorcycle","UNK","UNK","UNK","gray","0.00","UNK","2026-09-22 04:22:09.219723","2026-09-22 04:22:09.219723"
"S25U","INFER_S25U_VEH_ROOF_20260921_180355.mp4",630,"2026-09-21 18:04:05.543268","VEH_013","motorcycle","UNK","UNK","UNK","gray","0.00","UNK","2026-09-22 04:22:09.219723","2026-09-22 04:22:09.219723"
"S25U","INFER_S25U_VEH_ROOF_20260921_180355.mp4",630,"2026-09-21 18:04:05.543268","VEH_014","motorcycle","UNK","UNK","UNK","gray","0.00","UNK","2026-09-22 04:22:09.219723","2026-09-22 04:22:09.219723"
"S25U","INFER_S25U_VEH_ROOF_20260921_180355.mp4",630,"2026-09-21 18:04:05.543268","VEH_015","motorcycle","UNK","UNK","UNK","gray","0.00","UNK","2026-09-22 04:22:09.219723","2026-09-22 04:22:09.219723"
"S25U","INFER_S25U_VEH_ROOF_20260921_180355.mp4",630,"2026-09-21 18:04:05.543268","VEH_016","motorcycle","UNK","UNK","UNK","gray","0.00","UNK","2026-09-22 04:22:09.219723","2026-09-22 04:22:09.219723"
"S25U","INFER_S25U_VEH_ROOF_20260921_180355.mp4",630,"2026-09-21 18:04:05.543268","VEH_017","motorcycle","UNK","UNK","UNK","black","0.00","UNK","2026-09-22 04:22:09.219723","2026-09-22 04:22:09.219723"
"S25U","INFER_S25U_VEH_ROOF_20260921_180355.mp4",630,"2026-09-21 18:04:05.543268","VEH_018","motorcycle","UNK","UNK","UNK","black","0.00","UNK","2026-09-22 04:22:09.219723","2026-09-22 04:22:09.219723"
"S25U","INFER_S25U_VEH_ROOF_20260921_180355.mp4",630,"2026-09-21 18:04:05.543268","VEH_019","motorcycle","UNK","UNK","UNK","UNK","0.00","UNK","2026-09-22 04:22:09.219723","2026-09-22 04:22:09.219723"
"S25U","INFER_S25U_VEH_ROOF_20260921_180355.mp4",630,"2026-09-21 18:04:05.543268","VEH_020","motorcycle","UNK","UNK","UNK","UNK","0.00","UNK","2026-09-22 04:22:09.219723","2026-09-22 04:22:09.219723"
"S25U","INFER_S25U_VEH_ROOF_20260921_180355.mp4",630,"2026-09-21 18:04:05.543268","VEH_021","motorcycle","UNK","UNK","UNK","gray","0.00","UNK","2026-09-22 04:22:09.219723","2026-09-22 04:22:09.219723"
"S25U","INFER_S25U_VEH_ROOF_20260921_180355.mp4",630,"2026-09-21 18:04:05.543268","VEH_022","motorcycle","UNK","UNK","UNK","gray","0.00","UNK","2026-09-22 04:22:09.219723","2026-09-22 04:22:09.219723"
"S25U","INFER_S25U_VEH_ROOF_20260921_180355.mp4",630,"2026-09-21 18:04:05.543268","VEH_023","motorcycle","UNK","UNK","UNK","gray","0.00","UNK","2026-09-22 04:22:09.219723","2026-09-22 04:22:09.219723"
"S25U","INFER_S25U_VEH_ROOF_20260921_180355.mp4",630,"2026-09-21 18:04:05.543268","VEH_024","motorcycle","UNK","UNK","UNK","gray","0.00","UNK","2026-09-22 04:22:09.219723","2026-09-22 04:22:09.219723"
"S25U","INFER_S25U_VEH_ROOF_20260921_180355.mp4",630,"2026-09-21 18:04:05.543268","VEH_025","motorcycle","UNK","UNK","UNK","black","0.00","UNK","2026-09-22 04:22:09.219723","2026-09-22 04:22:09.219723"
"S25U","INFER_S25U_VEH_ROOF_20260921_180355.mp4",630,"2026-09-21 18:04:05.543268","VEH_026","motorcycle","UNK","UNK","UNK","black","0.00","UNK","2026-09-22 04:22:09.219723","2026-09-22 04:22:09.219723"
"S25U","INFER_S25U_VEH_ROOF_20260921_180355.mp4",630,"2026-09-21 18:04:05.543268","VEH_027","motorcycle","UNK","UNK","UNK","black","0.00","UNK","2026-09-22 04:22:09.219723","2026-09-22 04:22:09.219723"
"S25U","INFER_S25U_VEH_ROOF_20260921_180355.mp4",630,"2026-09-21 18:04:05.543268","VEH_028","motorcycle","UNK","UNK","UNK","gray","0.00","UNK","2026-09-22 04:22:09.219723","2026-09-22 04:22:09.219723"
"S25U","INFER_S25U_VEH_ROOF_20260921_180355.mp4",630,"2026-09-21 18:04:05.543268","VEH_029","motorcycle","UNK","UNK","UNK","gray","0.00","UNK","2026-09-22 04:22:09.219723","2026-09-22 04:22:09.219723"
"S25U","INFER_S25U_VEH_ROOF_20260921_180355.mp4",630,"2026-09-21 18:04:05.543268","VEH_030","motorcycle","UNK","UNK","UNK","black","0.00","UNK","2026-09-22 04:22:09.219723","2026-09-22 04:22:09.219723"
"S25U","INFER_S25U_VEH_ROOF_20260921_180355.mp4",630,"2026-09-21 18:04:05.543268","VEH_031","motorcycle","UNK","UNK","UNK","UNK","0.00","UNK","2026-09-22 04:22:09.219723","2026-09-22 04:22:09.219723"
"S25U","INFER_S25U_VEH_ROOF_20260921_180355.mp4",630,"2026-09-21 18:04:05.543268","VEH_032","motorcycle","UNK","UNK","UNK","UNK","0.00","UNK","2026-09-22 04:22:09.219723","2026-09-22 04:22:09.219723"
"S25U","INFER_S25U_VEH_ROOF_20260921_180355.mp4",630,"2026-09-21 18:04:05.543268","VEH_033","motorcycle","UNK","UNK","UNK","gray","0.00","UNK","2026-09-22 04:22:09.219723","2026-09-22 04:22:09.219723"
"S25U","INFER_S25U_VEH_ROOF_20260921_180355.mp4",630,"2026-09-21 18:04:05.543268","VEH_034","motorcycle","UNK","UNK","UNK","gray","0.00","UNK","2026-09-22 04:22:09.219723","2026-09-22 04:22:09.219723"
"S25U","INFER_S25U_VEH_ROOF_20260921_180355.mp4",630,"2026-09-21 18:04:05.543268","VEH_035","motorcycle","UNK","UNK","UNK","gray","0.00","UNK","2026-09-22 04:22:09.219723","2026-09-22 04:22:09.219723"
"S25U","INFER_S25U_VEH_ROOF_20260921_180355.mp4",630,"2026-09-21 18:04:05.543268","VEH_036","motorcycle","UNK","UNK","UNK","black","0.00","UNK","2026-09-22 04:22:09.219723","2026-09-22 04:22:09.219723"
"S25U","INFER_S25U_VEH_ROOF_20260921_180355.mp4",630,"2026-09-21 18:04:05.543268","VEH_037","motorcycle","UNK","UNK","UNK","UNK","0.00","UNK","2026-09-22 04:22:09.219723","2026-09-22 04:22:09.219723"
"S25U","INFER_S25U_VEH_ROOF_20260921_180355.mp4",630,"2026-09-21 18:04:05.543268","VEH_038","motorcycle","UNK","UNK","UNK","UNK","0.00","UNK","2026-09-22 04:22:09.219723","2026-09-22 04:22:09.219723"
"S25U","INFER_S25U_VEH_ROOF_20260921_180355.mp4",630,"2026-09-21 18:04:05.543268","VEH_039","motorcycle","UNK","UNK","UNK","gray","0.00","UNK","2026-09-22 04:22:09.219723","2026-09-22 04:22:09.219723"
"S25U","INFER_S25U_VEH_ROOF_20260921_180355.mp4",630,"2026-09-21 18:04:05.543268","VEH_040","motorcycle","UNK","UNK","UNK","gray","0.00","UNK","2026-09-22 04:22:09.219723","2026-09-22 04:22:09.219723"
"S25U","INFER_S25U_VEH_ROOF_20260921_180355.mp4",630,"2026-09-21 18:04:05.543268","VEH_041","motorcycle","UNK","UNK","UNK","black","0.00","UNK","2026-09-22 04:22:09.219723","2026-09-22 04:22:09.219723"
"S25U","INFER_S25U_VEH_ROOF_20260921_180355.mp4",630,"2026-09-21 18:04:05.543268","VEH_042","bus","UNK","UNK","UNK","gray","0.00","UNK","2026-09-22 04:22:09.219723","2026-09-22 04:22:09.219723"
"S25U","INFER_S25U_VEH_ROOF_20260921_180355.mp4",630,"2026-09-21 18:04:05.543268","VEH_043","motorcycle","UNK","UNK","UNK","gray","0.00","UNK","2026-09-22 04:22:09.219723","2026-09-22 04:22:09.219723"
"S25U","INFER_S25U_VEH_ROOF_20260921_180355.mp4",630,"2026-09-21 18:04:05.543268","VEH_044","motorcycle","UNK","UNK","UNK","orange","0.00","UNK","2026-09-22 04:22:09.219723","2026-09-22 04:22:09.219723"
"S25U","INFER_S25U_VEH_ROOF_20260921_180355.mp4",630,"2026-09-21 18:04:05.543268","VEH_045","motorcycle","UNK","UNK","UNK","black","0.00","UNK","2026-09-22 04:22:09.219723","2026-09-22 04:22:09.219723"
"S25U","INFER_S25U_VEH_ROOF_20260921_180355.mp4",630,"2026-09-21 18:04:05.543268","VEH_046","motorcycle","UNK","UNK","UNK","gray","0.00","UNK","2026-09-22 04:22:09.219723","2026-09-22 04:22:09.219723"
"S25U","INFER_S25U_VEH_ROOF_20260921_180355.mp4",630,"2026-09-21 18:04:05.543268","VEH_047","motorcycle","UNK","UNK","UNK","black","0.00","UNK","2026-09-22 04:22:09.219723","2026-09-22 04:22:09.219723"
"S25U","INFER_S25U_VEH_ROOF_20260921_180355.mp4",630,"2026-09-21 18:04:05.543268","VEH_048","motorcycle","UNK","UNK","UNK","gray","0.00","UNK","2026-09-22 04:22:09.219723","2026-09-22 04:22:09.219723"
"S25U","INFER_S25U_VEH_ROOF_20260921_180355.mp4",640,"2026-09-21 18:04:05.710621","VEH_001","motorcycle","UNK","UNK","UNK","gray","0.00","UNK","2026-09-22 04:22:11.813113","2026-09-22 04:22:11.813113"
"S25U","INFER_S25U_VEH_ROOF_20260921_180355.mp4",640,"2026-09-21 18:04:05.710621","VEH_002","motorcycle","UNK","UNK","UNK","gray","0.00","UNK","2026-09-22 04:22:11.813113","2026-09-22 04:22:11.813113"
"S25U","INFER_S25U_VEH_ROOF_20260921_180355.mp4",640,"2026-09-21 18:04:05.710621","VEH_003","motorcycle","UNK","UNK","UNK","gray","0.00","UNK","2026-09-22 04:22:11.813113","2026-09-22 04:22:11.813113"
"S25U","INFER_S25U_VEH_ROOF_20260921_180355.mp4",640,"2026-09-21 18:04:05.710621","VEH_004","motorcycle","UNK","UNK","UNK","black","0.00","UNK","2026-09-22 04:22:11.813113","2026-09-22 04:22:11.813113"
"S25U","INFER_S25U_VEH_ROOF_20260921_180355.mp4",640,"2026-09-21 18:04:05.710621","VEH_005","motorcycle","UNK","UNK","UNK","gray","0.00","UNK","2026-09-22 04:22:11.813113","2026-09-22 04:22:11.813113"
"S25U","INFER_S25U_VEH_ROOF_20260921_180355.mp4",640,"2026-09-21 18:04:05.710621","VEH_006","motorcycle","UNK","UNK","UNK","black","0.00","UNK","2026-09-22 04:22:11.813113","2026-09-22 04:22:11.813113"
"S25U","INFER_S25U_VEH_ROOF_20260921_180355.mp4",640,"2026-09-21 18:04:05.710621","VEH_007","motorcycle","UNK","UNK","UNK","black","0.00","UNK","2026-09-22 04:22:11.813113","2026-09-22 04:22:11.813113"
"S25U","INFER_S25U_VEH_ROOF_20260921_180355.mp4",640,"2026-09-21 18:04:05.710621","VEH_008","motorcycle","UNK","UNK","UNK","gray","0.00","UNK","2026-09-22 04:22:11.813113","2026-09-22 04:22:11.813113"
"S25U","INFER_S25U_VEH_ROOF_20260921_180355.mp4",640,"2026-09-21 18:04:05.710621","VEH_009","motorcycle","UNK","UNK","UNK","gray","0.00","UNK","2026-09-22 04:22:11.813113","2026-09-22 04:22:11.813113"
"S25U","INFER_S25U_VEH_ROOF_20260921_180355.mp4",640,"2026-09-21 18:04:05.710621","VEH_010","motorcycle","UNK","UNK","UNK","gray","0.00","UNK","2026-09-22 04:22:11.813113","2026-09-22 04:22:11.813113"
"S25U","INFER_S25U_VEH_ROOF_20260921_180355.mp4",640,"2026-09-21 18:04:05.710621","VEH_011","motorcycle","UNK","UNK","UNK","gray","0.00","UNK","2026-09-22 04:22:11.813113","2026-09-22 04:22:11.813113"
"S25U","INFER_S25U_VEH_ROOF_20260921_180355.mp4",640,"2026-09-21 18:04:05.710621","VEH_012","motorcycle","UNK","UNK","UNK","gray","0.00","UNK","2026-09-22 04:22:11.813113","2026-09-22 04:22:11.813113"
"S25U","INFER_S25U_VEH_ROOF_20260921_180355.mp4",640,"2026-09-21 18:04:05.710621","VEH_013","motorcycle","UNK","UNK","UNK","gray","0.00","UNK","2026-09-22 04:22:11.813113","2026-09-22 04:22:11.813113"
"S25U","INFER_S25U_VEH_ROOF_20260921_180355.mp4",640,"2026-09-21 18:04:05.710621","VEH_014","motorcycle","UNK","UNK","UNK","gray","0.00","UNK","2026-09-22 04:22:11.813113","2026-09-22 04:22:11.813113"
"S25U","INFER_S25U_VEH_ROOF_20260921_180355.mp4",640,"2026-09-21 18:04:05.710621","VEH_015","motorcycle","UNK","UNK","UNK","black","0.00","UNK","2026-09-22 04:22:11.813113","2026-09-22 04:22:11.813113"
"S25U","INFER_S25U_VEH_ROOF_20260921_180355.mp4",640,"2026-09-21 18:04:05.710621","VEH_016","motorcycle","UNK","UNK","UNK","gray","0.00","UNK","2026-09-22 04:22:11.813113","2026-09-22 04:22:11.813113"
"S25U","INFER_S25U_VEH_ROOF_20260921_180355.mp4",640,"2026-09-21 18:04:05.710621","VEH_017","motorcycle","UNK","UNK","UNK","black","0.00","UNK","2026-09-22 04:22:11.813113","2026-09-22 04:22:11.813113"
"S25U","INFER_S25U_VEH_ROOF_20260921_180355.mp4",640,"2026-09-21 18:04:05.710621","VEH_018","motorcycle","UNK","UNK","UNK","black","0.00","UNK","2026-09-22 04:22:11.813113","2026-09-22 04:22:11.813113"
"S25U","INFER_S25U_VEH_ROOF_20260921_180355.mp4",640,"2026-09-21 18:04:05.710621","VEH_019","motorcycle","UNK","UNK","UNK","gray","0.00","UNK","2026-09-22 04:22:11.813113","2026-09-22 04:22:11.813113"
"S25U","INFER_S25U_VEH_ROOF_20260921_180355.mp4",640,"2026-09-21 18:04:05.710621","VEH_020","motorcycle","UNK","UNK","UNK","UNK","0.00","UNK","2026-09-22 04:22:11.813113","2026-09-22 04:22:11.813113"
"S25U","INFER_S25U_VEH_ROOF_20260921_180355.mp4",640,"2026-09-21 18:04:05.710621","VEH_021","motorcycle","UNK","UNK","UNK","gray","0.00","UNK","2026-09-22 04:22:11.813113","2026-09-22 04:22:11.813113"
"S25U","INFER_S25U_VEH_ROOF_20260921_180355.mp4",640,"2026-09-21 18:04:05.710621","VEH_022","motorcycle","UNK","UNK","UNK","gray","0.00","UNK","2026-09-22 04:22:11.813113","2026-09-22 04:22:11.813113"
"S25U","INFER_S25U_VEH_ROOF_20260921_180355.mp4",640,"2026-09-21 18:04:05.710621","VEH_023","motorcycle","UNK","UNK","UNK","gray","0.00","UNK","2026-09-22 04:22:11.813113","2026-09-22 04:22:11.813113"
"S25U","INFER_S25U_VEH_ROOF_20260921_180355.mp4",640,"2026-09-21 18:04:05.710621","VEH_024","motorcycle","UNK","UNK","UNK","gray","0.00","UNK","2026-09-22 04:22:11.813113","2026-09-22 04:22:11.813113"
"S25U","INFER_S25U_VEH_ROOF_20260921_180355.mp4",640,"2026-09-21 18:04:05.710621","VEH_025","motorcycle","UNK","UNK","UNK","gray","0.00","UNK","2026-09-22 04:22:11.813113","2026-09-22 04:22:11.813113"
"S25U","INFER_S25U_VEH_ROOF_20260921_180355.mp4",640,"2026-09-21 18:04:05.710621","VEH_026","motorcycle","UNK","UNK","UNK","gray","0.00","UNK","2026-09-22 04:22:11.813113","2026-09-22 04:22:11.813113"
"S25U","INFER_S25U_VEH_ROOF_20260921_180355.mp4",640,"2026-09-21 18:04:05.710621","VEH_027","motorcycle","UNK","UNK","UNK","gray","0.00","UNK","2026-09-22 04:22:11.813113","2026-09-22 04:22:11.813113"
"S25U","INFER_S25U_VEH_ROOF_20260921_180355.mp4",640,"2026-09-21 18:04:05.710621","VEH_028","motorcycle","UNK","UNK","UNK","black","0.00","UNK","2026-09-22 04:22:11.813113","2026-09-22 04:22:11.813113"
"S25U","INFER_S25U_VEH_ROOF_20260921_180355.mp4",640,"2026-09-21 18:04:05.710621","VEH_029","motorcycle","UNK","UNK","UNK","gray","0.00","UNK","2026-09-22 04:22:11.813113","2026-09-22 04:22:11.813113"
"S25U","INFER_S25U_VEH_ROOF_20260921_180355.mp4",640,"2026-09-21 18:04:05.710621","VEH_030","motorcycle","UNK","UNK","UNK","black","0.00","UNK","2026-09-22 04:22:11.813113","2026-09-22 04:22:11.813113"
"S25U","INFER_S25U_VEH_ROOF_20260921_180355.mp4",640,"2026-09-21 18:04:05.710621","VEH_031","motorcycle","UNK","UNK","UNK","black","0.00","UNK","2026-09-22 04:22:11.813113","2026-09-22 04:22:11.813113"
"S25U","INFER_S25U_VEH_ROOF_20260921_180355.mp4",640,"2026-09-21 18:04:05.710621","VEH_032","motorcycle","UNK","UNK","UNK","UNK","0.00","UNK","2026-09-22 04:22:11.813113","2026-09-22 04:22:11.813113"
"S25U","INFER_S25U_VEH_ROOF_20260921_180355.mp4",640,"2026-09-21 18:04:05.710621","VEH_033","motorcycle","UNK","UNK","UNK","UNK","0.00","UNK","2026-09-22 04:22:11.813113","2026-09-22 04:22:11.813113"
"S25U","INFER_S25U_VEH_ROOF_20260921_180355.mp4",640,"2026-09-21 18:04:05.710621","VEH_034","bus","UNK","UNK","UNK","gray","0.00","UNK","2026-09-22 04:22:11.813113","2026-09-22 04:22:11.813113"
"S25U","INFER_S25U_VEH_ROOF_20260921_180355.mp4",640,"2026-09-21 18:04:05.710621","VEH_035","motorcycle","UNK","UNK","UNK","gray","0.00","UNK","2026-09-22 04:22:11.813113","2026-09-22 04:22:11.813113"
"S25U","INFER_S25U_VEH_ROOF_20260921_180355.mp4",640,"2026-09-21 18:04:05.710621","VEH_036","motorcycle","UNK","UNK","UNK","black","0.00","UNK","2026-09-22 04:22:11.813113","2026-09-22 04:22:11.813113"
"S25U","INFER_S25U_VEH_ROOF_20260921_180355.mp4",640,"2026-09-21 18:04:05.710621","VEH_037","motorcycle","UNK","UNK","UNK","black","0.00","UNK","2026-09-22 04:22:11.813113","2026-09-22 04:22:11.813113"
"S25U","INFER_S25U_VEH_ROOF_20260921_180355.mp4",640,"2026-09-21 18:04:05.710621","VEH_038","motorcycle","UNK","UNK","UNK","black","0.00","UNK","2026-09-22 04:22:11.813113","2026-09-22 04:22:11.813113"
"S25U","INFER_S25U_VEH_ROOF_20260921_180355.mp4",640,"2026-09-21 18:04:05.710621","VEH_039","motorcycle","UNK","UNK","UNK","UNK","0.00","UNK","2026-09-22 04:22:11.813113","2026-09-22 04:22:11.813113"
"S25U","INFER_S25U_VEH_ROOF_20260921_180355.mp4",640,"2026-09-21 18:04:05.710621","VEH_040","motorcycle","UNK","UNK","UNK","black","0.00","UNK","2026-09-22 04:22:11.813113","2026-09-22 04:22:11.813113"
"S25U","INFER_S25U_VEH_ROOF_20260921_180355.mp4",640,"2026-09-21 18:04:05.710621","VEH_041","motorcycle","UNK","UNK","UNK","gray","0.00","UNK","2026-09-22 04:22:11.813113","2026-09-22 04:22:11.813113"
"S25U","INFER_S25U_VEH_ROOF_20260921_180355.mp4",640,"2026-09-21 18:04:05.710621","VEH_042","motorcycle","UNK","UNK","UNK","gray","0.00","UNK","2026-09-22 04:22:11.813113","2026-09-22 04:22:11.813113"
"S25U","INFER_S25U_VEH_ROOF_20260921_180355.mp4",640,"2026-09-21 18:04:05.710621","VEH_043","motorcycle","UNK","UNK","UNK","black","0.00","UNK","2026-09-22 04:22:11.813113","2026-09-22 04:22:11.813113"
"S25U","INFER_S25U_VEH_ROOF_20260921_180355.mp4",640,"2026-09-21 18:04:05.710621","VEH_044","motorcycle","UNK","UNK","UNK","gray","0.00","UNK","2026-09-22 04:22:11.813113","2026-09-22 04:22:11.813113"
"S25U","INFER_S25U_VEH_ROOF_20260921_180355.mp4",640,"2026-09-21 18:04:05.710621","VEH_045","motorcycle","UNK","UNK","UNK","gray","0.00","UNK","2026-09-22 04:22:11.813113","2026-09-22 04:22:11.813113"
"S25U","INFER_S25U_VEH_ROOF_20260921_180355.mp4",640,"2026-09-21 18:04:05.710621","VEH_046","motorcycle","UNK","UNK","UNK","black","0.00","UNK","2026-09-22 04:22:11.813113","2026-09-22 04:22:11.813113"
"S25U","INFER_S25U_VEH_ROOF_20260921_180355.mp4",640,"2026-09-21 18:04:05.710621","VEH_047","motorcycle","UNK","UNK","UNK","gray","0.00","UNK","2026-09-22 04:22:11.813113","2026-09-22 04:22:11.813113"
"S25U","INFER_S25U_VEH_ROOF_20260921_180355.mp4",640,"2026-09-21 18:04:05.710621","VEH_048","motorcycle","UNK","UNK","UNK","gray","0.00","UNK","2026-09-22 04:22:11.813113","2026-09-22 04:22:11.813113"
"S25U","INFER_S25U_VEH_ROOF_20260921_180355.mp4",640,"2026-09-21 18:04:05.710621","VEH_049","truck","UNK","UNK","UNK","gray","0.00","UNK","2026-09-22 04:22:11.813113","2026-09-22 04:22:11.813113"
"S25U","INFER_S25U_VEH_ROOF_20260921_180355.mp4",650,"2026-09-21 18:04:05.877975","VEH_001","motorcycle","UNK","UNK","UNK","gray","0.00","UNK","2026-09-22 04:22:14.701323","2026-09-22 04:22:14.701323"
"S25U","INFER_S25U_VEH_ROOF_20260921_180355.mp4",650,"2026-09-21 18:04:05.877975","VEH_002","motorcycle","UNK","UNK","UNK","gray","0.00","UNK","2026-09-22 04:22:14.701323","2026-09-22 04:22:14.701323"
"S25U","INFER_S25U_VEH_ROOF_20260921_180355.mp4",650,"2026-09-21 18:04:05.877975","VEH_003","motorcycle","UNK","UNK","UNK","gray","0.00","UNK","2026-09-22 04:22:14.701323","2026-09-22 04:22:14.701323"
"S25U","INFER_S25U_VEH_ROOF_20260921_180355.mp4",650,"2026-09-21 18:04:05.877975","VEH_004","motorcycle","UNK","UNK","UNK","black","0.00","UNK","2026-09-22 04:22:14.701323","2026-09-22 04:22:14.701323"
"S25U","INFER_S25U_VEH_ROOF_20260921_180355.mp4",650,"2026-09-21 18:04:05.877975","VEH_005","motorcycle","UNK","UNK","UNK","black","0.00","UNK","2026-09-22 04:22:14.701323","2026-09-22 04:22:14.701323"
"S25U","INFER_S25U_VEH_ROOF_20260921_180355.mp4",650,"2026-09-21 18:04:05.877975","VEH_006","motorcycle","UNK","UNK","UNK","gray","0.00","UNK","2026-09-22 04:22:14.701323","2026-09-22 04:22:14.701323"
"S25U","INFER_S25U_VEH_ROOF_20260921_180355.mp4",650,"2026-09-21 18:04:05.877975","VEH_007","motorcycle","UNK","UNK","UNK","black","0.00","UNK","2026-09-22 04:22:14.701323","2026-09-22 04:22:14.701323"
"S25U","INFER_S25U_VEH_ROOF_20260921_180355.mp4",650,"2026-09-21 18:04:05.877975","VEH_008","motorcycle","UNK","UNK","UNK","black","0.00","UNK","2026-09-22 04:22:14.701323","2026-09-22 04:22:14.701323"
"S25U","INFER_S25U_VEH_ROOF_20260921_180355.mp4",650,"2026-09-21 18:04:05.877975","VEH_009","motorcycle","UNK","UNK","UNK","gray","0.00","UNK","2026-09-22 04:22:14.701323","2026-09-22 04:22:14.701323"
"S25U","INFER_S25U_VEH_ROOF_20260921_180355.mp4",650,"2026-09-21 18:04:05.877975","VEH_010","motorcycle","UNK","UNK","UNK","gray","0.00","UNK","2026-09-22 04:22:14.701323","2026-09-22 04:22:14.701323"
"S25U","INFER_S25U_VEH_ROOF_20260921_180355.mp4",650,"2026-09-21 18:04:05.877975","VEH_011","motorcycle","UNK","UNK","UNK","gray","0.00","UNK","2026-09-22 04:22:14.701323","2026-09-22 04:22:14.701323"
"S25U","INFER_S25U_VEH_ROOF_20260921_180355.mp4",650,"2026-09-21 18:04:05.877975","VEH_012","motorcycle","UNK","UNK","UNK","gray","0.00","UNK","2026-09-22 04:22:14.701323","2026-09-22 04:22:14.701323"
"S25U","INFER_S25U_VEH_ROOF_20260921_180355.mp4",650,"2026-09-21 18:04:05.877975","VEH_013","motorcycle","UNK","UNK","UNK","gray","0.00","UNK","2026-09-22 04:22:14.701323","2026-09-22 04:22:14.701323"
"S25U","INFER_S25U_VEH_ROOF_20260921_180355.mp4",650,"2026-09-21 18:04:05.877975","VEH_014","motorcycle","UNK","UNK","UNK","black","0.00","UNK","2026-09-22 04:22:14.701323","2026-09-22 04:22:14.701323"
"S25U","INFER_S25U_VEH_ROOF_20260921_180355.mp4",650,"2026-09-21 18:04:05.877975","VEH_015","motorcycle","UNK","UNK","UNK","gray","0.00","UNK","2026-09-22 04:22:14.701323","2026-09-22 04:22:14.701323"
"S25U","INFER_S25U_VEH_ROOF_20260921_180355.mp4",650,"2026-09-21 18:04:05.877975","VEH_016","motorcycle","UNK","UNK","UNK","black","0.00","UNK","2026-09-22 04:22:14.701323","2026-09-22 04:22:14.701323"
"S25U","INFER_S25U_VEH_ROOF_20260921_180355.mp4",650,"2026-09-21 18:04:05.877975","VEH_017","motorcycle","UNK","UNK","UNK","black","0.00","UNK","2026-09-22 04:22:14.701323","2026-09-22 04:22:14.701323"
"S25U","INFER_S25U_VEH_ROOF_20260921_180355.mp4",650,"2026-09-21 18:04:05.877975","VEH_018","motorcycle","UNK","UNK","UNK","UNK","0.00","UNK","2026-09-22 04:22:14.701323","2026-09-22 04:22:14.701323"
"S25U","INFER_S25U_VEH_ROOF_20260921_180355.mp4",650,"2026-09-21 18:04:05.877975","VEH_019","motorcycle","UNK","UNK","UNK","UNK","0.00","UNK","2026-09-22 04:22:14.701323","2026-09-22 04:22:14.701323"
"S25U","INFER_S25U_VEH_ROOF_20260921_180355.mp4",650,"2026-09-21 18:04:05.877975","VEH_020","motorcycle","UNK","UNK","UNK","gray","0.00","UNK","2026-09-22 04:22:14.701323","2026-09-22 04:22:14.701323"
"S25U","INFER_S25U_VEH_ROOF_20260921_180355.mp4",650,"2026-09-21 18:04:05.877975","VEH_021","motorcycle","UNK","UNK","UNK","gray","0.00","UNK","2026-09-22 04:22:14.701323","2026-09-22 04:22:14.701323"
"S25U","INFER_S25U_VEH_ROOF_20260921_180355.mp4",650,"2026-09-21 18:04:05.877975","VEH_022","bus","UNK","UNK","UNK","gray","0.00","UNK","2026-09-22 04:22:14.701323","2026-09-22 04:22:14.701323"
"S25U","INFER_S25U_VEH_ROOF_20260921_180355.mp4",650,"2026-09-21 18:04:05.877975","VEH_023","motorcycle","UNK","UNK","UNK","gray","0.00","UNK","2026-09-22 04:22:14.701323","2026-09-22 04:22:14.701323"
"S25U","INFER_S25U_VEH_ROOF_20260921_180355.mp4",650,"2026-09-21 18:04:05.877975","VEH_024","motorcycle","UNK","UNK","UNK","gray","0.00","UNK","2026-09-22 04:22:14.701323","2026-09-22 04:22:14.701323"
"S25U","INFER_S25U_VEH_ROOF_20260921_180355.mp4",650,"2026-09-21 18:04:05.877975","VEH_025","motorcycle","UNK","UNK","UNK","gray","0.00","UNK","2026-09-22 04:22:14.701323","2026-09-22 04:22:14.701323"
"S25U","INFER_S25U_VEH_ROOF_20260921_180355.mp4",650,"2026-09-21 18:04:05.877975","VEH_026","motorcycle","UNK","UNK","UNK","gray","0.00","UNK","2026-09-22 04:22:14.701323","2026-09-22 04:22:14.701323"
"S25U","INFER_S25U_VEH_ROOF_20260921_180355.mp4",650,"2026-09-21 18:04:05.877975","VEH_027","motorcycle","UNK","UNK","UNK","black","0.00","UNK","2026-09-22 04:22:14.701323","2026-09-22 04:22:14.701323"
"S25U","INFER_S25U_VEH_ROOF_20260921_180355.mp4",650,"2026-09-21 18:04:05.877975","VEH_028","motorcycle","UNK","UNK","UNK","gray","0.00","UNK","2026-09-22 04:22:14.701323","2026-09-22 04:22:14.701323"
"S25U","INFER_S25U_VEH_ROOF_20260921_180355.mp4",650,"2026-09-21 18:04:05.877975","VEH_029","motorcycle","UNK","UNK","UNK","gray","0.00","UNK","2026-09-22 04:22:14.701323","2026-09-22 04:22:14.701323"
"S25U","INFER_S25U_VEH_ROOF_20260921_180355.mp4",650,"2026-09-21 18:04:05.877975","VEH_030","motorcycle","UNK","UNK","UNK","gray","0.00","UNK","2026-09-22 04:22:14.701323","2026-09-22 04:22:14.701323"
"S25U","INFER_S25U_VEH_ROOF_20260921_180355.mp4",650,"2026-09-21 18:04:05.877975","VEH_031","motorcycle","UNK","UNK","UNK","black","0.00","UNK","2026-09-22 04:22:14.701323","2026-09-22 04:22:14.701323"
"S25U","INFER_S25U_VEH_ROOF_20260921_180355.mp4",650,"2026-09-21 18:04:05.877975","VEH_032","motorcycle","UNK","UNK","UNK","black","0.00","UNK","2026-09-22 04:22:14.701323","2026-09-22 04:22:14.701323"
"S25U","INFER_S25U_VEH_ROOF_20260921_180355.mp4",650,"2026-09-21 18:04:05.877975","VEH_033","motorcycle","UNK","UNK","UNK","UNK","0.00","UNK","2026-09-22 04:22:14.701323","2026-09-22 04:22:14.701323"
"S25U","INFER_S25U_VEH_ROOF_20260921_180355.mp4",650,"2026-09-21 18:04:05.877975","VEH_034","motorcycle","UNK","UNK","UNK","UNK","0.00","UNK","2026-09-22 04:22:14.701323","2026-09-22 04:22:14.701323"
"S25U","INFER_S25U_VEH_ROOF_20260921_180355.mp4",650,"2026-09-21 18:04:05.877975","VEH_035","motorcycle","UNK","UNK","UNK","gray","0.00","UNK","2026-09-22 04:22:14.701323","2026-09-22 04:22:14.701323"
"S25U","INFER_S25U_VEH_ROOF_20260921_180355.mp4",650,"2026-09-21 18:04:05.877975","VEH_036","motorcycle","UNK","UNK","UNK","black","0.00","UNK","2026-09-22 04:22:14.701323","2026-09-22 04:22:14.701323"
"S25U","INFER_S25U_VEH_ROOF_20260921_180355.mp4",650,"2026-09-21 18:04:05.877975","VEH_037","motorcycle","UNK","UNK","UNK","UNK","0.00","UNK","2026-09-22 04:22:14.701323","2026-09-22 04:22:14.701323"
"S25U","INFER_S25U_VEH_ROOF_20260921_180355.mp4",650,"2026-09-21 18:04:05.877975","VEH_038","motorcycle","UNK","UNK","UNK","black","0.00","UNK","2026-09-22 04:22:14.701323","2026-09-22 04:22:14.701323"
"S25U","INFER_S25U_VEH_ROOF_20260921_180355.mp4",650,"2026-09-21 18:04:05.877975","VEH_039","motorcycle","UNK","UNK","UNK","gray","0.00","UNK","2026-09-22 04:22:14.701323","2026-09-22 04:22:14.701323"
"S25U","INFER_S25U_VEH_ROOF_20260921_180355.mp4",650,"2026-09-21 18:04:05.877975","VEH_040","motorcycle","UNK","UNK","UNK","gray","0.00","UNK","2026-09-22 04:22:14.701323","2026-09-22 04:22:14.701323"
"S25U","INFER_S25U_VEH_ROOF_20260921_180355.mp4",650,"2026-09-21 18:04:05.877975","VEH_041","motorcycle","UNK","UNK","UNK","black","0.00","UNK","2026-09-22 04:22:14.701323","2026-09-22 04:22:14.701323"
"S25U","INFER_S25U_VEH_ROOF_20260921_180355.mp4",650,"2026-09-21 18:04:05.877975","VEH_042","motorcycle","UNK","UNK","UNK","black","0.00","UNK","2026-09-22 04:22:14.701323","2026-09-22 04:22:14.701323"
"S25U","INFER_S25U_VEH_ROOF_20260921_180355.mp4",650,"2026-09-21 18:04:05.877975","VEH_043","motorcycle","UNK","UNK","UNK","gray","0.00","UNK","2026-09-22 04:22:14.701323","2026-09-22 04:22:14.701323"
"S25U","INFER_S25U_VEH_ROOF_20260921_180355.mp4",650,"2026-09-21 18:04:05.877975","VEH_044","motorcycle","UNK","UNK","UNK","black","0.00","UNK","2026-09-22 04:22:14.701323","2026-09-22 04:22:14.701323"
"S25U","INFER_S25U_VEH_ROOF_20260921_180355.mp4",650,"2026-09-21 18:04:05.877975","VEH_045","motorcycle","UNK","UNK","UNK","UNK","0.00","UNK","2026-09-22 04:22:14.701323","2026-09-22 04:22:14.701323"
"S25U","INFER_S25U_VEH_ROOF_20260921_180355.mp4",650,"2026-09-21 18:04:05.877975","VEH_046","motorcycle","UNK","UNK","UNK","gray","0.00","UNK","2026-09-22 04:22:14.701323","2026-09-22 04:22:14.701323"
"S25U","INFER_S25U_VEH_ROOF_20260921_180355.mp4",650,"2026-09-21 18:04:05.877975","VEH_047","motorcycle","UNK","UNK","UNK","gray","0.00","UNK","2026-09-22 04:22:14.701323","2026-09-22 04:22:14.701323"
"S25U","INFER_S25U_VEH_ROOF_20260921_180355.mp4",650,"2026-09-21 18:04:05.877975","VEH_048","motorcycle","UNK","UNK","UNK","gray","0.00","UNK","2026-09-22 04:22:14.701323","2026-09-22 04:22:14.701323"
"S25U","INFER_S25U_VEH_ROOF_20260921_180355.mp4",650,"2026-09-21 18:04:05.877975","VEH_049","motorcycle","UNK","UNK","UNK","black","0.00","UNK","2026-09-22 04:22:14.701323","2026-09-22 04:22:14.701323"
"S25U","INFER_S25U_VEH_ROOF_20260921_180355.mp4",650,"2026-09-21 18:04:05.877975","VEH_050","motorcycle","UNK","UNK","UNK","black","0.00","UNK","2026-09-22 04:22:14.701323","2026-09-22 04:22:14.701323"
"S25U","INFER_S25U_VEH_ROOF_20260921_180355.mp4",650,"2026-09-21 18:04:05.877975","VEH_051","motorcycle","UNK","UNK","UNK","black","0.00","UNK","2026-09-22 04:22:14.701323","2026-09-22 04:22:14.701323"
"S25U","INFER_S25U_VEH_ROOF_20260921_180355.mp4",650,"2026-09-21 18:04:05.877975","VEH_052","motorcycle","UNK","UNK","UNK","gray","0.00","UNK","2026-09-22 04:22:14.701323","2026-09-22 04:22:14.701323"
"S25U","INFER_S25U_VEH_ROOF_20260921_180355.mp4",650,"2026-09-21 18:04:05.877975","VEH_053","motorcycle","UNK","UNK","UNK","black","0.00","UNK","2026-09-22 04:22:14.701323","2026-09-22 04:22:14.701323"
"S25U","INFER_S25U_VEH_ROOF_20260921_180355.mp4",650,"2026-09-21 18:04:05.877975","VEH_054","motorcycle","UNK","UNK","UNK","gray","0.00","UNK","2026-09-22 04:22:14.701323","2026-09-22 04:22:14.701323"
"S25U","INFER_S25U_VEH_ROOF_20260921_180355.mp4",650,"2026-09-21 18:04:05.877975","VEH_055","motorcycle","UNK","UNK","UNK","gray","0.00","UNK","2026-09-22 04:22:14.701323","2026-09-22 04:22:14.701323"
"S25U","INFER_S25U_VEH_ROOF_20260921_180355.mp4",650,"2026-09-21 18:04:05.877975","VEH_056","truck","UNK","UNK","UNK","gray","0.00","UNK","2026-09-22 04:22:14.701323","2026-09-22 04:22:14.701323"
"S25U","INFER_S25U_VEH_ROOF_20260921_180355.mp4",660,"2026-09-21 18:04:06.045328","VEH_001","motorcycle","UNK","UNK","UNK","gray","0.00","UNK","2026-09-22 04:22:17.470539","2026-09-22 04:22:17.470539"
"S25U","INFER_S25U_VEH_ROOF_20260921_180355.mp4",660,"2026-09-21 18:04:06.045328","VEH_002","motorcycle","UNK","UNK","UNK","gray","0.00","UNK","2026-09-22 04:22:17.470539","2026-09-22 04:22:17.470539"
"S25U","INFER_S25U_VEH_ROOF_20260921_180355.mp4",660,"2026-09-21 18:04:06.045328","VEH_003","motorcycle","UNK","UNK","UNK","gray","0.00","UNK","2026-09-22 04:22:17.470539","2026-09-22 04:22:17.470539"
"S25U","INFER_S25U_VEH_ROOF_20260921_180355.mp4",660,"2026-09-21 18:04:06.045328","VEH_004","motorcycle","UNK","UNK","UNK","black","0.00","UNK","2026-09-22 04:22:17.470539","2026-09-22 04:22:17.470539"
"S25U","INFER_S25U_VEH_ROOF_20260921_180355.mp4",660,"2026-09-21 18:04:06.045328","VEH_005","motorcycle","UNK","UNK","UNK","gray","0.00","UNK","2026-09-22 04:22:17.470539","2026-09-22 04:22:17.470539"
"S25U","INFER_S25U_VEH_ROOF_20260921_180355.mp4",660,"2026-09-21 18:04:06.045328","VEH_006","motorcycle","UNK","UNK","UNK","black","0.00","UNK","2026-09-22 04:22:17.470539","2026-09-22 04:22:17.470539"
"S25U","INFER_S25U_VEH_ROOF_20260921_180355.mp4",660,"2026-09-21 18:04:06.045328","VEH_007","motorcycle","UNK","UNK","UNK","gray","0.00","UNK","2026-09-22 04:22:17.470539","2026-09-22 04:22:17.470539"
"S25U","INFER_S25U_VEH_ROOF_20260921_180355.mp4",660,"2026-09-21 18:04:06.045328","VEH_008","motorcycle","UNK","UNK","UNK","gray","0.00","UNK","2026-09-22 04:22:17.470539","2026-09-22 04:22:17.470539"
"S25U","INFER_S25U_VEH_ROOF_20260921_180355.mp4",660,"2026-09-21 18:04:06.045328","VEH_009","motorcycle","UNK","UNK","UNK","gray","0.00","UNK","2026-09-22 04:22:17.470539","2026-09-22 04:22:17.470539"
"S25U","INFER_S25U_VEH_ROOF_20260921_180355.mp4",660,"2026-09-21 18:04:06.045328","VEH_010","motorcycle","UNK","UNK","UNK","black","0.00","UNK","2026-09-22 04:22:17.470539","2026-09-22 04:22:17.470539"
"S25U","INFER_S25U_VEH_ROOF_20260921_180355.mp4",660,"2026-09-21 18:04:06.045328","VEH_011","motorcycle","UNK","UNK","UNK","gray","0.00","UNK","2026-09-22 04:22:17.470539","2026-09-22 04:22:17.470539"
"S25U","INFER_S25U_VEH_ROOF_20260921_180355.mp4",660,"2026-09-21 18:04:06.045328","VEH_012","motorcycle","UNK","UNK","UNK","black","0.00","UNK","2026-09-22 04:22:17.470539","2026-09-22 04:22:17.470539"
"S25U","INFER_S25U_VEH_ROOF_20260921_180355.mp4",660,"2026-09-21 18:04:06.045328","VEH_013","motorcycle","UNK","UNK","UNK","gray","0.00","UNK","2026-09-22 04:22:17.470539","2026-09-22 04:22:17.470539"
"S25U","INFER_S25U_VEH_ROOF_20260921_180355.mp4",660,"2026-09-21 18:04:06.045328","VEH_014","motorcycle","UNK","UNK","UNK","black","0.00","UNK","2026-09-22 04:22:17.470539","2026-09-22 04:22:17.470539"
"S25U","INFER_S25U_VEH_ROOF_20260921_180355.mp4",660,"2026-09-21 18:04:06.045328","VEH_015","motorcycle","UNK","UNK","UNK","black","0.00","UNK","2026-09-22 04:22:17.470539","2026-09-22 04:22:17.470539"
"S25U","INFER_S25U_VEH_ROOF_20260921_180355.mp4",660,"2026-09-21 18:04:06.045328","VEH_016","motorcycle","UNK","UNK","UNK","UNK","0.00","UNK","2026-09-22 04:22:17.470539","2026-09-22 04:22:17.470539"
"S25U","INFER_S25U_VEH_ROOF_20260921_180355.mp4",660,"2026-09-21 18:04:06.045328","VEH_017","motorcycle","UNK","UNK","UNK","UNK","0.00","UNK","2026-09-22 04:22:17.470539","2026-09-22 04:22:17.470539"
"S25U","INFER_S25U_VEH_ROOF_20260921_180355.mp4",660,"2026-09-21 18:04:06.045328","VEH_018","motorcycle","UNK","UNK","UNK","gray","0.00","UNK","2026-09-22 04:22:17.470539","2026-09-22 04:22:17.470539"
"S25U","INFER_S25U_VEH_ROOF_20260921_180355.mp4",660,"2026-09-21 18:04:06.045328","VEH_019","motorcycle","UNK","UNK","UNK","gray","0.00","UNK","2026-09-22 04:22:17.470539","2026-09-22 04:22:17.470539"
"S25U","INFER_S25U_VEH_ROOF_20260921_180355.mp4",660,"2026-09-21 18:04:06.045328","VEH_020","motorcycle","UNK","UNK","UNK","gray","0.00","UNK","2026-09-22 04:22:17.470539","2026-09-22 04:22:17.470539"
"S25U","INFER_S25U_VEH_ROOF_20260921_180355.mp4",660,"2026-09-21 18:04:06.045328","VEH_021","motorcycle","UNK","UNK","UNK","gray","0.00","UNK","2026-09-22 04:22:17.470539","2026-09-22 04:22:17.470539"
"S25U","INFER_S25U_VEH_ROOF_20260921_180355.mp4",660,"2026-09-21 18:04:06.045328","VEH_022","motorcycle","UNK","UNK","UNK","gray","0.00","UNK","2026-09-22 04:22:17.470539","2026-09-22 04:22:17.470539"
"S25U","INFER_S25U_VEH_ROOF_20260921_180355.mp4",660,"2026-09-21 18:04:06.045328","VEH_023","motorcycle","UNK","UNK","UNK","gray","0.00","UNK","2026-09-22 04:22:17.470539","2026-09-22 04:22:17.470539"
"S25U","INFER_S25U_VEH_ROOF_20260921_180355.mp4",660,"2026-09-21 18:04:06.045328","VEH_024","motorcycle","UNK","UNK","UNK","gray","0.00","UNK","2026-09-22 04:22:17.470539","2026-09-22 04:22:17.470539"
"S25U","INFER_S25U_VEH_ROOF_20260921_180355.mp4",660,"2026-09-21 18:04:06.045328","VEH_025","motorcycle","UNK","UNK","UNK","gray","0.00","UNK","2026-09-22 04:22:17.470539","2026-09-22 04:22:17.470539"
"S25U","INFER_S25U_VEH_ROOF_20260921_180355.mp4",660,"2026-09-21 18:04:06.045328","VEH_026","motorcycle","UNK","UNK","UNK","gray","0.00","UNK","2026-09-22 04:22:17.470539","2026-09-22 04:22:17.470539"
"S25U","INFER_S25U_VEH_ROOF_20260921_180355.mp4",660,"2026-09-21 18:04:06.045328","VEH_027","motorcycle","UNK","UNK","UNK","black","0.00","UNK","2026-09-22 04:22:17.470539","2026-09-22 04:22:17.470539"
"S25U","INFER_S25U_VEH_ROOF_20260921_180355.mp4",660,"2026-09-21 18:04:06.045328","VEH_028","motorcycle","UNK","UNK","UNK","gray","0.00","UNK","2026-09-22 04:22:17.470539","2026-09-22 04:22:17.470539"
"S25U","INFER_S25U_VEH_ROOF_20260921_180355.mp4",660,"2026-09-21 18:04:06.045328","VEH_029","motorcycle","UNK","UNK","UNK","gray","0.00","UNK","2026-09-22 04:22:17.470539","2026-09-22 04:22:17.470539"
"S25U","INFER_S25U_VEH_ROOF_20260921_180355.mp4",660,"2026-09-21 18:04:06.045328","VEH_030","motorcycle","UNK","UNK","UNK","UNK","0.00","UNK","2026-09-22 04:22:17.470539","2026-09-22 04:22:17.470539"
"S25U","INFER_S25U_VEH_ROOF_20260921_180355.mp4",660,"2026-09-21 18:04:06.045328","VEH_031","motorcycle","UNK","UNK","UNK","UNK","0.00","UNK","2026-09-22 04:22:17.470539","2026-09-22 04:22:17.470539"
"S25U","INFER_S25U_VEH_ROOF_20260921_180355.mp4",660,"2026-09-21 18:04:06.045328","VEH_032","motorcycle","UNK","UNK","UNK","UNK","0.00","UNK","2026-09-22 04:22:17.470539","2026-09-22 04:22:17.470539"
"S25U","INFER_S25U_VEH_ROOF_20260921_180355.mp4",660,"2026-09-21 18:04:06.045328","VEH_033","motorcycle","UNK","UNK","UNK","gray","0.00","UNK","2026-09-22 04:22:17.470539","2026-09-22 04:22:17.470539"
"S25U","INFER_S25U_VEH_ROOF_20260921_180355.mp4",660,"2026-09-21 18:04:06.045328","VEH_034","motorcycle","UNK","UNK","UNK","gray","0.00","UNK","2026-09-22 04:22:17.470539","2026-09-22 04:22:17.470539"
"S25U","INFER_S25U_VEH_ROOF_20260921_180355.mp4",660,"2026-09-21 18:04:06.045328","VEH_035","motorcycle","UNK","UNK","UNK","black","0.00","UNK","2026-09-22 04:22:17.470539","2026-09-22 04:22:17.470539"
"S25U","INFER_S25U_VEH_ROOF_20260921_180355.mp4",660,"2026-09-21 18:04:06.045328","VEH_036","motorcycle","UNK","UNK","UNK","black","0.00","UNK","2026-09-22 04:22:17.470539","2026-09-22 04:22:17.470539"
"S25U","INFER_S25U_VEH_ROOF_20260921_180355.mp4",660,"2026-09-21 18:04:06.045328","VEH_037","motorcycle","UNK","UNK","UNK","black","0.00","UNK","2026-09-22 04:22:17.470539","2026-09-22 04:22:17.470539"
"S25U","INFER_S25U_VEH_ROOF_20260921_180355.mp4",660,"2026-09-21 18:04:06.045328","VEH_038","motorcycle","UNK","UNK","UNK","UNK","0.00","UNK","2026-09-22 04:22:17.470539","2026-09-22 04:22:17.470539"
"S25U","INFER_S25U_VEH_ROOF_20260921_180355.mp4",660,"2026-09-21 18:04:06.045328","VEH_039","motorcycle","UNK","UNK","UNK","black","0.00","UNK","2026-09-22 04:22:17.470539","2026-09-22 04:22:17.470539"
"S25U","INFER_S25U_VEH_ROOF_20260921_180355.mp4",660,"2026-09-21 18:04:06.045328","VEH_040","bus","UNK","UNK","UNK","gray","0.00","UNK","2026-09-22 04:22:17.470539","2026-09-22 04:22:17.470539"
"S25U","INFER_S25U_VEH_ROOF_20260921_180355.mp4",660,"2026-09-21 18:04:06.045328","VEH_041","motorcycle","UNK","UNK","UNK","gray","0.00","UNK","2026-09-22 04:22:17.470539","2026-09-22 04:22:17.470539"
"S25U","INFER_S25U_VEH_ROOF_20260921_180355.mp4",660,"2026-09-21 18:04:06.045328","VEH_042","motorcycle","UNK","UNK","UNK","gray","0.00","UNK","2026-09-22 04:22:17.470539","2026-09-22 04:22:17.470539"
"S25U","INFER_S25U_VEH_ROOF_20260921_180355.mp4",660,"2026-09-21 18:04:06.045328","VEH_043","motorcycle","UNK","UNK","UNK","black","0.00","UNK","2026-09-22 04:22:17.470539","2026-09-22 04:22:17.470539"
"S25U","INFER_S25U_VEH_ROOF_20260921_180355.mp4",660,"2026-09-21 18:04:06.045328","VEH_044","motorcycle","UNK","UNK","UNK","black","0.00","UNK","2026-09-22 04:22:17.470539","2026-09-22 04:22:17.470539"
"S25U","INFER_S25U_VEH_ROOF_20260921_180355.mp4",660,"2026-09-21 18:04:06.045328","VEH_045","motorcycle","UNK","UNK","UNK","UNK","0.00","UNK","2026-09-22 04:22:17.470539","2026-09-22 04:22:17.470539"
"S25U","INFER_S25U_VEH_ROOF_20260921_180355.mp4",660,"2026-09-21 18:04:06.045328","VEH_046","motorcycle","UNK","UNK","UNK","gray","0.00","UNK","2026-09-22 04:22:17.470539","2026-09-22 04:22:17.470539"
"S25U","INFER_S25U_VEH_ROOF_20260921_180355.mp4",660,"2026-09-21 18:04:06.045328","VEH_047","motorcycle","UNK","UNK","UNK","black","0.00","UNK","2026-09-22 04:22:17.470539","2026-09-22 04:22:17.470539"
"S25U","INFER_S25U_VEH_ROOF_20260921_180355.mp4",660,"2026-09-21 18:04:06.045328","VEH_048","motorcycle","UNK","UNK","UNK","black","0.00","UNK","2026-09-22 04:22:17.470539","2026-09-22 04:22:17.470539"
"S25U","INFER_S25U_VEH_ROOF_20260921_180355.mp4",660,"2026-09-21 18:04:06.045328","VEH_049","motorcycle","UNK","UNK","UNK","black","0.00","UNK","2026-09-22 04:22:17.470539","2026-09-22 04:22:17.470539"
"S25U","INFER_S25U_VEH_ROOF_20260921_180355.mp4",660,"2026-09-21 18:04:06.045328","VEH_050","motorcycle","UNK","UNK","UNK","gray","0.00","UNK","2026-09-22 04:22:17.470539","2026-09-22 04:22:17.470539"
"S25U","INFER_S25U_VEH_ROOF_20260921_180355.mp4",660,"2026-09-21 18:04:06.045328","VEH_051","motorcycle","UNK","UNK","UNK","gray","0.00","UNK","2026-09-22 04:22:17.470539","2026-09-22 04:22:17.470539"
"S25U","INFER_S25U_VEH_ROOF_20260921_180355.mp4",670,"2026-09-21 18:04:06.212681","VEH_001","motorcycle","UNK","UNK","UNK","gray","0.00","UNK","2026-09-22 04:22:20.052385","2026-09-22 04:22:20.052385"
"S25U","INFER_S25U_VEH_ROOF_20260921_180355.mp4",670,"2026-09-21 18:04:06.212681","VEH_002","motorcycle","UNK","UNK","UNK","gray","0.00","UNK","2026-09-22 04:22:20.052385","2026-09-22 04:22:20.052385"
"S25U","INFER_S25U_VEH_ROOF_20260921_180355.mp4",670,"2026-09-21 18:04:06.212681","VEH_003","motorcycle","UNK","UNK","UNK","gray","0.00","UNK","2026-09-22 04:22:20.052385","2026-09-22 04:22:20.052385"
"S25U","INFER_S25U_VEH_ROOF_20260921_180355.mp4",670,"2026-09-21 18:04:06.212681","VEH_004","motorcycle","UNK","UNK","UNK","gray","0.00","UNK","2026-09-22 04:22:20.052385","2026-09-22 04:22:20.052385"
"S25U","INFER_S25U_VEH_ROOF_20260921_180355.mp4",670,"2026-09-21 18:04:06.212681","VEH_005","motorcycle","UNK","UNK","UNK","gray","0.00","UNK","2026-09-22 04:22:20.052385","2026-09-22 04:22:20.052385"
"S25U","INFER_S25U_VEH_ROOF_20260921_180355.mp4",670,"2026-09-21 18:04:06.212681","VEH_006","motorcycle","UNK","UNK","UNK","gray","0.00","UNK","2026-09-22 04:22:20.052385","2026-09-22 04:22:20.052385"
"S25U","INFER_S25U_VEH_ROOF_20260921_180355.mp4",670,"2026-09-21 18:04:06.212681","VEH_007","motorcycle","UNK","UNK","UNK","black","0.00","UNK","2026-09-22 04:22:20.052385","2026-09-22 04:22:20.052385"
"S25U","INFER_S25U_VEH_ROOF_20260921_180355.mp4",670,"2026-09-21 18:04:06.212681","VEH_008","motorcycle","UNK","UNK","UNK","black","0.00","UNK","2026-09-22 04:22:20.052385","2026-09-22 04:22:20.052385"
"S25U","INFER_S25U_VEH_ROOF_20260921_180355.mp4",670,"2026-09-21 18:04:06.212681","VEH_009","motorcycle","UNK","UNK","UNK","gray","0.00","UNK","2026-09-22 04:22:20.052385","2026-09-22 04:22:20.052385"
"S25U","INFER_S25U_VEH_ROOF_20260921_180355.mp4",670,"2026-09-21 18:04:06.212681","VEH_010","motorcycle","UNK","UNK","UNK","gray","0.00","UNK","2026-09-22 04:22:20.052385","2026-09-22 04:22:20.052385"
"S25U","INFER_S25U_VEH_ROOF_20260921_180355.mp4",670,"2026-09-21 18:04:06.212681","VEH_011","motorcycle","UNK","UNK","UNK","gray","0.00","UNK","2026-09-22 04:22:20.052385","2026-09-22 04:22:20.052385"
"S25U","INFER_S25U_VEH_ROOF_20260921_180355.mp4",670,"2026-09-21 18:04:06.212681","VEH_012","motorcycle","UNK","UNK","UNK","gray","0.00","UNK","2026-09-22 04:22:20.052385","2026-09-22 04:22:20.052385"
"S25U","INFER_S25U_VEH_ROOF_20260921_180355.mp4",670,"2026-09-21 18:04:06.212681","VEH_013","motorcycle","UNK","UNK","UNK","black","0.00","UNK","2026-09-22 04:22:20.052385","2026-09-22 04:22:20.052385"
"S25U","INFER_S25U_VEH_ROOF_20260921_180355.mp4",670,"2026-09-21 18:04:06.212681","VEH_014","motorcycle","UNK","UNK","UNK","gray","0.00","UNK","2026-09-22 04:22:20.052385","2026-09-22 04:22:20.052385"
"S25U","INFER_S25U_VEH_ROOF_20260921_180355.mp4",670,"2026-09-21 18:04:06.212681","VEH_015","motorcycle","UNK","UNK","UNK","black","0.00","UNK","2026-09-22 04:22:20.052385","2026-09-22 04:22:20.052385"
"S25U","INFER_S25U_VEH_ROOF_20260921_180355.mp4",670,"2026-09-21 18:04:06.212681","VEH_016","motorcycle","UNK","UNK","UNK","gray","0.00","UNK","2026-09-22 04:22:20.052385","2026-09-22 04:22:20.052385"
"S25U","INFER_S25U_VEH_ROOF_20260921_180355.mp4",670,"2026-09-21 18:04:06.212681","VEH_017","motorcycle","UNK","UNK","UNK","UNK","0.00","UNK","2026-09-22 04:22:20.052385","2026-09-22 04:22:20.052385"
"S25U","INFER_S25U_VEH_ROOF_20260921_180355.mp4",670,"2026-09-21 18:04:06.212681","VEH_018","motorcycle","UNK","UNK","UNK","UNK","0.00","UNK","2026-09-22 04:22:20.052385","2026-09-22 04:22:20.052385"
"S25U","INFER_S25U_VEH_ROOF_20260921_180355.mp4",670,"2026-09-21 18:04:06.212681","VEH_019","motorcycle","UNK","UNK","UNK","gray","0.00","UNK","2026-09-22 04:22:20.052385","2026-09-22 04:22:20.052385"
"S25U","INFER_S25U_VEH_ROOF_20260921_180355.mp4",670,"2026-09-21 18:04:06.212681","VEH_020","motorcycle","UNK","UNK","UNK","gray","0.00","UNK","2026-09-22 04:22:20.052385","2026-09-22 04:22:20.052385"
"S25U","INFER_S25U_VEH_ROOF_20260921_180355.mp4",670,"2026-09-21 18:04:06.212681","VEH_021","motorcycle","UNK","UNK","UNK","gray","0.00","UNK","2026-09-22 04:22:20.052385","2026-09-22 04:22:20.052385"
"S25U","INFER_S25U_VEH_ROOF_20260921_180355.mp4",670,"2026-09-21 18:04:06.212681","VEH_022","motorcycle","UNK","UNK","UNK","gray","0.00","UNK","2026-09-22 04:22:20.052385","2026-09-22 04:22:20.052385"
"S25U","INFER_S25U_VEH_ROOF_20260921_180355.mp4",670,"2026-09-21 18:04:06.212681","VEH_023","motorcycle","UNK","UNK","UNK","gray","0.00","UNK","2026-09-22 04:22:20.052385","2026-09-22 04:22:20.052385"
"S25U","INFER_S25U_VEH_ROOF_20260921_180355.mp4",670,"2026-09-21 18:04:06.212681","VEH_024","motorcycle","UNK","UNK","UNK","gray","0.00","UNK","2026-09-22 04:22:20.052385","2026-09-22 04:22:20.052385"
"S25U","INFER_S25U_VEH_ROOF_20260921_180355.mp4",670,"2026-09-21 18:04:06.212681","VEH_025","motorcycle","UNK","UNK","UNK","gray","0.00","UNK","2026-09-22 04:22:20.052385","2026-09-22 04:22:20.052385"
"S25U","INFER_S25U_VEH_ROOF_20260921_180355.mp4",670,"2026-09-21 18:04:06.212681","VEH_026","motorcycle","UNK","UNK","UNK","gray","0.00","UNK","2026-09-22 04:22:20.052385","2026-09-22 04:22:20.052385"
"S25U","INFER_S25U_VEH_ROOF_20260921_180355.mp4",670,"2026-09-21 18:04:06.212681","VEH_027","motorcycle","UNK","UNK","UNK","gray","0.00","UNK","2026-09-22 04:22:20.052385","2026-09-22 04:22:20.052385"
"S25U","INFER_S25U_VEH_ROOF_20260921_180355.mp4",670,"2026-09-21 18:04:06.212681","VEH_028","motorcycle","UNK","UNK","UNK","gray","0.00","UNK","2026-09-22 04:22:20.052385","2026-09-22 04:22:20.052385"
"S25U","INFER_S25U_VEH_ROOF_20260921_180355.mp4",670,"2026-09-21 18:04:06.212681","VEH_029","motorcycle","UNK","UNK","UNK","gray","0.00","UNK","2026-09-22 04:22:20.052385","2026-09-22 04:22:20.052385"
"S25U","INFER_S25U_VEH_ROOF_20260921_180355.mp4",670,"2026-09-21 18:04:06.212681","VEH_030","motorcycle","UNK","UNK","UNK","UNK","0.00","UNK","2026-09-22 04:22:20.052385","2026-09-22 04:22:20.052385"
"S25U","INFER_S25U_VEH_ROOF_20260921_180355.mp4",670,"2026-09-21 18:04:06.212681","VEH_031","motorcycle","UNK","UNK","UNK","UNK","0.00","UNK","2026-09-22 04:22:20.052385","2026-09-22 04:22:20.052385"
"S25U","INFER_S25U_VEH_ROOF_20260921_180355.mp4",670,"2026-09-21 18:04:06.212681","VEH_032","motorcycle","UNK","UNK","UNK","UNK","0.00","UNK","2026-09-22 04:22:20.052385","2026-09-22 04:22:20.052385"
"S25U","INFER_S25U_VEH_ROOF_20260921_180355.mp4",670,"2026-09-21 18:04:06.212681","VEH_033","motorcycle","UNK","UNK","UNK","gray","0.00","UNK","2026-09-22 04:22:20.052385","2026-09-22 04:22:20.052385"
"S25U","INFER_S25U_VEH_ROOF_20260921_180355.mp4",670,"2026-09-21 18:04:06.212681","VEH_034","motorcycle","UNK","UNK","UNK","black","0.00","UNK","2026-09-22 04:22:20.052385","2026-09-22 04:22:20.052385"
"S25U","INFER_S25U_VEH_ROOF_20260921_180355.mp4",670,"2026-09-21 18:04:06.212681","VEH_035","motorcycle","UNK","UNK","UNK","gray","0.00","UNK","2026-09-22 04:22:20.052385","2026-09-22 04:22:20.052385"
"S25U","INFER_S25U_VEH_ROOF_20260921_180355.mp4",670,"2026-09-21 18:04:06.212681","VEH_036","motorcycle","UNK","UNK","UNK","gray","0.00","UNK","2026-09-22 04:22:20.052385","2026-09-22 04:22:20.052385"
"S25U","INFER_S25U_VEH_ROOF_20260921_180355.mp4",670,"2026-09-21 18:04:06.212681","VEH_037","motorcycle","UNK","UNK","UNK","gray","0.00","UNK","2026-09-22 04:22:20.052385","2026-09-22 04:22:20.052385"
"S25U","INFER_S25U_VEH_ROOF_20260921_180355.mp4",670,"2026-09-21 18:04:06.212681","VEH_038","motorcycle","UNK","UNK","UNK","gray","0.00","UNK","2026-09-22 04:22:20.052385","2026-09-22 04:22:20.052385"
"S25U","INFER_S25U_VEH_ROOF_20260921_180355.mp4",670,"2026-09-21 18:04:06.212681","VEH_039","motorcycle","UNK","UNK","UNK","gray","0.00","UNK","2026-09-22 04:22:20.052385","2026-09-22 04:22:20.052385"
"S25U","INFER_S25U_VEH_ROOF_20260921_180355.mp4",670,"2026-09-21 18:04:06.212681","VEH_040","motorcycle","UNK","UNK","UNK","black","0.00","UNK","2026-09-22 04:22:20.052385","2026-09-22 04:22:20.052385"
"S25U","INFER_S25U_VEH_ROOF_20260921_180355.mp4",670,"2026-09-21 18:04:06.212681","VEH_041","motorcycle","UNK","UNK","UNK","black","0.00","UNK","2026-09-22 04:22:20.052385","2026-09-22 04:22:20.052385"
"S25U","INFER_S25U_VEH_ROOF_20260921_180355.mp4",670,"2026-09-21 18:04:06.212681","VEH_042","motorcycle","UNK","UNK","UNK","black","0.00","UNK","2026-09-22 04:22:20.052385","2026-09-22 04:22:20.052385"
"S25U","INFER_S25U_VEH_ROOF_20260921_180355.mp4",670,"2026-09-21 18:04:06.212681","VEH_043","motorcycle","UNK","UNK","UNK","UNK","0.00","UNK","2026-09-22 04:22:20.052385","2026-09-22 04:22:20.052385"
"S25U","INFER_S25U_VEH_ROOF_20260921_180355.mp4",670,"2026-09-21 18:04:06.212681","VEH_044","motorcycle","UNK","UNK","UNK","gray","0.00","UNK","2026-09-22 04:22:20.052385","2026-09-22 04:22:20.052385"
"S25U","INFER_S25U_VEH_ROOF_20260921_180355.mp4",670,"2026-09-21 18:04:06.212681","VEH_045","motorcycle","UNK","UNK","UNK","gray","0.00","UNK","2026-09-22 04:22:20.052385","2026-09-22 04:22:20.052385"
"S25U","INFER_S25U_VEH_ROOF_20260921_180355.mp4",670,"2026-09-21 18:04:06.212681","VEH_046","motorcycle","UNK","UNK","UNK","black","0.00","UNK","2026-09-22 04:22:20.052385","2026-09-22 04:22:20.052385"
"S25U","INFER_S25U_VEH_ROOF_20260921_180355.mp4",670,"2026-09-21 18:04:06.212681","VEH_047","motorcycle","UNK","UNK","UNK","black","0.00","UNK","2026-09-22 04:22:20.052385","2026-09-22 04:22:20.052385"
"S25U","INFER_S25U_VEH_ROOF_20260921_180355.mp4",670,"2026-09-21 18:04:06.212681","VEH_048","motorcycle","UNK","UNK","UNK","black","0.00","UNK","2026-09-22 04:22:20.052385","2026-09-22 04:22:20.052385"
"S25U","INFER_S25U_VEH_ROOF_20260921_180355.mp4",670,"2026-09-21 18:04:06.212681","VEH_049","motorcycle","UNK","UNK","UNK","black","0.00","UNK","2026-09-22 04:22:20.052385","2026-09-22 04:22:20.052385"
"S25U","INFER_S25U_VEH_ROOF_20260921_180355.mp4",670,"2026-09-21 18:04:06.212681","VEH_050","motorcycle","UNK","UNK","UNK","gray","0.00","UNK","2026-09-22 04:22:20.052385","2026-09-22 04:22:20.052385"
"S25U","INFER_S25U_VEH_ROOF_20260921_180355.mp4",670,"2026-09-21 18:04:06.212681","VEH_051","motorcycle","UNK","UNK","UNK","black","0.00","UNK","2026-09-22 04:22:20.052385","2026-09-22 04:22:20.052385"
"S25U","INFER_S25U_VEH_ROOF_20260921_180355.mp4",670,"2026-09-21 18:04:06.212681","VEH_052","motorcycle","UNK","UNK","UNK","gray","0.00","UNK","2026-09-22 04:22:20.052385","2026-09-22 04:22:20.052385"
"S25U","INFER_S25U_VEH_ROOF_20260921_180355.mp4",670,"2026-09-21 18:04:06.212681","VEH_053","motorcycle","UNK","UNK","UNK","gray","0.00","UNK","2026-09-22 04:22:20.052385","2026-09-22 04:22:20.052385"
"S25U","INFER_S25U_VEH_ROOF_20260921_180355.mp4",680,"2026-09-21 18:04:06.380035","VEH_001","motorcycle","UNK","UNK","UNK","gray","0.00","UNK","2026-09-22 04:22:22.758755","2026-09-22 04:22:22.758755"
"S25U","INFER_S25U_VEH_ROOF_20260921_180355.mp4",680,"2026-09-21 18:04:06.380035","VEH_002","motorcycle","UNK","UNK","UNK","black","0.00","UNK","2026-09-22 04:22:22.758755","2026-09-22 04:22:22.758755"
"S25U","INFER_S25U_VEH_ROOF_20260921_180355.mp4",680,"2026-09-21 18:04:06.380035","VEH_003","motorcycle","UNK","UNK","UNK","black","0.00","UNK","2026-09-22 04:22:22.758755","2026-09-22 04:22:22.758755"
"S25U","INFER_S25U_VEH_ROOF_20260921_180355.mp4",680,"2026-09-21 18:04:06.380035","VEH_004","motorcycle","UNK","UNK","UNK","gray","0.00","UNK","2026-09-22 04:22:22.758755","2026-09-22 04:22:22.758755"
"S25U","INFER_S25U_VEH_ROOF_20260921_180355.mp4",680,"2026-09-21 18:04:06.380035","VEH_005","motorcycle","UNK","UNK","UNK","gray","0.00","UNK","2026-09-22 04:22:22.758755","2026-09-22 04:22:22.758755"
"S25U","INFER_S25U_VEH_ROOF_20260921_180355.mp4",680,"2026-09-21 18:04:06.380035","VEH_006","motorcycle","UNK","UNK","UNK","gray","0.00","UNK","2026-09-22 04:22:22.758755","2026-09-22 04:22:22.758755"
"S25U","INFER_S25U_VEH_ROOF_20260921_180355.mp4",680,"2026-09-21 18:04:06.380035","VEH_007","motorcycle","UNK","UNK","UNK","gray","0.00","UNK","2026-09-22 04:22:22.758755","2026-09-22 04:22:22.758755"
"S25U","INFER_S25U_VEH_ROOF_20260921_180355.mp4",680,"2026-09-21 18:04:06.380035","VEH_008","motorcycle","UNK","UNK","UNK","black","0.00","UNK","2026-09-22 04:22:22.758755","2026-09-22 04:22:22.758755"
"S25U","INFER_S25U_VEH_ROOF_20260921_180355.mp4",680,"2026-09-21 18:04:06.380035","VEH_009","motorcycle","UNK","UNK","UNK","black","0.00","UNK","2026-09-22 04:22:22.758755","2026-09-22 04:22:22.758755"
"S25U","INFER_S25U_VEH_ROOF_20260921_180355.mp4",680,"2026-09-21 18:04:06.380035","VEH_010","motorcycle","UNK","UNK","UNK","gray","0.00","UNK","2026-09-22 04:22:22.758755","2026-09-22 04:22:22.758755"
"S25U","INFER_S25U_VEH_ROOF_20260921_180355.mp4",680,"2026-09-21 18:04:06.380035","VEH_011","motorcycle","UNK","UNK","UNK","gray","0.00","UNK","2026-09-22 04:22:22.758755","2026-09-22 04:22:22.758755"
"S25U","INFER_S25U_VEH_ROOF_20260921_180355.mp4",680,"2026-09-21 18:04:06.380035","VEH_012","motorcycle","UNK","UNK","UNK","gray","0.00","UNK","2026-09-22 04:22:22.758755","2026-09-22 04:22:22.758755"
"S25U","INFER_S25U_VEH_ROOF_20260921_180355.mp4",680,"2026-09-21 18:04:06.380035","VEH_013","motorcycle","UNK","UNK","UNK","gray","0.00","UNK","2026-09-22 04:22:22.758755","2026-09-22 04:22:22.758755"
"S25U","INFER_S25U_VEH_ROOF_20260921_180355.mp4",680,"2026-09-21 18:04:06.380035","VEH_014","motorcycle","UNK","UNK","UNK","gray","0.00","UNK","2026-09-22 04:22:22.758755","2026-09-22 04:22:22.758755"
"S25U","INFER_S25U_VEH_ROOF_20260921_180355.mp4",680,"2026-09-21 18:04:06.380035","VEH_015","motorcycle","UNK","UNK","UNK","gray","0.00","UNK","2026-09-22 04:22:22.758755","2026-09-22 04:22:22.758755"
"S25U","INFER_S25U_VEH_ROOF_20260921_180355.mp4",680,"2026-09-21 18:04:06.380035","VEH_016","motorcycle","UNK","UNK","UNK","black","0.00","UNK","2026-09-22 04:22:22.758755","2026-09-22 04:22:22.758755"
"S25U","INFER_S25U_VEH_ROOF_20260921_180355.mp4",680,"2026-09-21 18:04:06.380035","VEH_017","motorcycle","UNK","UNK","UNK","gray","0.00","UNK","2026-09-22 04:22:22.758755","2026-09-22 04:22:22.758755"
"S25U","INFER_S25U_VEH_ROOF_20260921_180355.mp4",680,"2026-09-21 18:04:06.380035","VEH_018","motorcycle","UNK","UNK","UNK","black","0.00","UNK","2026-09-22 04:22:22.758755","2026-09-22 04:22:22.758755"
"S25U","INFER_S25U_VEH_ROOF_20260921_180355.mp4",680,"2026-09-21 18:04:06.380035","VEH_019","motorcycle","UNK","UNK","UNK","black","0.00","UNK","2026-09-22 04:22:22.758755","2026-09-22 04:22:22.758755"
"S25U","INFER_S25U_VEH_ROOF_20260921_180355.mp4",680,"2026-09-21 18:04:06.380035","VEH_020","motorcycle","UNK","UNK","UNK","UNK","0.00","UNK","2026-09-22 04:22:22.758755","2026-09-22 04:22:22.758755"
"S25U","INFER_S25U_VEH_ROOF_20260921_180355.mp4",680,"2026-09-21 18:04:06.380035","VEH_021","motorcycle","UNK","UNK","UNK","UNK","0.00","UNK","2026-09-22 04:22:22.758755","2026-09-22 04:22:22.758755"
"S25U","INFER_S25U_VEH_ROOF_20260921_180355.mp4",680,"2026-09-21 18:04:06.380035","VEH_022","motorcycle","UNK","UNK","UNK","gray","0.00","UNK","2026-09-22 04:22:22.758755","2026-09-22 04:22:22.758755"
"S25U","INFER_S25U_VEH_ROOF_20260921_180355.mp4",680,"2026-09-21 18:04:06.380035","VEH_023","motorcycle","UNK","UNK","UNK","gray","0.00","UNK","2026-09-22 04:22:22.758755","2026-09-22 04:22:22.758755"
"S25U","INFER_S25U_VEH_ROOF_20260921_180355.mp4",680,"2026-09-21 18:04:06.380035","VEH_024","motorcycle","UNK","UNK","UNK","gray","0.00","UNK","2026-09-22 04:22:22.758755","2026-09-22 04:22:22.758755"
"S25U","INFER_S25U_VEH_ROOF_20260921_180355.mp4",680,"2026-09-21 18:04:06.380035","VEH_025","motorcycle","UNK","UNK","UNK","gray","0.00","UNK","2026-09-22 04:22:22.758755","2026-09-22 04:22:22.758755"
"S25U","INFER_S25U_VEH_ROOF_20260921_180355.mp4",680,"2026-09-21 18:04:06.380035","VEH_026","motorcycle","UNK","UNK","UNK","gray","0.00","UNK","2026-09-22 04:22:22.758755","2026-09-22 04:22:22.758755"
"S25U","INFER_S25U_VEH_ROOF_20260921_180355.mp4",680,"2026-09-21 18:04:06.380035","VEH_027","motorcycle","UNK","UNK","UNK","black","0.00","UNK","2026-09-22 04:22:22.758755","2026-09-22 04:22:22.758755"
"S25U","INFER_S25U_VEH_ROOF_20260921_180355.mp4",680,"2026-09-21 18:04:06.380035","VEH_028","motorcycle","UNK","UNK","UNK","black","0.00","UNK","2026-09-22 04:22:22.758755","2026-09-22 04:22:22.758755"
"S25U","INFER_S25U_VEH_ROOF_20260921_180355.mp4",680,"2026-09-21 18:04:06.380035","VEH_029","motorcycle","UNK","UNK","UNK","black","0.00","UNK","2026-09-22 04:22:22.758755","2026-09-22 04:22:22.758755"
"S25U","INFER_S25U_VEH_ROOF_20260921_180355.mp4",680,"2026-09-21 18:04:06.380035","VEH_030","motorcycle","UNK","UNK","UNK","UNK","0.00","UNK","2026-09-22 04:22:22.758755","2026-09-22 04:22:22.758755"
"S25U","INFER_S25U_VEH_ROOF_20260921_180355.mp4",680,"2026-09-21 18:04:06.380035","VEH_031","motorcycle","UNK","UNK","UNK","UNK","0.00","UNK","2026-09-22 04:22:22.758755","2026-09-22 04:22:22.758755"
"S25U","INFER_S25U_VEH_ROOF_20260921_180355.mp4",680,"2026-09-21 18:04:06.380035","VEH_032","motorcycle","UNK","UNK","UNK","gray","0.00","UNK","2026-09-22 04:22:22.758755","2026-09-22 04:22:22.758755"
"S25U","INFER_S25U_VEH_ROOF_20260921_180355.mp4",680,"2026-09-21 18:04:06.380035","VEH_033","motorcycle","UNK","UNK","UNK","gray","0.00","UNK","2026-09-22 04:22:22.758755","2026-09-22 04:22:22.758755"
"S25U","INFER_S25U_VEH_ROOF_20260921_180355.mp4",680,"2026-09-21 18:04:06.380035","VEH_034","motorcycle","UNK","UNK","UNK","black","0.00","UNK","2026-09-22 04:22:22.758755","2026-09-22 04:22:22.758755"
"S25U","INFER_S25U_VEH_ROOF_20260921_180355.mp4",680,"2026-09-21 18:04:06.380035","VEH_035","motorcycle","UNK","UNK","UNK","black","0.00","UNK","2026-09-22 04:22:22.758755","2026-09-22 04:22:22.758755"
"S25U","INFER_S25U_VEH_ROOF_20260921_180355.mp4",680,"2026-09-21 18:04:06.380035","VEH_036","motorcycle","UNK","UNK","UNK","UNK","0.00","UNK","2026-09-22 04:22:22.758755","2026-09-22 04:22:22.758755"
"S25U","INFER_S25U_VEH_ROOF_20260921_180355.mp4",680,"2026-09-21 18:04:06.380035","VEH_037","motorcycle","UNK","UNK","UNK","UNK","0.00","UNK","2026-09-22 04:22:22.758755","2026-09-22 04:22:22.758755"
"S25U","INFER_S25U_VEH_ROOF_20260921_180355.mp4",680,"2026-09-21 18:04:06.380035","VEH_038","motorcycle","UNK","UNK","UNK","gray","0.00","UNK","2026-09-22 04:22:22.758755","2026-09-22 04:22:22.758755"
"S25U","INFER_S25U_VEH_ROOF_20260921_180355.mp4",680,"2026-09-21 18:04:06.380035","VEH_039","motorcycle","UNK","UNK","UNK","gray","0.00","UNK","2026-09-22 04:22:22.758755","2026-09-22 04:22:22.758755"
"S25U","INFER_S25U_VEH_ROOF_20260921_180355.mp4",680,"2026-09-21 18:04:06.380035","VEH_040","motorcycle","UNK","UNK","UNK","gray","0.00","UNK","2026-09-22 04:22:22.758755","2026-09-22 04:22:22.758755"
"S25U","INFER_S25U_VEH_ROOF_20260921_180355.mp4",680,"2026-09-21 18:04:06.380035","VEH_041","motorcycle","UNK","UNK","UNK","black","0.00","UNK","2026-09-22 04:22:22.758755","2026-09-22 04:22:22.758755"
"S25U","INFER_S25U_VEH_ROOF_20260921_180355.mp4",680,"2026-09-21 18:04:06.380035","VEH_042","motorcycle","UNK","UNK","UNK","gray","0.00","UNK","2026-09-22 04:22:22.758755","2026-09-22 04:22:22.758755"
"S25U","INFER_S25U_VEH_ROOF_20260921_180355.mp4",680,"2026-09-21 18:04:06.380035","VEH_043","motorcycle","UNK","UNK","UNK","gray","0.00","UNK","2026-09-22 04:22:22.758755","2026-09-22 04:22:22.758755"
"S25U","INFER_S25U_VEH_ROOF_20260921_180355.mp4",680,"2026-09-21 18:04:06.380035","VEH_044","motorcycle","UNK","UNK","UNK","gray","0.00","UNK","2026-09-22 04:22:22.758755","2026-09-22 04:22:22.758755"
"S25U","INFER_S25U_VEH_ROOF_20260921_180355.mp4",680,"2026-09-21 18:04:06.380035","VEH_045","motorcycle","UNK","UNK","UNK","gray","0.00","UNK","2026-09-22 04:22:22.758755","2026-09-22 04:22:22.758755"
"S25U","INFER_S25U_VEH_ROOF_20260921_180355.mp4",680,"2026-09-21 18:04:06.380035","VEH_046","motorcycle","UNK","UNK","UNK","black","0.00","UNK","2026-09-22 04:22:22.758755","2026-09-22 04:22:22.758755"
"S25U","INFER_S25U_VEH_ROOF_20260921_180355.mp4",680,"2026-09-21 18:04:06.380035","VEH_047","motorcycle","UNK","UNK","UNK","black","0.00","UNK","2026-09-22 04:22:22.758755","2026-09-22 04:22:22.758755"
"S25U","INFER_S25U_VEH_ROOF_20260921_180355.mp4",680,"2026-09-21 18:04:06.380035","VEH_048","motorcycle","UNK","UNK","UNK","black","0.00","UNK","2026-09-22 04:22:22.758755","2026-09-22 04:22:22.758755"
"S25U","INFER_S25U_VEH_ROOF_20260921_180355.mp4",680,"2026-09-21 18:04:06.380035","VEH_049","motorcycle","UNK","UNK","UNK","gray","0.00","UNK","2026-09-22 04:22:22.758755","2026-09-22 04:22:22.758755"
"S25U","INFER_S25U_VEH_ROOF_20260921_180355.mp4",680,"2026-09-21 18:04:06.380035","VEH_050","motorcycle","UNK","UNK","UNK","gray","0.00","UNK","2026-09-22 04:22:22.758755","2026-09-22 04:22:22.758755"
"S25U","INFER_S25U_VEH_ROOF_20260921_180355.mp4",680,"2026-09-21 18:04:06.380035","VEH_051","bus","UNK","UNK","UNK","gray","0.00","UNK","2026-09-22 04:22:22.758755","2026-09-22 04:22:22.758755"
"S25U","INFER_S25U_VEH_ROOF_20260921_180355.mp4",690,"2026-09-21 18:04:06.547388","VEH_001","motorcycle","UNK","UNK","UNK","gray","0.00","UNK","2026-09-22 04:22:25.222301","2026-09-22 04:22:25.222301"
"S25U","INFER_S25U_VEH_ROOF_20260921_180355.mp4",690,"2026-09-21 18:04:06.547388","VEH_002","motorcycle","UNK","UNK","UNK","gray","0.00","UNK","2026-09-22 04:22:25.222301","2026-09-22 04:22:25.222301"
"S25U","INFER_S25U_VEH_ROOF_20260921_180355.mp4",690,"2026-09-21 18:04:06.547388","VEH_003","motorcycle","UNK","UNK","UNK","gray","0.00","UNK","2026-09-22 04:22:25.222301","2026-09-22 04:22:25.222301"
"S25U","INFER_S25U_VEH_ROOF_20260921_180355.mp4",690,"2026-09-21 18:04:06.547388","VEH_004","motorcycle","UNK","UNK","UNK","gray","0.00","UNK","2026-09-22 04:22:25.222301","2026-09-22 04:22:25.222301"
"S25U","INFER_S25U_VEH_ROOF_20260921_180355.mp4",690,"2026-09-21 18:04:06.547388","VEH_005","motorcycle","UNK","UNK","UNK","gray","0.00","UNK","2026-09-22 04:22:25.222301","2026-09-22 04:22:25.222301"
"S25U","INFER_S25U_VEH_ROOF_20260921_180355.mp4",690,"2026-09-21 18:04:06.547388","VEH_006","motorcycle","UNK","UNK","UNK","gray","0.00","UNK","2026-09-22 04:22:25.222301","2026-09-22 04:22:25.222301"
"S25U","INFER_S25U_VEH_ROOF_20260921_180355.mp4",690,"2026-09-21 18:04:06.547388","VEH_007","motorcycle","UNK","UNK","UNK","gray","0.00","UNK","2026-09-22 04:22:25.222301","2026-09-22 04:22:25.222301"
"S25U","INFER_S25U_VEH_ROOF_20260921_180355.mp4",690,"2026-09-21 18:04:06.547388","VEH_008","motorcycle","UNK","UNK","UNK","gray","0.00","UNK","2026-09-22 04:22:25.222301","2026-09-22 04:22:25.222301"
"S25U","INFER_S25U_VEH_ROOF_20260921_180355.mp4",690,"2026-09-21 18:04:06.547388","VEH_009","motorcycle","UNK","UNK","UNK","black","0.00","UNK","2026-09-22 04:22:25.222301","2026-09-22 04:22:25.222301"
"S25U","INFER_S25U_VEH_ROOF_20260921_180355.mp4",690,"2026-09-21 18:04:06.547388","VEH_010","motorcycle","UNK","UNK","UNK","black","0.00","UNK","2026-09-22 04:22:25.222301","2026-09-22 04:22:25.222301"
"S25U","INFER_S25U_VEH_ROOF_20260921_180355.mp4",690,"2026-09-21 18:04:06.547388","VEH_011","motorcycle","UNK","UNK","UNK","black","0.00","UNK","2026-09-22 04:22:25.222301","2026-09-22 04:22:25.222301"
"S25U","INFER_S25U_VEH_ROOF_20260921_180355.mp4",690,"2026-09-21 18:04:06.547388","VEH_012","motorcycle","UNK","UNK","UNK","gray","0.00","UNK","2026-09-22 04:22:25.222301","2026-09-22 04:22:25.222301"
"S25U","INFER_S25U_VEH_ROOF_20260921_180355.mp4",690,"2026-09-21 18:04:06.547388","VEH_013","motorcycle","UNK","UNK","UNK","gray","0.00","UNK","2026-09-22 04:22:25.222301","2026-09-22 04:22:25.222301"
"S25U","INFER_S25U_VEH_ROOF_20260921_180355.mp4",690,"2026-09-21 18:04:06.547388","VEH_014","motorcycle","UNK","UNK","UNK","gray","0.00","UNK","2026-09-22 04:22:25.222301","2026-09-22 04:22:25.222301"
"S25U","INFER_S25U_VEH_ROOF_20260921_180355.mp4",690,"2026-09-21 18:04:06.547388","VEH_015","motorcycle","UNK","UNK","UNK","gray","0.00","UNK","2026-09-22 04:22:25.222301","2026-09-22 04:22:25.222301"
"S25U","INFER_S25U_VEH_ROOF_20260921_180355.mp4",690,"2026-09-21 18:04:06.547388","VEH_016","motorcycle","UNK","UNK","UNK","gray","0.00","UNK","2026-09-22 04:22:25.222301","2026-09-22 04:22:25.222301"
"S25U","INFER_S25U_VEH_ROOF_20260921_180355.mp4",690,"2026-09-21 18:04:06.547388","VEH_017","motorcycle","UNK","UNK","UNK","black","0.00","UNK","2026-09-22 04:22:25.222301","2026-09-22 04:22:25.222301"
"S25U","INFER_S25U_VEH_ROOF_20260921_180355.mp4",690,"2026-09-21 18:04:06.547388","VEH_018","motorcycle","UNK","UNK","UNK","black","0.00","UNK","2026-09-22 04:22:25.222301","2026-09-22 04:22:25.222301"
"S25U","INFER_S25U_VEH_ROOF_20260921_180355.mp4",690,"2026-09-21 18:04:06.547388","VEH_019","motorcycle","UNK","UNK","UNK","black","0.00","UNK","2026-09-22 04:22:25.222301","2026-09-22 04:22:25.222301"
"S25U","INFER_S25U_VEH_ROOF_20260921_180355.mp4",690,"2026-09-21 18:04:06.547388","VEH_020","motorcycle","UNK","UNK","UNK","UNK","0.00","UNK","2026-09-22 04:22:25.222301","2026-09-22 04:22:25.222301"
"S25U","INFER_S25U_VEH_ROOF_20260921_180355.mp4",690,"2026-09-21 18:04:06.547388","VEH_021","motorcycle","UNK","UNK","UNK","UNK","0.00","UNK","2026-09-22 04:22:25.222301","2026-09-22 04:22:25.222301"
"S25U","INFER_S25U_VEH_ROOF_20260921_180355.mp4",690,"2026-09-21 18:04:06.547388","VEH_022","motorcycle","UNK","UNK","UNK","gray","0.00","UNK","2026-09-22 04:22:25.222301","2026-09-22 04:22:25.222301"
"S25U","INFER_S25U_VEH_ROOF_20260921_180355.mp4",690,"2026-09-21 18:04:06.547388","VEH_023","motorcycle","UNK","UNK","UNK","gray","0.00","UNK","2026-09-22 04:22:25.222301","2026-09-22 04:22:25.222301"
"S25U","INFER_S25U_VEH_ROOF_20260921_180355.mp4",690,"2026-09-21 18:04:06.547388","VEH_024","motorcycle","UNK","UNK","UNK","gray","0.00","UNK","2026-09-22 04:22:25.222301","2026-09-22 04:22:25.222301"
"S25U","INFER_S25U_VEH_ROOF_20260921_180355.mp4",690,"2026-09-21 18:04:06.547388","VEH_025","motorcycle","UNK","UNK","UNK","gray","0.00","UNK","2026-09-22 04:22:25.222301","2026-09-22 04:22:25.222301"
"S25U","INFER_S25U_VEH_ROOF_20260921_180355.mp4",690,"2026-09-21 18:04:06.547388","VEH_026","motorcycle","UNK","UNK","UNK","gray","0.00","UNK","2026-09-22 04:22:25.222301","2026-09-22 04:22:25.222301"
"S25U","INFER_S25U_VEH_ROOF_20260921_180355.mp4",690,"2026-09-21 18:04:06.547388","VEH_027","motorcycle","UNK","UNK","UNK","black","0.00","UNK","2026-09-22 04:22:25.222301","2026-09-22 04:22:25.222301"
"S25U","INFER_S25U_VEH_ROOF_20260921_180355.mp4",690,"2026-09-21 18:04:06.547388","VEH_028","motorcycle","UNK","UNK","UNK","UNK","0.00","UNK","2026-09-22 04:22:25.222301","2026-09-22 04:22:25.222301"
"S25U","INFER_S25U_VEH_ROOF_20260921_180355.mp4",690,"2026-09-21 18:04:06.547388","VEH_029","motorcycle","UNK","UNK","UNK","UNK","0.00","UNK","2026-09-22 04:22:25.222301","2026-09-22 04:22:25.222301"
"S25U","INFER_S25U_VEH_ROOF_20260921_180355.mp4",690,"2026-09-21 18:04:06.547388","VEH_030","motorcycle","UNK","UNK","UNK","UNK","0.00","UNK","2026-09-22 04:22:25.222301","2026-09-22 04:22:25.222301"
"S25U","INFER_S25U_VEH_ROOF_20260921_180355.mp4",690,"2026-09-21 18:04:06.547388","VEH_031","motorcycle","UNK","UNK","UNK","gray","0.00","UNK","2026-09-22 04:22:25.222301","2026-09-22 04:22:25.222301"
"S25U","INFER_S25U_VEH_ROOF_20260921_180355.mp4",690,"2026-09-21 18:04:06.547388","VEH_032","motorcycle","UNK","UNK","UNK","gray","0.00","UNK","2026-09-22 04:22:25.222301","2026-09-22 04:22:25.222301"
"S25U","INFER_S25U_VEH_ROOF_20260921_180355.mp4",690,"2026-09-21 18:04:06.547388","VEH_033","motorcycle","UNK","UNK","UNK","black","0.00","UNK","2026-09-22 04:22:25.222301","2026-09-22 04:22:25.222301"
"S25U","INFER_S25U_VEH_ROOF_20260921_180355.mp4",690,"2026-09-21 18:04:06.547388","VEH_034","motorcycle","UNK","UNK","UNK","gray","0.00","UNK","2026-09-22 04:22:25.222301","2026-09-22 04:22:25.222301"
"S25U","INFER_S25U_VEH_ROOF_20260921_180355.mp4",690,"2026-09-21 18:04:06.547388","VEH_035","motorcycle","UNK","UNK","UNK","gray","0.00","UNK","2026-09-22 04:22:25.222301","2026-09-22 04:22:25.222301"
"S25U","INFER_S25U_VEH_ROOF_20260921_180355.mp4",690,"2026-09-21 18:04:06.547388","VEH_036","motorcycle","UNK","UNK","UNK","gray","0.00","UNK","2026-09-22 04:22:25.222301","2026-09-22 04:22:25.222301"
"S25U","INFER_S25U_VEH_ROOF_20260921_180355.mp4",690,"2026-09-21 18:04:06.547388","VEH_037","motorcycle","UNK","UNK","UNK","gray","0.00","UNK","2026-09-22 04:22:25.222301","2026-09-22 04:22:25.222301"
"S25U","INFER_S25U_VEH_ROOF_20260921_180355.mp4",690,"2026-09-21 18:04:06.547388","VEH_038","motorcycle","UNK","UNK","UNK","black","0.00","UNK","2026-09-22 04:22:25.222301","2026-09-22 04:22:25.222301"
"S25U","INFER_S25U_VEH_ROOF_20260921_180355.mp4",690,"2026-09-21 18:04:06.547388","VEH_039","motorcycle","UNK","UNK","UNK","black","0.00","UNK","2026-09-22 04:22:25.222301","2026-09-22 04:22:25.222301"
"S25U","INFER_S25U_VEH_ROOF_20260921_180355.mp4",690,"2026-09-21 18:04:06.547388","VEH_040","motorcycle","UNK","UNK","UNK","black","0.00","UNK","2026-09-22 04:22:25.222301","2026-09-22 04:22:25.222301"
"S25U","INFER_S25U_VEH_ROOF_20260921_180355.mp4",690,"2026-09-21 18:04:06.547388","VEH_041","motorcycle","UNK","UNK","UNK","UNK","0.00","UNK","2026-09-22 04:22:25.222301","2026-09-22 04:22:25.222301"
"S25U","INFER_S25U_VEH_ROOF_20260921_180355.mp4",690,"2026-09-21 18:04:06.547388","VEH_042","motorcycle","UNK","UNK","UNK","gray","0.00","UNK","2026-09-22 04:22:25.222301","2026-09-22 04:22:25.222301"
"S25U","INFER_S25U_VEH_ROOF_20260921_180355.mp4",690,"2026-09-21 18:04:06.547388","VEH_043","motorcycle","UNK","UNK","UNK","gray","0.00","UNK","2026-09-22 04:22:25.222301","2026-09-22 04:22:25.222301"
"S25U","INFER_S25U_VEH_ROOF_20260921_180355.mp4",690,"2026-09-21 18:04:06.547388","VEH_044","motorcycle","UNK","UNK","UNK","gray","0.00","UNK","2026-09-22 04:22:25.222301","2026-09-22 04:22:25.222301"
"S25U","INFER_S25U_VEH_ROOF_20260921_180355.mp4",690,"2026-09-21 18:04:06.547388","VEH_045","motorcycle","UNK","UNK","UNK","black","0.00","UNK","2026-09-22 04:22:25.222301","2026-09-22 04:22:25.222301"
"S25U","INFER_S25U_VEH_ROOF_20260921_180355.mp4",690,"2026-09-21 18:04:06.547388","VEH_046","motorcycle","UNK","UNK","UNK","black","0.00","UNK","2026-09-22 04:22:25.222301","2026-09-22 04:22:25.222301"
"S25U","INFER_S25U_VEH_ROOF_20260921_180355.mp4",690,"2026-09-21 18:04:06.547388","VEH_047","motorcycle","UNK","UNK","UNK","gray","0.00","UNK","2026-09-22 04:22:25.222301","2026-09-22 04:22:25.222301"
"S25U","INFER_S25U_VEH_ROOF_20260921_180355.mp4",690,"2026-09-21 18:04:06.547388","VEH_048","motorcycle","UNK","UNK","UNK","gray","0.00","UNK","2026-09-22 04:22:25.222301","2026-09-22 04:22:25.222301"
"S25U","INFER_S25U_VEH_ROOF_20260921_180355.mp4",690,"2026-09-21 18:04:06.547388","VEH_049","bus","UNK","UNK","UNK","black","0.00","UNK","2026-09-22 04:22:25.222301","2026-09-22 04:22:25.222301"
"S25U","INFER_S25U_VEH_ROOF_20260921_180355.mp4",690,"2026-09-21 18:04:06.547388","VEH_050","motorcycle","UNK","UNK","UNK","black","0.00","UNK","2026-09-22 04:22:25.222301","2026-09-22 04:22:25.222301"
"S25U","INFER_S25U_VEH_ROOF_20260921_180355.mp4",700,"2026-09-21 18:04:06.714742","VEH_001","motorcycle","UNK","UNK","UNK","gray","0.00","UNK","2026-09-22 04:22:28.305577","2026-09-22 04:22:28.305577"
"S25U","INFER_S25U_VEH_ROOF_20260921_180355.mp4",700,"2026-09-21 18:04:06.714742","VEH_002","motorcycle","UNK","UNK","UNK","black","0.00","UNK","2026-09-22 04:22:28.305577","2026-09-22 04:22:28.305577"
"S25U","INFER_S25U_VEH_ROOF_20260921_180355.mp4",700,"2026-09-21 18:04:06.714742","VEH_003","motorcycle","UNK","UNK","UNK","gray","0.00","UNK","2026-09-22 04:22:28.305577","2026-09-22 04:22:28.305577"
"S25U","INFER_S25U_VEH_ROOF_20260921_180355.mp4",700,"2026-09-21 18:04:06.714742","VEH_004","motorcycle","UNK","UNK","UNK","gray","0.00","UNK","2026-09-22 04:22:28.305577","2026-09-22 04:22:28.305577"
"S25U","INFER_S25U_VEH_ROOF_20260921_180355.mp4",700,"2026-09-21 18:04:06.714742","VEH_005","motorcycle","UNK","UNK","UNK","gray","0.00","UNK","2026-09-22 04:22:28.305577","2026-09-22 04:22:28.305577"
"S25U","INFER_S25U_VEH_ROOF_20260921_180355.mp4",700,"2026-09-21 18:04:06.714742","VEH_006","motorcycle","UNK","UNK","UNK","gray","0.00","UNK","2026-09-22 04:22:28.305577","2026-09-22 04:22:28.305577"
"S25U","INFER_S25U_VEH_ROOF_20260921_180355.mp4",700,"2026-09-21 18:04:06.714742","VEH_007","motorcycle","UNK","UNK","UNK","gray","0.00","UNK","2026-09-22 04:22:28.305577","2026-09-22 04:22:28.305577"
"S25U","INFER_S25U_VEH_ROOF_20260921_180355.mp4",700,"2026-09-21 18:04:06.714742","VEH_008","motorcycle","UNK","UNK","UNK","gray","0.00","UNK","2026-09-22 04:22:28.305577","2026-09-22 04:22:28.305577"
"S25U","INFER_S25U_VEH_ROOF_20260921_180355.mp4",700,"2026-09-21 18:04:06.714742","VEH_009","motorcycle","UNK","UNK","UNK","black","0.00","UNK","2026-09-22 04:22:28.305577","2026-09-22 04:22:28.305577"
"S25U","INFER_S25U_VEH_ROOF_20260921_180355.mp4",700,"2026-09-21 18:04:06.714742","VEH_010","motorcycle","UNK","UNK","UNK","gray","0.00","UNK","2026-09-22 04:22:28.305577","2026-09-22 04:22:28.305577"
"S25U","INFER_S25U_VEH_ROOF_20260921_180355.mp4",700,"2026-09-21 18:04:06.714742","VEH_011","motorcycle","UNK","UNK","UNK","gray","0.00","UNK","2026-09-22 04:22:28.305577","2026-09-22 04:22:28.305577"
"S25U","INFER_S25U_VEH_ROOF_20260921_180355.mp4",700,"2026-09-21 18:04:06.714742","VEH_012","motorcycle","UNK","UNK","UNK","gray","0.00","UNK","2026-09-22 04:22:28.305577","2026-09-22 04:22:28.305577"
"S25U","INFER_S25U_VEH_ROOF_20260921_180355.mp4",700,"2026-09-21 18:04:06.714742","VEH_013","motorcycle","UNK","UNK","UNK","black","0.00","UNK","2026-09-22 04:22:28.305577","2026-09-22 04:22:28.305577"
"S25U","INFER_S25U_VEH_ROOF_20260921_180355.mp4",700,"2026-09-21 18:04:06.714742","VEH_014","motorcycle","UNK","UNK","UNK","black","0.00","UNK","2026-09-22 04:22:28.305577","2026-09-22 04:22:28.305577"
"S25U","INFER_S25U_VEH_ROOF_20260921_180355.mp4",700,"2026-09-21 18:04:06.714742","VEH_015","motorcycle","UNK","UNK","UNK","black","0.00","UNK","2026-09-22 04:22:28.305577","2026-09-22 04:22:28.305577"
"S25U","INFER_S25U_VEH_ROOF_20260921_180355.mp4",700,"2026-09-21 18:04:06.714742","VEH_016","motorcycle","UNK","UNK","UNK","black","0.00","UNK","2026-09-22 04:22:28.305577","2026-09-22 04:22:28.305577"
"S25U","INFER_S25U_VEH_ROOF_20260921_180355.mp4",700,"2026-09-21 18:04:06.714742","VEH_017","motorcycle","UNK","UNK","UNK","UNK","0.00","UNK","2026-09-22 04:22:28.305577","2026-09-22 04:22:28.305577"
"S25U","INFER_S25U_VEH_ROOF_20260921_180355.mp4",700,"2026-09-21 18:04:06.714742","VEH_018","motorcycle","UNK","UNK","UNK","UNK","0.00","UNK","2026-09-22 04:22:28.305577","2026-09-22 04:22:28.305577"
"S25U","INFER_S25U_VEH_ROOF_20260921_180355.mp4",700,"2026-09-21 18:04:06.714742","VEH_019","motorcycle","UNK","UNK","UNK","gray","0.00","UNK","2026-09-22 04:22:28.305577","2026-09-22 04:22:28.305577"
"S25U","INFER_S25U_VEH_ROOF_20260921_180355.mp4",700,"2026-09-21 18:04:06.714742","VEH_020","motorcycle","UNK","UNK","UNK","gray","0.00","UNK","2026-09-22 04:22:28.305577","2026-09-22 04:22:28.305577"
"S25U","INFER_S25U_VEH_ROOF_20260921_180355.mp4",700,"2026-09-21 18:04:06.714742","VEH_021","motorcycle","UNK","UNK","UNK","gray","0.00","UNK","2026-09-22 04:22:28.305577","2026-09-22 04:22:28.305577"
"S25U","INFER_S25U_VEH_ROOF_20260921_180355.mp4",700,"2026-09-21 18:04:06.714742","VEH_022","bus","UNK","UNK","UNK","gray","0.00","UNK","2026-09-22 04:22:28.305577","2026-09-22 04:22:28.305577"
"S25U","INFER_S25U_VEH_ROOF_20260921_180355.mp4",700,"2026-09-21 18:04:06.714742","VEH_023","motorcycle","UNK","UNK","UNK","gray","0.00","UNK","2026-09-22 04:22:28.305577","2026-09-22 04:22:28.305577"
"S25U","INFER_S25U_VEH_ROOF_20260921_180355.mp4",700,"2026-09-21 18:04:06.714742","VEH_024","motorcycle","UNK","UNK","UNK","gray","0.00","UNK","2026-09-22 04:22:28.305577","2026-09-22 04:22:28.305577"
"S25U","INFER_S25U_VEH_ROOF_20260921_180355.mp4",700,"2026-09-21 18:04:06.714742","VEH_025","motorcycle","UNK","UNK","UNK","gray","0.00","UNK","2026-09-22 04:22:28.305577","2026-09-22 04:22:28.305577"
"S25U","INFER_S25U_VEH_ROOF_20260921_180355.mp4",700,"2026-09-21 18:04:06.714742","VEH_026","motorcycle","UNK","UNK","UNK","gray","0.00","UNK","2026-09-22 04:22:28.305577","2026-09-22 04:22:28.305577"
"S25U","INFER_S25U_VEH_ROOF_20260921_180355.mp4",700,"2026-09-21 18:04:06.714742","VEH_027","motorcycle","UNK","UNK","UNK","gray","0.00","UNK","2026-09-22 04:22:28.305577","2026-09-22 04:22:28.305577"
"S25U","INFER_S25U_VEH_ROOF_20260921_180355.mp4",700,"2026-09-21 18:04:06.714742","VEH_028","motorcycle","UNK","UNK","UNK","black","0.00","UNK","2026-09-22 04:22:28.305577","2026-09-22 04:22:28.305577"
"S25U","INFER_S25U_VEH_ROOF_20260921_180355.mp4",700,"2026-09-21 18:04:06.714742","VEH_029","motorcycle","UNK","UNK","UNK","black","0.00","UNK","2026-09-22 04:22:28.305577","2026-09-22 04:22:28.305577"
"S25U","INFER_S25U_VEH_ROOF_20260921_180355.mp4",700,"2026-09-21 18:04:06.714742","VEH_030","motorcycle","UNK","UNK","UNK","gray","0.00","UNK","2026-09-22 04:22:28.305577","2026-09-22 04:22:28.305577"
"S25U","INFER_S25U_VEH_ROOF_20260921_180355.mp4",700,"2026-09-21 18:04:06.714742","VEH_031","motorcycle","UNK","UNK","UNK","black","0.00","UNK","2026-09-22 04:22:28.305577","2026-09-22 04:22:28.305577"
"S25U","INFER_S25U_VEH_ROOF_20260921_180355.mp4",700,"2026-09-21 18:04:06.714742","VEH_032","motorcycle","UNK","UNK","UNK","UNK","0.00","UNK","2026-09-22 04:22:28.305577","2026-09-22 04:22:28.305577"
"S25U","INFER_S25U_VEH_ROOF_20260921_180355.mp4",700,"2026-09-21 18:04:06.714742","VEH_033","motorcycle","UNK","UNK","UNK","UNK","0.00","UNK","2026-09-22 04:22:28.305577","2026-09-22 04:22:28.305577"
"S25U","INFER_S25U_VEH_ROOF_20260921_180355.mp4",700,"2026-09-21 18:04:06.714742","VEH_034","motorcycle","UNK","UNK","UNK","UNK","0.00","UNK","2026-09-22 04:22:28.305577","2026-09-22 04:22:28.305577"
"S25U","INFER_S25U_VEH_ROOF_20260921_180355.mp4",700,"2026-09-21 18:04:06.714742","VEH_035","motorcycle","UNK","UNK","UNK","UNK","0.00","UNK","2026-09-22 04:22:28.305577","2026-09-22 04:22:28.305577"
"S25U","INFER_S25U_VEH_ROOF_20260921_180355.mp4",700,"2026-09-21 18:04:06.714742","VEH_036","motorcycle","UNK","UNK","UNK","UNK","0.00","UNK","2026-09-22 04:22:28.305577","2026-09-22 04:22:28.305577"
"S25U","INFER_S25U_VEH_ROOF_20260921_180355.mp4",700,"2026-09-21 18:04:06.714742","VEH_037","motorcycle","UNK","UNK","UNK","gray","0.00","UNK","2026-09-22 04:22:28.305577","2026-09-22 04:22:28.305577"
"S25U","INFER_S25U_VEH_ROOF_20260921_180355.mp4",700,"2026-09-21 18:04:06.714742","VEH_038","motorcycle","UNK","UNK","UNK","gray","0.00","UNK","2026-09-22 04:22:28.305577","2026-09-22 04:22:28.305577"
"S25U","INFER_S25U_VEH_ROOF_20260921_180355.mp4",700,"2026-09-21 18:04:06.714742","VEH_039","motorcycle","UNK","UNK","UNK","gray","0.00","UNK","2026-09-22 04:22:28.305577","2026-09-22 04:22:28.305577"
"S25U","INFER_S25U_VEH_ROOF_20260921_180355.mp4",700,"2026-09-21 18:04:06.714742","VEH_040","motorcycle","UNK","UNK","UNK","gray","0.00","UNK","2026-09-22 04:22:28.305577","2026-09-22 04:22:28.305577"
"S25U","INFER_S25U_VEH_ROOF_20260921_180355.mp4",700,"2026-09-21 18:04:06.714742","VEH_041","motorcycle","UNK","UNK","UNK","gray","0.00","UNK","2026-09-22 04:22:28.305577","2026-09-22 04:22:28.305577"
"S25U","INFER_S25U_VEH_ROOF_20260921_180355.mp4",700,"2026-09-21 18:04:06.714742","VEH_042","motorcycle","UNK","UNK","UNK","gray","0.00","UNK","2026-09-22 04:22:28.305577","2026-09-22 04:22:28.305577"
"S25U","INFER_S25U_VEH_ROOF_20260921_180355.mp4",700,"2026-09-21 18:04:06.714742","VEH_043","motorcycle","UNK","UNK","UNK","UNK","0.00","UNK","2026-09-22 04:22:28.305577","2026-09-22 04:22:28.305577"
"S25U","INFER_S25U_VEH_ROOF_20260921_180355.mp4",700,"2026-09-21 18:04:06.714742","VEH_044","motorcycle","UNK","UNK","UNK","gray","0.00","UNK","2026-09-22 04:22:28.305577","2026-09-22 04:22:28.305577"
"S25U","INFER_S25U_VEH_ROOF_20260921_180355.mp4",700,"2026-09-21 18:04:06.714742","VEH_045","motorcycle","UNK","UNK","UNK","gray","0.00","UNK","2026-09-22 04:22:28.305577","2026-09-22 04:22:28.305577"
"S25U","INFER_S25U_VEH_ROOF_20260921_180355.mp4",700,"2026-09-21 18:04:06.714742","VEH_046","motorcycle","UNK","UNK","UNK","gray","0.00","UNK","2026-09-22 04:22:28.305577","2026-09-22 04:22:28.305577"
"S25U","INFER_S25U_VEH_ROOF_20260921_180355.mp4",700,"2026-09-21 18:04:06.714742","VEH_047","motorcycle","UNK","UNK","UNK","gray","0.00","UNK","2026-09-22 04:22:28.305577","2026-09-22 04:22:28.305577"
"S25U","INFER_S25U_VEH_ROOF_20260921_180355.mp4",700,"2026-09-21 18:04:06.714742","VEH_048","motorcycle","UNK","UNK","UNK","gray","0.00","UNK","2026-09-22 04:22:28.305577","2026-09-22 04:22:28.305577"
"S25U","INFER_S25U_VEH_ROOF_20260921_180355.mp4",700,"2026-09-21 18:04:06.714742","VEH_049","motorcycle","UNK","UNK","UNK","gray","0.00","UNK","2026-09-22 04:22:28.305577","2026-09-22 04:22:28.305577"
"S25U","INFER_S25U_VEH_ROOF_20260921_180355.mp4",700,"2026-09-21 18:04:06.714742","VEH_050","bus","UNK","UNK","UNK","black","0.00","UNK","2026-09-22 04:22:28.305577","2026-09-22 04:22:28.305577"
"S25U","INFER_S25U_VEH_ROOF_20260921_180355.mp4",700,"2026-09-21 18:04:06.714742","VEH_051","motorcycle","UNK","UNK","UNK","gray","0.00","UNK","2026-09-22 04:22:28.305577","2026-09-22 04:22:28.305577"
"S25U","INFER_S25U_VEH_ROOF_20260921_180355.mp4",700,"2026-09-21 18:04:06.714742","VEH_052","motorcycle","UNK","UNK","UNK","black","0.00","UNK","2026-09-22 04:22:28.305577","2026-09-22 04:22:28.305577"
"S25U","INFER_S25U_VEH_ROOF_20260921_180355.mp4",700,"2026-09-21 18:04:06.714742","VEH_053","motorcycle","UNK","UNK","UNK","black","0.00","UNK","2026-09-22 04:22:28.305577","2026-09-22 04:22:28.305577"
"S25U","INFER_S25U_VEH_ROOF_20260921_180355.mp4",700,"2026-09-21 18:04:06.714742","VEH_054","motorcycle","UNK","UNK","UNK","black","0.00","UNK","2026-09-22 04:22:28.305577","2026-09-22 04:22:28.305577"
"S25U","INFER_S25U_VEH_ROOF_20260921_180355.mp4",700,"2026-09-21 18:04:06.714742","VEH_055","motorcycle","UNK","UNK","UNK","gray","0.00","UNK","2026-09-22 04:22:28.305577","2026-09-22 04:22:28.305577"
"S25U","INFER_S25U_VEH_ROOF_20260921_180355.mp4",700,"2026-09-21 18:04:06.714742","VEH_056","motorcycle","UNK","UNK","UNK","gray","0.00","UNK","2026-09-22 04:22:28.305577","2026-09-22 04:22:28.305577"
"S25U","INFER_S25U_VEH_ROOF_20260921_180355.mp4",700,"2026-09-21 18:04:06.714742","VEH_057","motorcycle","UNK","UNK","UNK","gray","0.00","UNK","2026-09-22 04:22:28.305577","2026-09-22 04:22:28.305577"
"S25U","INFER_S25U_VEH_ROOF_20260921_180355.mp4",700,"2026-09-21 18:04:06.714742","VEH_058","motorcycle","UNK","UNK","UNK","black","0.00","UNK","2026-09-22 04:22:28.305577","2026-09-22 04:22:28.305577"
"S25U","INFER_S25U_VEH_ROOF_20260921_180355.mp4",700,"2026-09-21 18:04:06.714742","VEH_059","motorcycle","UNK","UNK","UNK","black","0.00","UNK","2026-09-22 04:22:28.305577","2026-09-22 04:22:28.305577"
"S25U","INFER_S25U_VEH_ROOF_20260921_180355.mp4",710,"2026-09-21 18:04:06.882095","VEH_001","motorcycle","UNK","UNK","UNK","orange","0.00","UNK","2026-09-22 04:22:31.300183","2026-09-22 04:22:31.300183"
"S25U","INFER_S25U_VEH_ROOF_20260921_180355.mp4",710,"2026-09-21 18:04:06.882095","VEH_002","motorcycle","UNK","UNK","UNK","gray","0.00","UNK","2026-09-22 04:22:31.300183","2026-09-22 04:22:31.300183"
"S25U","INFER_S25U_VEH_ROOF_20260921_180355.mp4",710,"2026-09-21 18:04:06.882095","VEH_003","motorcycle","UNK","UNK","UNK","gray","0.00","UNK","2026-09-22 04:22:31.300183","2026-09-22 04:22:31.300183"
"S25U","INFER_S25U_VEH_ROOF_20260921_180355.mp4",710,"2026-09-21 18:04:06.882095","VEH_004","motorcycle","UNK","UNK","UNK","gray","0.00","UNK","2026-09-22 04:22:31.300183","2026-09-22 04:22:31.300183"
"S25U","INFER_S25U_VEH_ROOF_20260921_180355.mp4",710,"2026-09-21 18:04:06.882095","VEH_005","motorcycle","UNK","UNK","UNK","gray","0.00","UNK","2026-09-22 04:22:31.300183","2026-09-22 04:22:31.300183"
"S25U","INFER_S25U_VEH_ROOF_20260921_180355.mp4",710,"2026-09-21 18:04:06.882095","VEH_006","motorcycle","UNK","UNK","UNK","gray","0.00","UNK","2026-09-22 04:22:31.300183","2026-09-22 04:22:31.300183"
"S25U","INFER_S25U_VEH_ROOF_20260921_180355.mp4",710,"2026-09-21 18:04:06.882095","VEH_007","motorcycle","UNK","UNK","UNK","gray","0.00","UNK","2026-09-22 04:22:31.300183","2026-09-22 04:22:31.300183"
"S25U","INFER_S25U_VEH_ROOF_20260921_180355.mp4",710,"2026-09-21 18:04:06.882095","VEH_008","motorcycle","UNK","UNK","UNK","black","0.00","UNK","2026-09-22 04:22:31.300183","2026-09-22 04:22:31.300183"
"S25U","INFER_S25U_VEH_ROOF_20260921_180355.mp4",710,"2026-09-21 18:04:06.882095","VEH_009","motorcycle","UNK","UNK","UNK","black","0.00","UNK","2026-09-22 04:22:31.300183","2026-09-22 04:22:31.300183"
"S25U","INFER_S25U_VEH_ROOF_20260921_180355.mp4",710,"2026-09-21 18:04:06.882095","VEH_010","motorcycle","UNK","UNK","UNK","black","0.00","UNK","2026-09-22 04:22:31.300183","2026-09-22 04:22:31.300183"
"S25U","INFER_S25U_VEH_ROOF_20260921_180355.mp4",710,"2026-09-21 18:04:06.882095","VEH_011","motorcycle","UNK","UNK","UNK","gray","0.00","UNK","2026-09-22 04:22:31.300183","2026-09-22 04:22:31.300183"
"S25U","INFER_S25U_VEH_ROOF_20260921_180355.mp4",710,"2026-09-21 18:04:06.882095","VEH_012","motorcycle","UNK","UNK","UNK","gray","0.00","UNK","2026-09-22 04:22:31.300183","2026-09-22 04:22:31.300183"
"S25U","INFER_S25U_VEH_ROOF_20260921_180355.mp4",710,"2026-09-21 18:04:06.882095","VEH_013","motorcycle","UNK","UNK","UNK","gray","0.00","UNK","2026-09-22 04:22:31.300183","2026-09-22 04:22:31.300183"
"S25U","INFER_S25U_VEH_ROOF_20260921_180355.mp4",710,"2026-09-21 18:04:06.882095","VEH_014","motorcycle","UNK","UNK","UNK","gray","0.00","UNK","2026-09-22 04:22:31.300183","2026-09-22 04:22:31.300183"
"S25U","INFER_S25U_VEH_ROOF_20260921_180355.mp4",710,"2026-09-21 18:04:06.882095","VEH_015","motorcycle","UNK","UNK","UNK","black","0.00","UNK","2026-09-22 04:22:31.300183","2026-09-22 04:22:31.300183"
"S25U","INFER_S25U_VEH_ROOF_20260921_180355.mp4",710,"2026-09-21 18:04:06.882095","VEH_016","motorcycle","UNK","UNK","UNK","gray","0.00","UNK","2026-09-22 04:22:31.300183","2026-09-22 04:22:31.300183"
"S25U","INFER_S25U_VEH_ROOF_20260921_180355.mp4",710,"2026-09-21 18:04:06.882095","VEH_017","motorcycle","UNK","UNK","UNK","UNK","0.00","UNK","2026-09-22 04:22:31.300183","2026-09-22 04:22:31.300183"
"S25U","INFER_S25U_VEH_ROOF_20260921_180355.mp4",710,"2026-09-21 18:04:06.882095","VEH_018","motorcycle","UNK","UNK","UNK","UNK","0.00","UNK","2026-09-22 04:22:31.300183","2026-09-22 04:22:31.300183"
"S25U","INFER_S25U_VEH_ROOF_20260921_180355.mp4",710,"2026-09-21 18:04:06.882095","VEH_019","motorcycle","UNK","UNK","UNK","gray","0.00","UNK","2026-09-22 04:22:31.300183","2026-09-22 04:22:31.300183"
"S25U","INFER_S25U_VEH_ROOF_20260921_180355.mp4",710,"2026-09-21 18:04:06.882095","VEH_020","motorcycle","UNK","UNK","UNK","gray","0.00","UNK","2026-09-22 04:22:31.300183","2026-09-22 04:22:31.300183"
"S25U","INFER_S25U_VEH_ROOF_20260921_180355.mp4",710,"2026-09-21 18:04:06.882095","VEH_021","motorcycle","UNK","UNK","UNK","gray","0.00","UNK","2026-09-22 04:22:31.300183","2026-09-22 04:22:31.300183"
"S25U","INFER_S25U_VEH_ROOF_20260921_180355.mp4",710,"2026-09-21 18:04:06.882095","VEH_022","motorcycle","UNK","UNK","UNK","gray","0.00","UNK","2026-09-22 04:22:31.300183","2026-09-22 04:22:31.300183"
"S25U","INFER_S25U_VEH_ROOF_20260921_180355.mp4",710,"2026-09-21 18:04:06.882095","VEH_023","motorcycle","UNK","UNK","UNK","gray","0.00","UNK","2026-09-22 04:22:31.300183","2026-09-22 04:22:31.300183"
"S25U","INFER_S25U_VEH_ROOF_20260921_180355.mp4",710,"2026-09-21 18:04:06.882095","VEH_024","motorcycle","UNK","UNK","UNK","gray","0.00","UNK","2026-09-22 04:22:31.300183","2026-09-22 04:22:31.300183"
"S25U","INFER_S25U_VEH_ROOF_20260921_180355.mp4",710,"2026-09-21 18:04:06.882095","VEH_025","motorcycle","UNK","UNK","UNK","gray","0.00","UNK","2026-09-22 04:22:31.300183","2026-09-22 04:22:31.300183"
"S25U","INFER_S25U_VEH_ROOF_20260921_180355.mp4",710,"2026-09-21 18:04:06.882095","VEH_026","motorcycle","UNK","UNK","UNK","gray","0.00","UNK","2026-09-22 04:22:31.300183","2026-09-22 04:22:31.300183"
"S25U","INFER_S25U_VEH_ROOF_20260921_180355.mp4",710,"2026-09-21 18:04:06.882095","VEH_027","motorcycle","UNK","UNK","UNK","gray","0.00","UNK","2026-09-22 04:22:31.300183","2026-09-22 04:22:31.300183"
"S25U","INFER_S25U_VEH_ROOF_20260921_180355.mp4",710,"2026-09-21 18:04:06.882095","VEH_028","motorcycle","UNK","UNK","UNK","gray","0.00","UNK","2026-09-22 04:22:31.300183","2026-09-22 04:22:31.300183"
"S25U","INFER_S25U_VEH_ROOF_20260921_180355.mp4",710,"2026-09-21 18:04:06.882095","VEH_029","motorcycle","UNK","UNK","UNK","gray","0.00","UNK","2026-09-22 04:22:31.300183","2026-09-22 04:22:31.300183"
"S25U","INFER_S25U_VEH_ROOF_20260921_180355.mp4",710,"2026-09-21 18:04:06.882095","VEH_030","motorcycle","UNK","UNK","UNK","gray","0.00","UNK","2026-09-22 04:22:31.300183","2026-09-22 04:22:31.300183"
"S25U","INFER_S25U_VEH_ROOF_20260921_180355.mp4",710,"2026-09-21 18:04:06.882095","VEH_031","motorcycle","UNK","UNK","UNK","black","0.00","UNK","2026-09-22 04:22:31.300183","2026-09-22 04:22:31.300183"
"S25U","INFER_S25U_VEH_ROOF_20260921_180355.mp4",710,"2026-09-21 18:04:06.882095","VEH_032","motorcycle","UNK","UNK","UNK","black","0.00","UNK","2026-09-22 04:22:31.300183","2026-09-22 04:22:31.300183"
"S25U","INFER_S25U_VEH_ROOF_20260921_180355.mp4",710,"2026-09-21 18:04:06.882095","VEH_033","motorcycle","UNK","UNK","UNK","UNK","0.00","UNK","2026-09-22 04:22:31.300183","2026-09-22 04:22:31.300183"
"S25U","INFER_S25U_VEH_ROOF_20260921_180355.mp4",710,"2026-09-21 18:04:06.882095","VEH_034","motorcycle","UNK","UNK","UNK","UNK","0.00","UNK","2026-09-22 04:22:31.300183","2026-09-22 04:22:31.300183"
"S25U","INFER_S25U_VEH_ROOF_20260921_180355.mp4",710,"2026-09-21 18:04:06.882095","VEH_035","motorcycle","UNK","UNK","UNK","UNK","0.00","UNK","2026-09-22 04:22:31.300183","2026-09-22 04:22:31.300183"
"S25U","INFER_S25U_VEH_ROOF_20260921_180355.mp4",710,"2026-09-21 18:04:06.882095","VEH_036","motorcycle","UNK","UNK","UNK","UNK","0.00","UNK","2026-09-22 04:22:31.300183","2026-09-22 04:22:31.300183"
"S25U","INFER_S25U_VEH_ROOF_20260921_180355.mp4",710,"2026-09-21 18:04:06.882095","VEH_037","motorcycle","UNK","UNK","UNK","gray","0.00","UNK","2026-09-22 04:22:31.300183","2026-09-22 04:22:31.300183"
"S25U","INFER_S25U_VEH_ROOF_20260921_180355.mp4",710,"2026-09-21 18:04:06.882095","VEH_038","motorcycle","UNK","UNK","UNK","gray","0.00","UNK","2026-09-22 04:22:31.300183","2026-09-22 04:22:31.300183"
"S25U","INFER_S25U_VEH_ROOF_20260921_180355.mp4",710,"2026-09-21 18:04:06.882095","VEH_039","motorcycle","UNK","UNK","UNK","gray","0.00","UNK","2026-09-22 04:22:31.300183","2026-09-22 04:22:31.300183"
"S25U","INFER_S25U_VEH_ROOF_20260921_180355.mp4",710,"2026-09-21 18:04:06.882095","VEH_040","motorcycle","UNK","UNK","UNK","gray","0.00","UNK","2026-09-22 04:22:31.300183","2026-09-22 04:22:31.300183"
"S25U","INFER_S25U_VEH_ROOF_20260921_180355.mp4",710,"2026-09-21 18:04:06.882095","VEH_041","motorcycle","UNK","UNK","UNK","gray","0.00","UNK","2026-09-22 04:22:31.300183","2026-09-22 04:22:31.300183"
"S25U","INFER_S25U_VEH_ROOF_20260921_180355.mp4",710,"2026-09-21 18:04:06.882095","VEH_042","motorcycle","UNK","UNK","UNK","gray","0.00","UNK","2026-09-22 04:22:31.300183","2026-09-22 04:22:31.300183"
"S25U","INFER_S25U_VEH_ROOF_20260921_180355.mp4",710,"2026-09-21 18:04:06.882095","VEH_043","motorcycle","UNK","UNK","UNK","gray","0.00","UNK","2026-09-22 04:22:31.300183","2026-09-22 04:22:31.300183"
"S25U","INFER_S25U_VEH_ROOF_20260921_180355.mp4",710,"2026-09-21 18:04:06.882095","VEH_044","motorcycle","UNK","UNK","UNK","gray","0.00","UNK","2026-09-22 04:22:31.300183","2026-09-22 04:22:31.300183"
"S25U","INFER_S25U_VEH_ROOF_20260921_180355.mp4",710,"2026-09-21 18:04:06.882095","VEH_045","motorcycle","UNK","UNK","UNK","black","0.00","UNK","2026-09-22 04:22:31.300183","2026-09-22 04:22:31.300183"
"S25U","INFER_S25U_VEH_ROOF_20260921_180355.mp4",710,"2026-09-21 18:04:06.882095","VEH_046","motorcycle","UNK","UNK","UNK","UNK","0.00","UNK","2026-09-22 04:22:31.300183","2026-09-22 04:22:31.300183"
"S25U","INFER_S25U_VEH_ROOF_20260921_180355.mp4",710,"2026-09-21 18:04:06.882095","VEH_047","motorcycle","UNK","UNK","UNK","gray","0.00","UNK","2026-09-22 04:22:31.300183","2026-09-22 04:22:31.300183"
"S25U","INFER_S25U_VEH_ROOF_20260921_180355.mp4",710,"2026-09-21 18:04:06.882095","VEH_048","motorcycle","UNK","UNK","UNK","gray","0.00","UNK","2026-09-22 04:22:31.300183","2026-09-22 04:22:31.300183"
"S25U","INFER_S25U_VEH_ROOF_20260921_180355.mp4",710,"2026-09-21 18:04:06.882095","VEH_049","motorcycle","UNK","UNK","UNK","gray","0.00","UNK","2026-09-22 04:22:31.300183","2026-09-22 04:22:31.300183"
"S25U","INFER_S25U_VEH_ROOF_20260921_180355.mp4",710,"2026-09-21 18:04:06.882095","VEH_050","motorcycle","UNK","UNK","UNK","gray","0.00","UNK","2026-09-22 04:22:31.300183","2026-09-22 04:22:31.300183"
"S25U","INFER_S25U_VEH_ROOF_20260921_180355.mp4",710,"2026-09-21 18:04:06.882095","VEH_051","motorcycle","UNK","UNK","UNK","black","0.00","UNK","2026-09-22 04:22:31.300183","2026-09-22 04:22:31.300183"
"S25U","INFER_S25U_VEH_ROOF_20260921_180355.mp4",710,"2026-09-21 18:04:06.882095","VEH_052","motorcycle","UNK","UNK","UNK","UNK","0.00","UNK","2026-09-22 04:22:31.300183","2026-09-22 04:22:31.300183"
"S25U","INFER_S25U_VEH_ROOF_20260921_180355.mp4",710,"2026-09-21 18:04:06.882095","VEH_053","motorcycle","UNK","UNK","UNK","UNK","0.00","UNK","2026-09-22 04:22:31.300183","2026-09-22 04:22:31.300183"
"S25U","INFER_S25U_VEH_ROOF_20260921_180355.mp4",710,"2026-09-21 18:04:06.882095","VEH_054","motorcycle","UNK","UNK","UNK","gray","0.00","UNK","2026-09-22 04:22:31.300183","2026-09-22 04:22:31.300183"
"S25U","INFER_S25U_VEH_ROOF_20260921_180355.mp4",710,"2026-09-21 18:04:06.882095","VEH_055","motorcycle","UNK","UNK","UNK","gray","0.00","UNK","2026-09-22 04:22:31.300183","2026-09-22 04:22:31.300183"
"S25U","INFER_S25U_VEH_ROOF_20260921_180355.mp4",710,"2026-09-21 18:04:06.882095","VEH_056","bus","UNK","UNK","UNK","orange","0.00","UNK","2026-09-22 04:22:31.300183","2026-09-22 04:22:31.300183"
"S25U","INFER_S25U_VEH_ROOF_20260921_180355.mp4",710,"2026-09-21 18:04:06.882095","VEH_057","motorcycle","UNK","UNK","UNK","gray","0.00","UNK","2026-09-22 04:22:31.300183","2026-09-22 04:22:31.300183"
"S25U","INFER_S25U_VEH_ROOF_20260921_180355.mp4",710,"2026-09-21 18:04:06.882095","VEH_058","motorcycle","UNK","UNK","UNK","black","0.00","UNK","2026-09-22 04:22:31.300183","2026-09-22 04:22:31.300183"
"S25U","INFER_S25U_VEH_ROOF_20260921_180355.mp4",710,"2026-09-21 18:04:06.882095","VEH_059","motorcycle","UNK","UNK","UNK","gray","0.00","UNK","2026-09-22 04:22:31.300183","2026-09-22 04:22:31.300183"
"S25U","INFER_S25U_VEH_ROOF_20260921_180355.mp4",710,"2026-09-21 18:04:06.882095","VEH_060","motorcycle","UNK","UNK","UNK","black","0.00","UNK","2026-09-22 04:22:31.300183","2026-09-22 04:22:31.300183"
"S25U","INFER_S25U_VEH_ROOF_20260921_180355.mp4",710,"2026-09-21 18:04:06.882095","VEH_061","motorcycle","UNK","UNK","UNK","black","0.00","UNK","2026-09-22 04:22:31.300183","2026-09-22 04:22:31.300183"
"S25U","INFER_S25U_VEH_ROOF_20260921_180355.mp4",710,"2026-09-21 18:04:06.882095","VEH_062","motorcycle","UNK","UNK","UNK","black","0.00","UNK","2026-09-22 04:22:31.300183","2026-09-22 04:22:31.300183"
"S25U","INFER_S25U_VEH_ROOF_20260921_180355.mp4",710,"2026-09-21 18:04:06.882095","VEH_063","motorcycle","UNK","UNK","UNK","gray","0.00","UNK","2026-09-22 04:22:31.300183","2026-09-22 04:22:31.300183"
"S25U","INFER_S25U_VEH_ROOF_20260921_180355.mp4",710,"2026-09-21 18:04:06.882095","VEH_064","motorcycle","UNK","UNK","UNK","black","0.00","UNK","2026-09-22 04:22:31.300183","2026-09-22 04:22:31.300183"
"S25U","INFER_S25U_VEH_ROOF_20260921_180355.mp4",710,"2026-09-21 18:04:06.882095","VEH_065","motorcycle","UNK","UNK","UNK","black","0.00","UNK","2026-09-22 04:22:31.300183","2026-09-22 04:22:31.300183"
"S25U","INFER_S25U_VEH_ROOF_20260921_180355.mp4",710,"2026-09-21 18:04:06.882095","VEH_066","motorcycle","UNK","UNK","UNK","gray","0.00","UNK","2026-09-22 04:22:31.300183","2026-09-22 04:22:31.300183"
"S25U","INFER_S25U_VEH_ROOF_20260921_180355.mp4",710,"2026-09-21 18:04:06.882095","VEH_067","motorcycle","UNK","UNK","UNK","gray","0.00","UNK","2026-09-22 04:22:31.300183","2026-09-22 04:22:31.300183"
"S25U","INFER_S25U_VEH_ROOF_20260921_180355.mp4",720,"2026-09-21 18:04:07.049449","VEH_001","motorcycle","UNK","UNK","UNK","gray","0.00","UNK","2026-09-22 04:22:34.105886","2026-09-22 04:22:34.105886"
"S25U","INFER_S25U_VEH_ROOF_20260921_180355.mp4",720,"2026-09-21 18:04:07.049449","VEH_002","motorcycle","UNK","UNK","UNK","black","0.00","UNK","2026-09-22 04:22:34.105886","2026-09-22 04:22:34.105886"
"S25U","INFER_S25U_VEH_ROOF_20260921_180355.mp4",720,"2026-09-21 18:04:07.049449","VEH_003","motorcycle","UNK","UNK","UNK","UNK","0.00","UNK","2026-09-22 04:22:34.105886","2026-09-22 04:22:34.105886"
"S25U","INFER_S25U_VEH_ROOF_20260921_180355.mp4",720,"2026-09-21 18:04:07.049449","VEH_004","motorcycle","UNK","UNK","UNK","gray","0.00","UNK","2026-09-22 04:22:34.105886","2026-09-22 04:22:34.105886"
"S25U","INFER_S25U_VEH_ROOF_20260921_180355.mp4",720,"2026-09-21 18:04:07.049449","VEH_005","motorcycle","UNK","UNK","UNK","gray","0.00","UNK","2026-09-22 04:22:34.105886","2026-09-22 04:22:34.105886"
"S25U","INFER_S25U_VEH_ROOF_20260921_180355.mp4",720,"2026-09-21 18:04:07.049449","VEH_006","motorcycle","UNK","UNK","UNK","gray","0.00","UNK","2026-09-22 04:22:34.105886","2026-09-22 04:22:34.105886"
"S25U","INFER_S25U_VEH_ROOF_20260921_180355.mp4",720,"2026-09-21 18:04:07.049449","VEH_007","motorcycle","UNK","UNK","UNK","gray","0.00","UNK","2026-09-22 04:22:34.105886","2026-09-22 04:22:34.105886"
"S25U","INFER_S25U_VEH_ROOF_20260921_180355.mp4",720,"2026-09-21 18:04:07.049449","VEH_008","motorcycle","UNK","UNK","UNK","gray","0.00","UNK","2026-09-22 04:22:34.105886","2026-09-22 04:22:34.105886"
"S25U","INFER_S25U_VEH_ROOF_20260921_180355.mp4",720,"2026-09-21 18:04:07.049449","VEH_009","motorcycle","UNK","UNK","UNK","black","0.00","UNK","2026-09-22 04:22:34.105886","2026-09-22 04:22:34.105886"
"S25U","INFER_S25U_VEH_ROOF_20260921_180355.mp4",720,"2026-09-21 18:04:07.049449","VEH_010","motorcycle","UNK","UNK","UNK","gray","0.00","UNK","2026-09-22 04:22:34.105886","2026-09-22 04:22:34.105886"
"S25U","INFER_S25U_VEH_ROOF_20260921_180355.mp4",720,"2026-09-21 18:04:07.049449","VEH_011","motorcycle","UNK","UNK","UNK","gray","0.00","UNK","2026-09-22 04:22:34.105886","2026-09-22 04:22:34.105886"
"S25U","INFER_S25U_VEH_ROOF_20260921_180355.mp4",720,"2026-09-21 18:04:07.049449","VEH_012","motorcycle","UNK","UNK","UNK","gray","0.00","UNK","2026-09-22 04:22:34.105886","2026-09-22 04:22:34.105886"
"S25U","INFER_S25U_VEH_ROOF_20260921_180355.mp4",720,"2026-09-21 18:04:07.049449","VEH_013","motorcycle","UNK","UNK","UNK","black","0.00","UNK","2026-09-22 04:22:34.105886","2026-09-22 04:22:34.105886"
"S25U","INFER_S25U_VEH_ROOF_20260921_180355.mp4",720,"2026-09-21 18:04:07.049449","VEH_014","motorcycle","UNK","UNK","UNK","black","0.00","UNK","2026-09-22 04:22:34.105886","2026-09-22 04:22:34.105886"
"S25U","INFER_S25U_VEH_ROOF_20260921_180355.mp4",720,"2026-09-21 18:04:07.049449","VEH_015","motorcycle","UNK","UNK","UNK","gray","0.00","UNK","2026-09-22 04:22:34.105886","2026-09-22 04:22:34.105886"
"S25U","INFER_S25U_VEH_ROOF_20260921_180355.mp4",720,"2026-09-21 18:04:07.049449","VEH_016","motorcycle","UNK","UNK","UNK","black","0.00","UNK","2026-09-22 04:22:34.105886","2026-09-22 04:22:34.105886"
"S25U","INFER_S25U_VEH_ROOF_20260921_180355.mp4",720,"2026-09-21 18:04:07.049449","VEH_017","motorcycle","UNK","UNK","UNK","black","0.00","UNK","2026-09-22 04:22:34.105886","2026-09-22 04:22:34.105886"
"S25U","INFER_S25U_VEH_ROOF_20260921_180355.mp4",720,"2026-09-21 18:04:07.049449","VEH_018","motorcycle","UNK","UNK","UNK","UNK","0.00","UNK","2026-09-22 04:22:34.105886","2026-09-22 04:22:34.105886"
"S25U","INFER_S25U_VEH_ROOF_20260921_180355.mp4",720,"2026-09-21 18:04:07.049449","VEH_019","motorcycle","UNK","UNK","UNK","black","0.00","UNK","2026-09-22 04:22:34.105886","2026-09-22 04:22:34.105886"
"S25U","INFER_S25U_VEH_ROOF_20260921_180355.mp4",720,"2026-09-21 18:04:07.049449","VEH_020","motorcycle","UNK","UNK","UNK","black","0.00","UNK","2026-09-22 04:22:34.105886","2026-09-22 04:22:34.105886"
"S25U","INFER_S25U_VEH_ROOF_20260921_180355.mp4",720,"2026-09-21 18:04:07.049449","VEH_021","motorcycle","UNK","UNK","UNK","gray","0.00","UNK","2026-09-22 04:22:34.105886","2026-09-22 04:22:34.105886"
"S25U","INFER_S25U_VEH_ROOF_20260921_180355.mp4",720,"2026-09-21 18:04:07.049449","VEH_022","motorcycle","UNK","UNK","UNK","gray","0.00","UNK","2026-09-22 04:22:34.105886","2026-09-22 04:22:34.105886"
"S25U","INFER_S25U_VEH_ROOF_20260921_180355.mp4",720,"2026-09-21 18:04:07.049449","VEH_023","motorcycle","UNK","UNK","UNK","gray","0.00","UNK","2026-09-22 04:22:34.105886","2026-09-22 04:22:34.105886"
"S25U","INFER_S25U_VEH_ROOF_20260921_180355.mp4",720,"2026-09-21 18:04:07.049449","VEH_024","motorcycle","UNK","UNK","UNK","gray","0.00","UNK","2026-09-22 04:22:34.105886","2026-09-22 04:22:34.105886"
"S25U","INFER_S25U_VEH_ROOF_20260921_180355.mp4",720,"2026-09-21 18:04:07.049449","VEH_025","motorcycle","UNK","UNK","UNK","gray","0.00","UNK","2026-09-22 04:22:34.105886","2026-09-22 04:22:34.105886"
"S25U","INFER_S25U_VEH_ROOF_20260921_180355.mp4",720,"2026-09-21 18:04:07.049449","VEH_026","motorcycle","UNK","UNK","UNK","gray","0.00","UNK","2026-09-22 04:22:34.105886","2026-09-22 04:22:34.105886"
"S25U","INFER_S25U_VEH_ROOF_20260921_180355.mp4",720,"2026-09-21 18:04:07.049449","VEH_027","motorcycle","UNK","UNK","UNK","gray","0.00","UNK","2026-09-22 04:22:34.105886","2026-09-22 04:22:34.105886"
"S25U","INFER_S25U_VEH_ROOF_20260921_180355.mp4",720,"2026-09-21 18:04:07.049449","VEH_028","motorcycle","UNK","UNK","UNK","gray","0.00","UNK","2026-09-22 04:22:34.105886","2026-09-22 04:22:34.105886"
"S25U","INFER_S25U_VEH_ROOF_20260921_180355.mp4",720,"2026-09-21 18:04:07.049449","VEH_029","motorcycle","UNK","UNK","UNK","black","0.00","UNK","2026-09-22 04:22:34.105886","2026-09-22 04:22:34.105886"
"S25U","INFER_S25U_VEH_ROOF_20260921_180355.mp4",720,"2026-09-21 18:04:07.049449","VEH_030","motorcycle","UNK","UNK","UNK","gray","0.00","UNK","2026-09-22 04:22:34.105886","2026-09-22 04:22:34.105886"
"S25U","INFER_S25U_VEH_ROOF_20260921_180355.mp4",720,"2026-09-21 18:04:07.049449","VEH_031","motorcycle","UNK","UNK","UNK","UNK","0.00","UNK","2026-09-22 04:22:34.105886","2026-09-22 04:22:34.105886"
"S25U","INFER_S25U_VEH_ROOF_20260921_180355.mp4",720,"2026-09-21 18:04:07.049449","VEH_032","motorcycle","UNK","UNK","UNK","UNK","0.00","UNK","2026-09-22 04:22:34.105886","2026-09-22 04:22:34.105886"
"S25U","INFER_S25U_VEH_ROOF_20260921_180355.mp4",720,"2026-09-21 18:04:07.049449","VEH_033","motorcycle","UNK","UNK","UNK","UNK","0.00","UNK","2026-09-22 04:22:34.105886","2026-09-22 04:22:34.105886"
"S25U","INFER_S25U_VEH_ROOF_20260921_180355.mp4",720,"2026-09-21 18:04:07.049449","VEH_034","motorcycle","UNK","UNK","UNK","UNK","0.00","UNK","2026-09-22 04:22:34.105886","2026-09-22 04:22:34.105886"
"S25U","INFER_S25U_VEH_ROOF_20260921_180355.mp4",720,"2026-09-21 18:04:07.049449","VEH_035","motorcycle","UNK","UNK","UNK","gray","0.00","UNK","2026-09-22 04:22:34.105886","2026-09-22 04:22:34.105886"
"S25U","INFER_S25U_VEH_ROOF_20260921_180355.mp4",720,"2026-09-21 18:04:07.049449","VEH_036","motorcycle","UNK","UNK","UNK","gray","0.00","UNK","2026-09-22 04:22:34.105886","2026-09-22 04:22:34.105886"
"S25U","INFER_S25U_VEH_ROOF_20260921_180355.mp4",720,"2026-09-21 18:04:07.049449","VEH_037","motorcycle","UNK","UNK","UNK","gray","0.00","UNK","2026-09-22 04:22:34.105886","2026-09-22 04:22:34.105886"
"S25U","INFER_S25U_VEH_ROOF_20260921_180355.mp4",720,"2026-09-21 18:04:07.049449","VEH_038","motorcycle","UNK","UNK","UNK","gray","0.00","UNK","2026-09-22 04:22:34.105886","2026-09-22 04:22:34.105886"
"S25U","INFER_S25U_VEH_ROOF_20260921_180355.mp4",720,"2026-09-21 18:04:07.049449","VEH_039","motorcycle","UNK","UNK","UNK","UNK","0.00","UNK","2026-09-22 04:22:34.105886","2026-09-22 04:22:34.105886"
"S25U","INFER_S25U_VEH_ROOF_20260921_180355.mp4",720,"2026-09-21 18:04:07.049449","VEH_040","motorcycle","UNK","UNK","UNK","gray","0.00","UNK","2026-09-22 04:22:34.105886","2026-09-22 04:22:34.105886"
"S25U","INFER_S25U_VEH_ROOF_20260921_180355.mp4",720,"2026-09-21 18:04:07.049449","VEH_041","motorcycle","UNK","UNK","UNK","gray","0.00","UNK","2026-09-22 04:22:34.105886","2026-09-22 04:22:34.105886"
"S25U","INFER_S25U_VEH_ROOF_20260921_180355.mp4",720,"2026-09-21 18:04:07.049449","VEH_042","motorcycle","UNK","UNK","UNK","black","0.00","UNK","2026-09-22 04:22:34.105886","2026-09-22 04:22:34.105886"
"S25U","INFER_S25U_VEH_ROOF_20260921_180355.mp4",720,"2026-09-21 18:04:07.049449","VEH_043","motorcycle","UNK","UNK","UNK","black","0.00","UNK","2026-09-22 04:22:34.105886","2026-09-22 04:22:34.105886"
"S25U","INFER_S25U_VEH_ROOF_20260921_180355.mp4",720,"2026-09-21 18:04:07.049449","VEH_044","motorcycle","UNK","UNK","UNK","black","0.00","UNK","2026-09-22 04:22:34.105886","2026-09-22 04:22:34.105886"
"S25U","INFER_S25U_VEH_ROOF_20260921_180355.mp4",720,"2026-09-21 18:04:07.049449","VEH_045","motorcycle","UNK","UNK","UNK","gray","0.00","UNK","2026-09-22 04:22:34.105886","2026-09-22 04:22:34.105886"
"S25U","INFER_S25U_VEH_ROOF_20260921_180355.mp4",720,"2026-09-21 18:04:07.049449","VEH_046","motorcycle","UNK","UNK","UNK","gray","0.00","UNK","2026-09-22 04:22:34.105886","2026-09-22 04:22:34.105886"
"S25U","INFER_S25U_VEH_ROOF_20260921_180355.mp4",720,"2026-09-21 18:04:07.049449","VEH_047","motorcycle","UNK","UNK","UNK","gray","0.00","UNK","2026-09-22 04:22:34.105886","2026-09-22 04:22:34.105886"
"S25U","INFER_S25U_VEH_ROOF_20260921_180355.mp4",720,"2026-09-21 18:04:07.049449","VEH_048","motorcycle","UNK","UNK","UNK","black","0.00","UNK","2026-09-22 04:22:34.105886","2026-09-22 04:22:34.105886"
"S25U","INFER_S25U_VEH_ROOF_20260921_180355.mp4",720,"2026-09-21 18:04:07.049449","VEH_049","motorcycle","UNK","UNK","UNK","black","0.00","UNK","2026-09-22 04:22:34.105886","2026-09-22 04:22:34.105886"
"S25U","INFER_S25U_VEH_ROOF_20260921_180355.mp4",720,"2026-09-21 18:04:07.049449","VEH_050","motorcycle","UNK","UNK","UNK","black","0.00","UNK","2026-09-22 04:22:34.105886","2026-09-22 04:22:34.105886"
"S25U","INFER_S25U_VEH_ROOF_20260921_180355.mp4",720,"2026-09-21 18:04:07.049449","VEH_051","motorcycle","UNK","UNK","UNK","black","0.00","UNK","2026-09-22 04:22:34.105886","2026-09-22 04:22:34.105886"
"S25U","INFER_S25U_VEH_ROOF_20260921_180355.mp4",720,"2026-09-21 18:04:07.049449","VEH_052","motorcycle","UNK","UNK","UNK","black","0.00","UNK","2026-09-22 04:22:34.105886","2026-09-22 04:22:34.105886"
"S25U","INFER_S25U_VEH_ROOF_20260921_180355.mp4",720,"2026-09-21 18:04:07.049449","VEH_053","bus","UNK","UNK","UNK","black","0.00","UNK","2026-09-22 04:22:34.105886","2026-09-22 04:22:34.105886"
"S25U","INFER_S25U_VEH_ROOF_20260921_180355.mp4",730,"2026-09-21 18:04:07.216802","VEH_001","motorcycle","UNK","UNK","UNK","black","0.00","UNK","2026-09-22 04:22:36.789939","2026-09-22 04:22:36.789939"
"S25U","INFER_S25U_VEH_ROOF_20260921_180355.mp4",730,"2026-09-21 18:04:07.216802","VEH_002","motorcycle","UNK","UNK","UNK","gray","0.00","UNK","2026-09-22 04:22:36.789939","2026-09-22 04:22:36.789939"
"S25U","INFER_S25U_VEH_ROOF_20260921_180355.mp4",730,"2026-09-21 18:04:07.216802","VEH_003","motorcycle","UNK","UNK","UNK","black","0.00","UNK","2026-09-22 04:22:36.789939","2026-09-22 04:22:36.789939"
"S25U","INFER_S25U_VEH_ROOF_20260921_180355.mp4",730,"2026-09-21 18:04:07.216802","VEH_004","motorcycle","UNK","UNK","UNK","UNK","0.00","UNK","2026-09-22 04:22:36.789939","2026-09-22 04:22:36.789939"
"S25U","INFER_S25U_VEH_ROOF_20260921_180355.mp4",730,"2026-09-21 18:04:07.216802","VEH_005","motorcycle","UNK","UNK","UNK","black","0.00","UNK","2026-09-22 04:22:36.789939","2026-09-22 04:22:36.789939"
"S25U","INFER_S25U_VEH_ROOF_20260921_180355.mp4",730,"2026-09-21 18:04:07.216802","VEH_006","motorcycle","UNK","UNK","UNK","gray","0.00","UNK","2026-09-22 04:22:36.789939","2026-09-22 04:22:36.789939"
"S25U","INFER_S25U_VEH_ROOF_20260921_180355.mp4",730,"2026-09-21 18:04:07.216802","VEH_007","motorcycle","UNK","UNK","UNK","gray","0.00","UNK","2026-09-22 04:22:36.789939","2026-09-22 04:22:36.789939"
"S25U","INFER_S25U_VEH_ROOF_20260921_180355.mp4",730,"2026-09-21 18:04:07.216802","VEH_008","motorcycle","UNK","UNK","UNK","gray","0.00","UNK","2026-09-22 04:22:36.789939","2026-09-22 04:22:36.789939"
"S25U","INFER_S25U_VEH_ROOF_20260921_180355.mp4",730,"2026-09-21 18:04:07.216802","VEH_009","motorcycle","UNK","UNK","UNK","black","0.00","UNK","2026-09-22 04:22:36.789939","2026-09-22 04:22:36.789939"
"S25U","INFER_S25U_VEH_ROOF_20260921_180355.mp4",730,"2026-09-21 18:04:07.216802","VEH_010","motorcycle","UNK","UNK","UNK","black","0.00","UNK","2026-09-22 04:22:36.789939","2026-09-22 04:22:36.789939"
"S25U","INFER_S25U_VEH_ROOF_20260921_180355.mp4",730,"2026-09-21 18:04:07.216802","VEH_011","motorcycle","UNK","UNK","UNK","gray","0.00","UNK","2026-09-22 04:22:36.789939","2026-09-22 04:22:36.789939"
"S25U","INFER_S25U_VEH_ROOF_20260921_180355.mp4",730,"2026-09-21 18:04:07.216802","VEH_012","motorcycle","UNK","UNK","UNK","gray","0.00","UNK","2026-09-22 04:22:36.789939","2026-09-22 04:22:36.789939"
"S25U","INFER_S25U_VEH_ROOF_20260921_180355.mp4",730,"2026-09-21 18:04:07.216802","VEH_013","motorcycle","UNK","UNK","UNK","gray","0.00","UNK","2026-09-22 04:22:36.789939","2026-09-22 04:22:36.789939"
"S25U","INFER_S25U_VEH_ROOF_20260921_180355.mp4",730,"2026-09-21 18:04:07.216802","VEH_014","motorcycle","UNK","UNK","UNK","gray","0.00","UNK","2026-09-22 04:22:36.789939","2026-09-22 04:22:36.789939"
"S25U","INFER_S25U_VEH_ROOF_20260921_180355.mp4",730,"2026-09-21 18:04:07.216802","VEH_015","motorcycle","UNK","UNK","UNK","gray","0.00","UNK","2026-09-22 04:22:36.789939","2026-09-22 04:22:36.789939"
"S25U","INFER_S25U_VEH_ROOF_20260921_180355.mp4",730,"2026-09-21 18:04:07.216802","VEH_016","motorcycle","UNK","UNK","UNK","gray","0.00","UNK","2026-09-22 04:22:36.789939","2026-09-22 04:22:36.789939"
"S25U","INFER_S25U_VEH_ROOF_20260921_180355.mp4",730,"2026-09-21 18:04:07.216802","VEH_017","motorcycle","UNK","UNK","UNK","black","0.00","UNK","2026-09-22 04:22:36.789939","2026-09-22 04:22:36.789939"
"S25U","INFER_S25U_VEH_ROOF_20260921_180355.mp4",730,"2026-09-21 18:04:07.216802","VEH_018","motorcycle","UNK","UNK","UNK","black","0.00","UNK","2026-09-22 04:22:36.789939","2026-09-22 04:22:36.789939"
"S25U","INFER_S25U_VEH_ROOF_20260921_180355.mp4",730,"2026-09-21 18:04:07.216802","VEH_019","motorcycle","UNK","UNK","UNK","gray","0.00","UNK","2026-09-22 04:22:36.789939","2026-09-22 04:22:36.789939"
"S25U","INFER_S25U_VEH_ROOF_20260921_180355.mp4",730,"2026-09-21 18:04:07.216802","VEH_020","motorcycle","UNK","UNK","UNK","black","0.00","UNK","2026-09-22 04:22:36.789939","2026-09-22 04:22:36.789939"
"S25U","INFER_S25U_VEH_ROOF_20260921_180355.mp4",730,"2026-09-21 18:04:07.216802","VEH_021","motorcycle","UNK","UNK","UNK","UNK","0.00","UNK","2026-09-22 04:22:36.789939","2026-09-22 04:22:36.789939"
"S25U","INFER_S25U_VEH_ROOF_20260921_180355.mp4",730,"2026-09-21 18:04:07.216802","VEH_022","motorcycle","UNK","UNK","UNK","gray","0.00","UNK","2026-09-22 04:22:36.789939","2026-09-22 04:22:36.789939"
"S25U","INFER_S25U_VEH_ROOF_20260921_180355.mp4",730,"2026-09-21 18:04:07.216802","VEH_023","motorcycle","UNK","UNK","UNK","gray","0.00","UNK","2026-09-22 04:22:36.789939","2026-09-22 04:22:36.789939"
"S25U","INFER_S25U_VEH_ROOF_20260921_180355.mp4",730,"2026-09-21 18:04:07.216802","VEH_024","motorcycle","UNK","UNK","UNK","gray","0.00","UNK","2026-09-22 04:22:36.789939","2026-09-22 04:22:36.789939"
"S25U","INFER_S25U_VEH_ROOF_20260921_180355.mp4",730,"2026-09-21 18:04:07.216802","VEH_025","motorcycle","UNK","UNK","UNK","gray","0.00","UNK","2026-09-22 04:22:36.789939","2026-09-22 04:22:36.789939"
"S25U","INFER_S25U_VEH_ROOF_20260921_180355.mp4",730,"2026-09-21 18:04:07.216802","VEH_026","motorcycle","UNK","UNK","UNK","gray","0.00","UNK","2026-09-22 04:22:36.789939","2026-09-22 04:22:36.789939"
"S25U","INFER_S25U_VEH_ROOF_20260921_180355.mp4",730,"2026-09-21 18:04:07.216802","VEH_027","motorcycle","UNK","UNK","UNK","gray","0.00","UNK","2026-09-22 04:22:36.789939","2026-09-22 04:22:36.789939"
"S25U","INFER_S25U_VEH_ROOF_20260921_180355.mp4",730,"2026-09-21 18:04:07.216802","VEH_028","motorcycle","UNK","UNK","UNK","gray","0.00","UNK","2026-09-22 04:22:36.789939","2026-09-22 04:22:36.789939"
"S25U","INFER_S25U_VEH_ROOF_20260921_180355.mp4",730,"2026-09-21 18:04:07.216802","VEH_029","motorcycle","UNK","UNK","UNK","gray","0.00","UNK","2026-09-22 04:22:36.789939","2026-09-22 04:22:36.789939"
"S25U","INFER_S25U_VEH_ROOF_20260921_180355.mp4",730,"2026-09-21 18:04:07.216802","VEH_030","motorcycle","UNK","UNK","UNK","gray","0.00","UNK","2026-09-22 04:22:36.789939","2026-09-22 04:22:36.789939"
"S25U","INFER_S25U_VEH_ROOF_20260921_180355.mp4",730,"2026-09-21 18:04:07.216802","VEH_031","motorcycle","UNK","UNK","UNK","black","0.00","UNK","2026-09-22 04:22:36.789939","2026-09-22 04:22:36.789939"
"S25U","INFER_S25U_VEH_ROOF_20260921_180355.mp4",730,"2026-09-21 18:04:07.216802","VEH_032","motorcycle","UNK","UNK","UNK","UNK","0.00","UNK","2026-09-22 04:22:36.789939","2026-09-22 04:22:36.789939"
"S25U","INFER_S25U_VEH_ROOF_20260921_180355.mp4",730,"2026-09-21 18:04:07.216802","VEH_033","motorcycle","UNK","UNK","UNK","UNK","0.00","UNK","2026-09-22 04:22:36.789939","2026-09-22 04:22:36.789939"
"S25U","INFER_S25U_VEH_ROOF_20260921_180355.mp4",730,"2026-09-21 18:04:07.216802","VEH_034","motorcycle","UNK","UNK","UNK","UNK","0.00","UNK","2026-09-22 04:22:36.789939","2026-09-22 04:22:36.789939"
"S25U","INFER_S25U_VEH_ROOF_20260921_180355.mp4",730,"2026-09-21 18:04:07.216802","VEH_035","motorcycle","UNK","UNK","UNK","UNK","0.00","UNK","2026-09-22 04:22:36.789939","2026-09-22 04:22:36.789939"
"S25U","INFER_S25U_VEH_ROOF_20260921_180355.mp4",730,"2026-09-21 18:04:07.216802","VEH_036","motorcycle","UNK","UNK","UNK","gray","0.00","UNK","2026-09-22 04:22:36.789939","2026-09-22 04:22:36.789939"
"S25U","INFER_S25U_VEH_ROOF_20260921_180355.mp4",730,"2026-09-21 18:04:07.216802","VEH_037","motorcycle","UNK","UNK","UNK","gray","0.00","UNK","2026-09-22 04:22:36.789939","2026-09-22 04:22:36.789939"
"S25U","INFER_S25U_VEH_ROOF_20260921_180355.mp4",730,"2026-09-21 18:04:07.216802","VEH_038","motorcycle","UNK","UNK","UNK","black","0.00","UNK","2026-09-22 04:22:36.789939","2026-09-22 04:22:36.789939"
"S25U","INFER_S25U_VEH_ROOF_20260921_180355.mp4",730,"2026-09-21 18:04:07.216802","VEH_039","motorcycle","UNK","UNK","UNK","gray","0.00","UNK","2026-09-22 04:22:36.789939","2026-09-22 04:22:36.789939"
"S25U","INFER_S25U_VEH_ROOF_20260921_180355.mp4",730,"2026-09-21 18:04:07.216802","VEH_040","motorcycle","UNK","UNK","UNK","gray","0.00","UNK","2026-09-22 04:22:36.789939","2026-09-22 04:22:36.789939"
"S25U","INFER_S25U_VEH_ROOF_20260921_180355.mp4",730,"2026-09-21 18:04:07.216802","VEH_041","motorcycle","UNK","UNK","UNK","gray","0.00","UNK","2026-09-22 04:22:36.789939","2026-09-22 04:22:36.789939"
"S25U","INFER_S25U_VEH_ROOF_20260921_180355.mp4",730,"2026-09-21 18:04:07.216802","VEH_042","motorcycle","UNK","UNK","UNK","UNK","0.00","UNK","2026-09-22 04:22:36.789939","2026-09-22 04:22:36.789939"
"S25U","INFER_S25U_VEH_ROOF_20260921_180355.mp4",730,"2026-09-21 18:04:07.216802","VEH_043","motorcycle","UNK","UNK","UNK","black","0.00","UNK","2026-09-22 04:22:36.789939","2026-09-22 04:22:36.789939"
"S25U","INFER_S25U_VEH_ROOF_20260921_180355.mp4",730,"2026-09-21 18:04:07.216802","VEH_044","motorcycle","UNK","UNK","UNK","black","0.00","UNK","2026-09-22 04:22:36.789939","2026-09-22 04:22:36.789939"
"S25U","INFER_S25U_VEH_ROOF_20260921_180355.mp4",730,"2026-09-21 18:04:07.216802","VEH_045","motorcycle","UNK","UNK","UNK","black","0.00","UNK","2026-09-22 04:22:36.789939","2026-09-22 04:22:36.789939"
"S25U","INFER_S25U_VEH_ROOF_20260921_180355.mp4",730,"2026-09-21 18:04:07.216802","VEH_046","bus","UNK","UNK","UNK","black","0.00","UNK","2026-09-22 04:22:36.789939","2026-09-22 04:22:36.789939"
"S25U","INFER_S25U_VEH_ROOF_20260921_180355.mp4",730,"2026-09-21 18:04:07.216802","VEH_047","motorcycle","UNK","UNK","UNK","gray","0.00","UNK","2026-09-22 04:22:36.789939","2026-09-22 04:22:36.789939"
"S25U","INFER_S25U_VEH_ROOF_20260921_180355.mp4",730,"2026-09-21 18:04:07.216802","VEH_048","motorcycle","UNK","UNK","UNK","black","0.00","UNK","2026-09-22 04:22:36.789939","2026-09-22 04:22:36.789939"
"S25U","INFER_S25U_VEH_ROOF_20260921_180355.mp4",730,"2026-09-21 18:04:07.216802","VEH_049","motorcycle","UNK","UNK","UNK","black","0.00","UNK","2026-09-22 04:22:36.789939","2026-09-22 04:22:36.789939"
"S25U","INFER_S25U_VEH_ROOF_20260921_180355.mp4",730,"2026-09-21 18:04:07.216802","VEH_050","motorcycle","UNK","UNK","UNK","black","0.00","UNK","2026-09-22 04:22:36.789939","2026-09-22 04:22:36.789939"
"S25U","INFER_S25U_VEH_ROOF_20260921_180355.mp4",730,"2026-09-21 18:04:07.216802","VEH_051","motorcycle","UNK","UNK","UNK","black","0.00","UNK","2026-09-22 04:22:36.789939","2026-09-22 04:22:36.789939"
"S25U","INFER_S25U_VEH_ROOF_20260921_180355.mp4",730,"2026-09-21 18:04:07.216802","VEH_052","truck","UNK","UNK","UNK","UNK","0.00","UNK","2026-09-22 04:22:36.789939","2026-09-22 04:22:36.789939"
"S25U","INFER_S25U_VEH_ROOF_20260921_180355.mp4",740,"2026-09-21 18:04:07.384156","VEH_001","motorcycle","UNK","UNK","UNK","black","0.00","UNK","2026-09-22 04:22:39.676264","2026-09-22 04:22:39.676264"
"S25U","INFER_S25U_VEH_ROOF_20260921_180355.mp4",740,"2026-09-21 18:04:07.384156","VEH_002","motorcycle","UNK","UNK","UNK","gray","0.00","UNK","2026-09-22 04:22:39.676264","2026-09-22 04:22:39.676264"
"S25U","INFER_S25U_VEH_ROOF_20260921_180355.mp4",740,"2026-09-21 18:04:07.384156","VEH_003","motorcycle","UNK","UNK","UNK","black","0.00","UNK","2026-09-22 04:22:39.676264","2026-09-22 04:22:39.676264"
"S25U","INFER_S25U_VEH_ROOF_20260921_180355.mp4",740,"2026-09-21 18:04:07.384156","VEH_004","motorcycle","UNK","UNK","UNK","UNK","0.00","UNK","2026-09-22 04:22:39.676264","2026-09-22 04:22:39.676264"
"S25U","INFER_S25U_VEH_ROOF_20260921_180355.mp4",740,"2026-09-21 18:04:07.384156","VEH_005","motorcycle","UNK","UNK","UNK","black","0.00","UNK","2026-09-22 04:22:39.676264","2026-09-22 04:22:39.676264"
"S25U","INFER_S25U_VEH_ROOF_20260921_180355.mp4",740,"2026-09-21 18:04:07.384156","VEH_006","motorcycle","UNK","UNK","UNK","gray","0.00","UNK","2026-09-22 04:22:39.676264","2026-09-22 04:22:39.676264"
"S25U","INFER_S25U_VEH_ROOF_20260921_180355.mp4",740,"2026-09-21 18:04:07.384156","VEH_007","motorcycle","UNK","UNK","UNK","gray","0.00","UNK","2026-09-22 04:22:39.676264","2026-09-22 04:22:39.676264"
"S25U","INFER_S25U_VEH_ROOF_20260921_180355.mp4",740,"2026-09-21 18:04:07.384156","VEH_008","motorcycle","UNK","UNK","UNK","gray","0.00","UNK","2026-09-22 04:22:39.676264","2026-09-22 04:22:39.676264"
"S25U","INFER_S25U_VEH_ROOF_20260921_180355.mp4",740,"2026-09-21 18:04:07.384156","VEH_009","motorcycle","UNK","UNK","UNK","black","0.00","UNK","2026-09-22 04:22:39.676264","2026-09-22 04:22:39.676264"
"S25U","INFER_S25U_VEH_ROOF_20260921_180355.mp4",740,"2026-09-21 18:04:07.384156","VEH_010","motorcycle","UNK","UNK","UNK","gray","0.00","UNK","2026-09-22 04:22:39.676264","2026-09-22 04:22:39.676264"
"S25U","INFER_S25U_VEH_ROOF_20260921_180355.mp4",740,"2026-09-21 18:04:07.384156","VEH_011","motorcycle","UNK","UNK","UNK","gray","0.00","UNK","2026-09-22 04:22:39.676264","2026-09-22 04:22:39.676264"
"S25U","INFER_S25U_VEH_ROOF_20260921_180355.mp4",740,"2026-09-21 18:04:07.384156","VEH_012","motorcycle","UNK","UNK","UNK","gray","0.00","UNK","2026-09-22 04:22:39.676264","2026-09-22 04:22:39.676264"
"S25U","INFER_S25U_VEH_ROOF_20260921_180355.mp4",740,"2026-09-21 18:04:07.384156","VEH_013","motorcycle","UNK","UNK","UNK","gray","0.00","UNK","2026-09-22 04:22:39.676264","2026-09-22 04:22:39.676264"
"S25U","INFER_S25U_VEH_ROOF_20260921_180355.mp4",740,"2026-09-21 18:04:07.384156","VEH_014","motorcycle","UNK","UNK","UNK","gray","0.00","UNK","2026-09-22 04:22:39.676264","2026-09-22 04:22:39.676264"
"S25U","INFER_S25U_VEH_ROOF_20260921_180355.mp4",740,"2026-09-21 18:04:07.384156","VEH_015","motorcycle","UNK","UNK","UNK","gray","0.00","UNK","2026-09-22 04:22:39.676264","2026-09-22 04:22:39.676264"
"S25U","INFER_S25U_VEH_ROOF_20260921_180355.mp4",740,"2026-09-21 18:04:07.384156","VEH_016","motorcycle","UNK","UNK","UNK","black","0.00","UNK","2026-09-22 04:22:39.676264","2026-09-22 04:22:39.676264"
"S25U","INFER_S25U_VEH_ROOF_20260921_180355.mp4",740,"2026-09-21 18:04:07.384156","VEH_017","motorcycle","UNK","UNK","UNK","black","0.00","UNK","2026-09-22 04:22:39.676264","2026-09-22 04:22:39.676264"
"S25U","INFER_S25U_VEH_ROOF_20260921_180355.mp4",740,"2026-09-21 18:04:07.384156","VEH_018","motorcycle","UNK","UNK","UNK","UNK","0.00","UNK","2026-09-22 04:22:39.676264","2026-09-22 04:22:39.676264"
"S25U","INFER_S25U_VEH_ROOF_20260921_180355.mp4",740,"2026-09-21 18:04:07.384156","VEH_019","motorcycle","UNK","UNK","UNK","black","0.00","UNK","2026-09-22 04:22:39.676264","2026-09-22 04:22:39.676264"
"S25U","INFER_S25U_VEH_ROOF_20260921_180355.mp4",740,"2026-09-21 18:04:07.384156","VEH_020","motorcycle","UNK","UNK","UNK","gray","0.00","UNK","2026-09-22 04:22:39.676264","2026-09-22 04:22:39.676264"
"S25U","INFER_S25U_VEH_ROOF_20260921_180355.mp4",740,"2026-09-21 18:04:07.384156","VEH_021","motorcycle","UNK","UNK","UNK","gray","0.00","UNK","2026-09-22 04:22:39.676264","2026-09-22 04:22:39.676264"
"S25U","INFER_S25U_VEH_ROOF_20260921_180355.mp4",740,"2026-09-21 18:04:07.384156","VEH_022","motorcycle","UNK","UNK","UNK","gray","0.00","UNK","2026-09-22 04:22:39.676264","2026-09-22 04:22:39.676264"
"S25U","INFER_S25U_VEH_ROOF_20260921_180355.mp4",740,"2026-09-21 18:04:07.384156","VEH_023","motorcycle","UNK","UNK","UNK","gray","0.00","UNK","2026-09-22 04:22:39.676264","2026-09-22 04:22:39.676264"
"S25U","INFER_S25U_VEH_ROOF_20260921_180355.mp4",740,"2026-09-21 18:04:07.384156","VEH_024","motorcycle","UNK","UNK","UNK","gray","0.00","UNK","2026-09-22 04:22:39.676264","2026-09-22 04:22:39.676264"
"S25U","INFER_S25U_VEH_ROOF_20260921_180355.mp4",740,"2026-09-21 18:04:07.384156","VEH_025","motorcycle","UNK","UNK","UNK","gray","0.00","UNK","2026-09-22 04:22:39.676264","2026-09-22 04:22:39.676264"
"S25U","INFER_S25U_VEH_ROOF_20260921_180355.mp4",740,"2026-09-21 18:04:07.384156","VEH_026","motorcycle","UNK","UNK","UNK","gray","0.00","UNK","2026-09-22 04:22:39.676264","2026-09-22 04:22:39.676264"
"S25U","INFER_S25U_VEH_ROOF_20260921_180355.mp4",740,"2026-09-21 18:04:07.384156","VEH_027","motorcycle","UNK","UNK","UNK","gray","0.00","UNK","2026-09-22 04:22:39.676264","2026-09-22 04:22:39.676264"
"S25U","INFER_S25U_VEH_ROOF_20260921_180355.mp4",740,"2026-09-21 18:04:07.384156","VEH_028","motorcycle","UNK","UNK","UNK","gray","0.00","UNK","2026-09-22 04:22:39.676264","2026-09-22 04:22:39.676264"
"S25U","INFER_S25U_VEH_ROOF_20260921_180355.mp4",740,"2026-09-21 18:04:07.384156","VEH_029","motorcycle","UNK","UNK","UNK","black","0.00","UNK","2026-09-22 04:22:39.676264","2026-09-22 04:22:39.676264"
"S25U","INFER_S25U_VEH_ROOF_20260921_180355.mp4",740,"2026-09-21 18:04:07.384156","VEH_030","motorcycle","UNK","UNK","UNK","UNK","0.00","UNK","2026-09-22 04:22:39.676264","2026-09-22 04:22:39.676264"
"S25U","INFER_S25U_VEH_ROOF_20260921_180355.mp4",740,"2026-09-21 18:04:07.384156","VEH_031","motorcycle","UNK","UNK","UNK","UNK","0.00","UNK","2026-09-22 04:22:39.676264","2026-09-22 04:22:39.676264"
"S25U","INFER_S25U_VEH_ROOF_20260921_180355.mp4",740,"2026-09-21 18:04:07.384156","VEH_032","motorcycle","UNK","UNK","UNK","gray","0.00","UNK","2026-09-22 04:22:39.676264","2026-09-22 04:22:39.676264"
"S25U","INFER_S25U_VEH_ROOF_20260921_180355.mp4",740,"2026-09-21 18:04:07.384156","VEH_033","motorcycle","UNK","UNK","UNK","gray","0.00","UNK","2026-09-22 04:22:39.676264","2026-09-22 04:22:39.676264"
"S25U","INFER_S25U_VEH_ROOF_20260921_180355.mp4",740,"2026-09-21 18:04:07.384156","VEH_034","motorcycle","UNK","UNK","UNK","gray","0.00","UNK","2026-09-22 04:22:39.676264","2026-09-22 04:22:39.676264"
"S25U","INFER_S25U_VEH_ROOF_20260921_180355.mp4",740,"2026-09-21 18:04:07.384156","VEH_035","motorcycle","UNK","UNK","UNK","gray","0.00","UNK","2026-09-22 04:22:39.676264","2026-09-22 04:22:39.676264"
"S25U","INFER_S25U_VEH_ROOF_20260921_180355.mp4",740,"2026-09-21 18:04:07.384156","VEH_036","motorcycle","UNK","UNK","UNK","gray","0.00","UNK","2026-09-22 04:22:39.676264","2026-09-22 04:22:39.676264"
"S25U","INFER_S25U_VEH_ROOF_20260921_180355.mp4",740,"2026-09-21 18:04:07.384156","VEH_037","motorcycle","UNK","UNK","UNK","black","0.00","UNK","2026-09-22 04:22:39.676264","2026-09-22 04:22:39.676264"
"S25U","INFER_S25U_VEH_ROOF_20260921_180355.mp4",740,"2026-09-21 18:04:07.384156","VEH_038","motorcycle","UNK","UNK","UNK","black","0.00","UNK","2026-09-22 04:22:39.676264","2026-09-22 04:22:39.676264"
"S25U","INFER_S25U_VEH_ROOF_20260921_180355.mp4",740,"2026-09-21 18:04:07.384156","VEH_039","motorcycle","UNK","UNK","UNK","UNK","0.00","UNK","2026-09-22 04:22:39.676264","2026-09-22 04:22:39.676264"
"S25U","INFER_S25U_VEH_ROOF_20260921_180355.mp4",740,"2026-09-21 18:04:07.384156","VEH_040","motorcycle","UNK","UNK","UNK","UNK","0.00","UNK","2026-09-22 04:22:39.676264","2026-09-22 04:22:39.676264"
"S25U","INFER_S25U_VEH_ROOF_20260921_180355.mp4",740,"2026-09-21 18:04:07.384156","VEH_041","motorcycle","UNK","UNK","UNK","black","0.00","UNK","2026-09-22 04:22:39.676264","2026-09-22 04:22:39.676264"
"S25U","INFER_S25U_VEH_ROOF_20260921_180355.mp4",740,"2026-09-21 18:04:07.384156","VEH_042","motorcycle","UNK","UNK","UNK","gray","0.00","UNK","2026-09-22 04:22:39.676264","2026-09-22 04:22:39.676264"
"S25U","INFER_S25U_VEH_ROOF_20260921_180355.mp4",740,"2026-09-21 18:04:07.384156","VEH_043","motorcycle","UNK","UNK","UNK","gray","0.00","UNK","2026-09-22 04:22:39.676264","2026-09-22 04:22:39.676264"
"S25U","INFER_S25U_VEH_ROOF_20260921_180355.mp4",740,"2026-09-21 18:04:07.384156","VEH_044","motorcycle","UNK","UNK","UNK","gray","0.00","UNK","2026-09-22 04:22:39.676264","2026-09-22 04:22:39.676264"
"S25U","INFER_S25U_VEH_ROOF_20260921_180355.mp4",740,"2026-09-21 18:04:07.384156","VEH_045","motorcycle","UNK","UNK","UNK","black","0.00","UNK","2026-09-22 04:22:39.676264","2026-09-22 04:22:39.676264"
"S25U","INFER_S25U_VEH_ROOF_20260921_180355.mp4",740,"2026-09-21 18:04:07.384156","VEH_046","motorcycle","UNK","UNK","UNK","black","0.00","UNK","2026-09-22 04:22:39.676264","2026-09-22 04:22:39.676264"
"S25U","INFER_S25U_VEH_ROOF_20260921_180355.mp4",740,"2026-09-21 18:04:07.384156","VEH_047","motorcycle","UNK","UNK","UNK","UNK","0.00","UNK","2026-09-22 04:22:39.676264","2026-09-22 04:22:39.676264"
"S25U","INFER_S25U_VEH_ROOF_20260921_180355.mp4",740,"2026-09-21 18:04:07.384156","VEH_048","motorcycle","UNK","UNK","UNK","black","0.00","UNK","2026-09-22 04:22:39.676264","2026-09-22 04:22:39.676264"
"S25U","INFER_S25U_VEH_ROOF_20260921_180355.mp4",740,"2026-09-21 18:04:07.384156","VEH_049","motorcycle","UNK","UNK","UNK","gray","0.00","UNK","2026-09-22 04:22:39.676264","2026-09-22 04:22:39.676264"
"S25U","INFER_S25U_VEH_ROOF_20260921_180355.mp4",740,"2026-09-21 18:04:07.384156","VEH_050","motorcycle","UNK","UNK","UNK","black","0.00","UNK","2026-09-22 04:22:39.676264","2026-09-22 04:22:39.676264"
"S25U","INFER_S25U_VEH_ROOF_20260921_180355.mp4",740,"2026-09-21 18:04:07.384156","VEH_051","motorcycle","UNK","UNK","UNK","black","0.00","UNK","2026-09-22 04:22:39.676264","2026-09-22 04:22:39.676264"
"S25U","INFER_S25U_VEH_ROOF_20260921_180355.mp4",740,"2026-09-21 18:04:07.384156","VEH_052","motorcycle","UNK","UNK","UNK","black","0.00","UNK","2026-09-22 04:22:39.676264","2026-09-22 04:22:39.676264"
"S25U","INFER_S25U_VEH_ROOF_20260921_180355.mp4",740,"2026-09-21 18:04:07.384156","VEH_053","bus","UNK","UNK","UNK","black","0.00","UNK","2026-09-22 04:22:39.676264","2026-09-22 04:22:39.676264"
"S25U","INFER_S25U_VEH_ROOF_20260921_180355.mp4",740,"2026-09-21 18:04:07.384156","VEH_054","motorcycle","UNK","UNK","UNK","black","0.00","UNK","2026-09-22 04:22:39.676264","2026-09-22 04:22:39.676264"
"S25U","INFER_S25U_VEH_ROOF_20260921_180355.mp4",740,"2026-09-21 18:04:07.384156","VEH_055","motorcycle","UNK","UNK","UNK","gray","0.00","UNK","2026-09-22 04:22:39.676264","2026-09-22 04:22:39.676264"
"S25U","INFER_S25U_VEH_ROOF_20260921_180355.mp4",740,"2026-09-21 18:04:07.384156","VEH_056","motorcycle","UNK","UNK","UNK","black","0.00","UNK","2026-09-22 04:22:39.676264","2026-09-22 04:22:39.676264"
"S25U","INFER_S25U_VEH_ROOF_20260921_180355.mp4",750,"2026-09-21 18:04:07.551509","VEH_001","motorcycle","UNK","UNK","UNK","black","0.00","UNK","2026-09-22 04:22:42.179933","2026-09-22 04:22:42.179933"
"S25U","INFER_S25U_VEH_ROOF_20260921_180355.mp4",750,"2026-09-21 18:04:07.551509","VEH_002","motorcycle","UNK","UNK","UNK","black","0.00","UNK","2026-09-22 04:22:42.179933","2026-09-22 04:22:42.179933"
"S25U","INFER_S25U_VEH_ROOF_20260921_180355.mp4",750,"2026-09-21 18:04:07.551509","VEH_003","motorcycle","UNK","UNK","UNK","gray","0.00","UNK","2026-09-22 04:22:42.179933","2026-09-22 04:22:42.179933"
"S25U","INFER_S25U_VEH_ROOF_20260921_180355.mp4",750,"2026-09-21 18:04:07.551509","VEH_004","motorcycle","UNK","UNK","UNK","gray","0.00","UNK","2026-09-22 04:22:42.179933","2026-09-22 04:22:42.179933"
"S25U","INFER_S25U_VEH_ROOF_20260921_180355.mp4",750,"2026-09-21 18:04:07.551509","VEH_005","motorcycle","UNK","UNK","UNK","gray","0.00","UNK","2026-09-22 04:22:42.179933","2026-09-22 04:22:42.179933"
"S25U","INFER_S25U_VEH_ROOF_20260921_180355.mp4",750,"2026-09-21 18:04:07.551509","VEH_006","motorcycle","UNK","UNK","UNK","black","0.00","UNK","2026-09-22 04:22:42.179933","2026-09-22 04:22:42.179933"
"S25U","INFER_S25U_VEH_ROOF_20260921_180355.mp4",750,"2026-09-21 18:04:07.551509","VEH_007","motorcycle","UNK","UNK","UNK","gray","0.00","UNK","2026-09-22 04:22:42.179933","2026-09-22 04:22:42.179933"
"S25U","INFER_S25U_VEH_ROOF_20260921_180355.mp4",750,"2026-09-21 18:04:07.551509","VEH_008","motorcycle","UNK","UNK","UNK","gray","0.00","UNK","2026-09-22 04:22:42.179933","2026-09-22 04:22:42.179933"
"S25U","INFER_S25U_VEH_ROOF_20260921_180355.mp4",750,"2026-09-21 18:04:07.551509","VEH_009","motorcycle","UNK","UNK","UNK","black","0.00","UNK","2026-09-22 04:22:42.179933","2026-09-22 04:22:42.179933"
"S25U","INFER_S25U_VEH_ROOF_20260921_180355.mp4",750,"2026-09-21 18:04:07.551509","VEH_010","motorcycle","UNK","UNK","UNK","black","0.00","UNK","2026-09-22 04:22:42.179933","2026-09-22 04:22:42.179933"
"S25U","INFER_S25U_VEH_ROOF_20260921_180355.mp4",750,"2026-09-21 18:04:07.551509","VEH_011","motorcycle","UNK","UNK","UNK","UNK","0.00","UNK","2026-09-22 04:22:42.179933","2026-09-22 04:22:42.179933"
"S25U","INFER_S25U_VEH_ROOF_20260921_180355.mp4",750,"2026-09-21 18:04:07.551509","VEH_012","motorcycle","UNK","UNK","UNK","gray","0.00","UNK","2026-09-22 04:22:42.179933","2026-09-22 04:22:42.179933"
"S25U","INFER_S25U_VEH_ROOF_20260921_180355.mp4",750,"2026-09-21 18:04:07.551509","VEH_013","motorcycle","UNK","UNK","UNK","gray","0.00","UNK","2026-09-22 04:22:42.179933","2026-09-22 04:22:42.179933"
"S25U","INFER_S25U_VEH_ROOF_20260921_180355.mp4",750,"2026-09-21 18:04:07.551509","VEH_014","motorcycle","UNK","UNK","UNK","gray","0.00","UNK","2026-09-22 04:22:42.179933","2026-09-22 04:22:42.179933"
"S25U","INFER_S25U_VEH_ROOF_20260921_180355.mp4",750,"2026-09-21 18:04:07.551509","VEH_015","motorcycle","UNK","UNK","UNK","gray","0.00","UNK","2026-09-22 04:22:42.179933","2026-09-22 04:22:42.179933"
"S25U","INFER_S25U_VEH_ROOF_20260921_180355.mp4",750,"2026-09-21 18:04:07.551509","VEH_016","motorcycle","UNK","UNK","UNK","gray","0.00","UNK","2026-09-22 04:22:42.179933","2026-09-22 04:22:42.179933"
"S25U","INFER_S25U_VEH_ROOF_20260921_180355.mp4",750,"2026-09-21 18:04:07.551509","VEH_017","motorcycle","UNK","UNK","UNK","gray","0.00","UNK","2026-09-22 04:22:42.179933","2026-09-22 04:22:42.179933"
"S25U","INFER_S25U_VEH_ROOF_20260921_180355.mp4",750,"2026-09-21 18:04:07.551509","VEH_018","motorcycle","UNK","UNK","UNK","gray","0.00","UNK","2026-09-22 04:22:42.179933","2026-09-22 04:22:42.179933"
"S25U","INFER_S25U_VEH_ROOF_20260921_180355.mp4",750,"2026-09-21 18:04:07.551509","VEH_019","motorcycle","UNK","UNK","UNK","black","0.00","UNK","2026-09-22 04:22:42.179933","2026-09-22 04:22:42.179933"
"S25U","INFER_S25U_VEH_ROOF_20260921_180355.mp4",750,"2026-09-21 18:04:07.551509","VEH_020","motorcycle","UNK","UNK","UNK","gray","0.00","UNK","2026-09-22 04:22:42.179933","2026-09-22 04:22:42.179933"
"S25U","INFER_S25U_VEH_ROOF_20260921_180355.mp4",750,"2026-09-21 18:04:07.551509","VEH_021","motorcycle","UNK","UNK","UNK","black","0.00","UNK","2026-09-22 04:22:42.179933","2026-09-22 04:22:42.179933"
"S25U","INFER_S25U_VEH_ROOF_20260921_180355.mp4",750,"2026-09-21 18:04:07.551509","VEH_022","motorcycle","UNK","UNK","UNK","UNK","0.00","UNK","2026-09-22 04:22:42.179933","2026-09-22 04:22:42.179933"
"S25U","INFER_S25U_VEH_ROOF_20260921_180355.mp4",750,"2026-09-21 18:04:07.551509","VEH_023","motorcycle","UNK","UNK","UNK","gray","0.00","UNK","2026-09-22 04:22:42.179933","2026-09-22 04:22:42.179933"
"S25U","INFER_S25U_VEH_ROOF_20260921_180355.mp4",750,"2026-09-21 18:04:07.551509","VEH_024","motorcycle","UNK","UNK","UNK","gray","0.00","UNK","2026-09-22 04:22:42.179933","2026-09-22 04:22:42.179933"
"S25U","INFER_S25U_VEH_ROOF_20260921_180355.mp4",750,"2026-09-21 18:04:07.551509","VEH_025","motorcycle","UNK","UNK","UNK","gray","0.00","UNK","2026-09-22 04:22:42.179933","2026-09-22 04:22:42.179933"
"S25U","INFER_S25U_VEH_ROOF_20260921_180355.mp4",750,"2026-09-21 18:04:07.551509","VEH_026","motorcycle","UNK","UNK","UNK","gray","0.00","UNK","2026-09-22 04:22:42.179933","2026-09-22 04:22:42.179933"
"S25U","INFER_S25U_VEH_ROOF_20260921_180355.mp4",750,"2026-09-21 18:04:07.551509","VEH_027","motorcycle","UNK","UNK","UNK","gray","0.00","UNK","2026-09-22 04:22:42.179933","2026-09-22 04:22:42.179933"
"S25U","INFER_S25U_VEH_ROOF_20260921_180355.mp4",750,"2026-09-21 18:04:07.551509","VEH_028","motorcycle","UNK","UNK","UNK","gray","0.00","UNK","2026-09-22 04:22:42.179933","2026-09-22 04:22:42.179933"
"S25U","INFER_S25U_VEH_ROOF_20260921_180355.mp4",750,"2026-09-21 18:04:07.551509","VEH_029","motorcycle","UNK","UNK","UNK","gray","0.00","UNK","2026-09-22 04:22:42.179933","2026-09-22 04:22:42.179933"
"S25U","INFER_S25U_VEH_ROOF_20260921_180355.mp4",750,"2026-09-21 18:04:07.551509","VEH_030","motorcycle","UNK","UNK","UNK","black","0.00","UNK","2026-09-22 04:22:42.179933","2026-09-22 04:22:42.179933"
"S25U","INFER_S25U_VEH_ROOF_20260921_180355.mp4",750,"2026-09-21 18:04:07.551509","VEH_031","motorcycle","UNK","UNK","UNK","black","0.00","UNK","2026-09-22 04:22:42.179933","2026-09-22 04:22:42.179933"
"S25U","INFER_S25U_VEH_ROOF_20260921_180355.mp4",750,"2026-09-21 18:04:07.551509","VEH_032","motorcycle","UNK","UNK","UNK","UNK","0.00","UNK","2026-09-22 04:22:42.179933","2026-09-22 04:22:42.179933"
"S25U","INFER_S25U_VEH_ROOF_20260921_180355.mp4",750,"2026-09-21 18:04:07.551509","VEH_033","motorcycle","UNK","UNK","UNK","UNK","0.00","UNK","2026-09-22 04:22:42.179933","2026-09-22 04:22:42.179933"
"S25U","INFER_S25U_VEH_ROOF_20260921_180355.mp4",750,"2026-09-21 18:04:07.551509","VEH_034","motorcycle","UNK","UNK","UNK","UNK","0.00","UNK","2026-09-22 04:22:42.179933","2026-09-22 04:22:42.179933"
"S25U","INFER_S25U_VEH_ROOF_20260921_180355.mp4",750,"2026-09-21 18:04:07.551509","VEH_035","motorcycle","UNK","UNK","UNK","UNK","0.00","UNK","2026-09-22 04:22:42.179933","2026-09-22 04:22:42.179933"
"S25U","INFER_S25U_VEH_ROOF_20260921_180355.mp4",750,"2026-09-21 18:04:07.551509","VEH_036","motorcycle","UNK","UNK","UNK","gray","0.00","UNK","2026-09-22 04:22:42.179933","2026-09-22 04:22:42.179933"
"S25U","INFER_S25U_VEH_ROOF_20260921_180355.mp4",750,"2026-09-21 18:04:07.551509","VEH_037","motorcycle","UNK","UNK","UNK","gray","0.00","UNK","2026-09-22 04:22:42.179933","2026-09-22 04:22:42.179933"
"S25U","INFER_S25U_VEH_ROOF_20260921_180355.mp4",750,"2026-09-21 18:04:07.551509","VEH_038","motorcycle","UNK","UNK","UNK","gray","0.00","UNK","2026-09-22 04:22:42.179933","2026-09-22 04:22:42.179933"
"S25U","INFER_S25U_VEH_ROOF_20260921_180355.mp4",750,"2026-09-21 18:04:07.551509","VEH_039","motorcycle","UNK","UNK","UNK","black","0.00","UNK","2026-09-22 04:22:42.179933","2026-09-22 04:22:42.179933"
"S25U","INFER_S25U_VEH_ROOF_20260921_180355.mp4",750,"2026-09-21 18:04:07.551509","VEH_040","motorcycle","UNK","UNK","UNK","UNK","0.00","UNK","2026-09-22 04:22:42.179933","2026-09-22 04:22:42.179933"
"S25U","INFER_S25U_VEH_ROOF_20260921_180355.mp4",750,"2026-09-21 18:04:07.551509","VEH_041","motorcycle","UNK","UNK","UNK","UNK","0.00","UNK","2026-09-22 04:22:42.179933","2026-09-22 04:22:42.179933"
"S25U","INFER_S25U_VEH_ROOF_20260921_180355.mp4",750,"2026-09-21 18:04:07.551509","VEH_042","motorcycle","UNK","UNK","UNK","gray","0.00","UNK","2026-09-22 04:22:42.179933","2026-09-22 04:22:42.179933"
"S25U","INFER_S25U_VEH_ROOF_20260921_180355.mp4",750,"2026-09-21 18:04:07.551509","VEH_043","motorcycle","UNK","UNK","UNK","gray","0.00","UNK","2026-09-22 04:22:42.179933","2026-09-22 04:22:42.179933"
"S25U","INFER_S25U_VEH_ROOF_20260921_180355.mp4",750,"2026-09-21 18:04:07.551509","VEH_044","motorcycle","UNK","UNK","UNK","gray","0.00","UNK","2026-09-22 04:22:42.179933","2026-09-22 04:22:42.179933"
"S25U","INFER_S25U_VEH_ROOF_20260921_180355.mp4",750,"2026-09-21 18:04:07.551509","VEH_045","motorcycle","UNK","UNK","UNK","black","0.00","UNK","2026-09-22 04:22:42.179933","2026-09-22 04:22:42.179933"
"S25U","INFER_S25U_VEH_ROOF_20260921_180355.mp4",750,"2026-09-21 18:04:07.551509","VEH_046","motorcycle","UNK","UNK","UNK","UNK","0.00","UNK","2026-09-22 04:22:42.179933","2026-09-22 04:22:42.179933"
"S25U","INFER_S25U_VEH_ROOF_20260921_180355.mp4",750,"2026-09-21 18:04:07.551509","VEH_047","motorcycle","UNK","UNK","UNK","gray","0.00","UNK","2026-09-22 04:22:42.179933","2026-09-22 04:22:42.179933"
"S25U","INFER_S25U_VEH_ROOF_20260921_180355.mp4",750,"2026-09-21 18:04:07.551509","VEH_048","motorcycle","UNK","UNK","UNK","black","0.00","UNK","2026-09-22 04:22:42.179933","2026-09-22 04:22:42.179933"
"S25U","INFER_S25U_VEH_ROOF_20260921_180355.mp4",750,"2026-09-21 18:04:07.551509","VEH_049","motorcycle","UNK","UNK","UNK","black","0.00","UNK","2026-09-22 04:22:42.179933","2026-09-22 04:22:42.179933"
"S25U","INFER_S25U_VEH_ROOF_20260921_180355.mp4",750,"2026-09-21 18:04:07.551509","VEH_050","motorcycle","UNK","UNK","UNK","black","0.00","UNK","2026-09-22 04:22:42.179933","2026-09-22 04:22:42.179933"
"S25U","INFER_S25U_VEH_ROOF_20260921_180355.mp4",750,"2026-09-21 18:04:07.551509","VEH_051","motorcycle","UNK","UNK","UNK","black","0.00","UNK","2026-09-22 04:22:42.179933","2026-09-22 04:22:42.179933"
"S25U","INFER_S25U_VEH_ROOF_20260921_180355.mp4",750,"2026-09-21 18:04:07.551509","VEH_052","motorcycle","UNK","UNK","UNK","black","0.00","UNK","2026-09-22 04:22:42.179933","2026-09-22 04:22:42.179933"
"S25U","INFER_S25U_VEH_ROOF_20260921_180355.mp4",750,"2026-09-21 18:04:07.551509","VEH_053","motorcycle","UNK","UNK","UNK","black","0.00","UNK","2026-09-22 04:22:42.179933","2026-09-22 04:22:42.179933"
"S25U","INFER_S25U_VEH_ROOF_20260921_180355.mp4",760,"2026-09-21 18:04:07.718863","VEH_001","motorcycle","UNK","UNK","UNK","UNK","0.00","UNK","2026-09-22 04:22:45.096977","2026-09-22 04:22:45.096977"
"S25U","INFER_S25U_VEH_ROOF_20260921_180355.mp4",760,"2026-09-21 18:04:07.718863","VEH_002","motorcycle","UNK","UNK","UNK","gray","0.00","UNK","2026-09-22 04:22:45.096977","2026-09-22 04:22:45.096977"
"S25U","INFER_S25U_VEH_ROOF_20260921_180355.mp4",760,"2026-09-21 18:04:07.718863","VEH_003","motorcycle","UNK","UNK","UNK","black","0.00","UNK","2026-09-22 04:22:45.096977","2026-09-22 04:22:45.096977"
"S25U","INFER_S25U_VEH_ROOF_20260921_180355.mp4",760,"2026-09-21 18:04:07.718863","VEH_004","motorcycle","UNK","UNK","UNK","black","0.00","UNK","2026-09-22 04:22:45.096977","2026-09-22 04:22:45.096977"
"S25U","INFER_S25U_VEH_ROOF_20260921_180355.mp4",760,"2026-09-21 18:04:07.718863","VEH_005","motorcycle","UNK","UNK","UNK","black","0.00","UNK","2026-09-22 04:22:45.096977","2026-09-22 04:22:45.096977"
"S25U","INFER_S25U_VEH_ROOF_20260921_180355.mp4",760,"2026-09-21 18:04:07.718863","VEH_006","motorcycle","UNK","UNK","UNK","gray","0.00","UNK","2026-09-22 04:22:45.096977","2026-09-22 04:22:45.096977"
"S25U","INFER_S25U_VEH_ROOF_20260921_180355.mp4",760,"2026-09-21 18:04:07.718863","VEH_007","motorcycle","UNK","UNK","UNK","gray","0.00","UNK","2026-09-22 04:22:45.096977","2026-09-22 04:22:45.096977"
"S25U","INFER_S25U_VEH_ROOF_20260921_180355.mp4",760,"2026-09-21 18:04:07.718863","VEH_008","motorcycle","UNK","UNK","UNK","gray","0.00","UNK","2026-09-22 04:22:45.096977","2026-09-22 04:22:45.096977"
"S25U","INFER_S25U_VEH_ROOF_20260921_180355.mp4",760,"2026-09-21 18:04:07.718863","VEH_009","motorcycle","UNK","UNK","UNK","black","0.00","UNK","2026-09-22 04:22:45.096977","2026-09-22 04:22:45.096977"
"S25U","INFER_S25U_VEH_ROOF_20260921_180355.mp4",760,"2026-09-21 18:04:07.718863","VEH_010","motorcycle","UNK","UNK","UNK","gray","0.00","UNK","2026-09-22 04:22:45.096977","2026-09-22 04:22:45.096977"
"S25U","INFER_S25U_VEH_ROOF_20260921_180355.mp4",760,"2026-09-21 18:04:07.718863","VEH_011","motorcycle","UNK","UNK","UNK","gray","0.00","UNK","2026-09-22 04:22:45.096977","2026-09-22 04:22:45.096977"
"S25U","INFER_S25U_VEH_ROOF_20260921_180355.mp4",760,"2026-09-21 18:04:07.718863","VEH_012","motorcycle","UNK","UNK","UNK","gray","0.00","UNK","2026-09-22 04:22:45.096977","2026-09-22 04:22:45.096977"
"S25U","INFER_S25U_VEH_ROOF_20260921_180355.mp4",760,"2026-09-21 18:04:07.718863","VEH_013","motorcycle","UNK","UNK","UNK","black","0.00","UNK","2026-09-22 04:22:45.096977","2026-09-22 04:22:45.096977"
"S25U","INFER_S25U_VEH_ROOF_20260921_180355.mp4",760,"2026-09-21 18:04:07.718863","VEH_014","motorcycle","UNK","UNK","UNK","gray","0.00","UNK","2026-09-22 04:22:45.096977","2026-09-22 04:22:45.096977"
"S25U","INFER_S25U_VEH_ROOF_20260921_180355.mp4",760,"2026-09-21 18:04:07.718863","VEH_015","motorcycle","UNK","UNK","UNK","gray","0.00","UNK","2026-09-22 04:22:45.096977","2026-09-22 04:22:45.096977"
"S25U","INFER_S25U_VEH_ROOF_20260921_180355.mp4",760,"2026-09-21 18:04:07.718863","VEH_016","motorcycle","UNK","UNK","UNK","gray","0.00","UNK","2026-09-22 04:22:45.096977","2026-09-22 04:22:45.096977"
"S25U","INFER_S25U_VEH_ROOF_20260921_180355.mp4",760,"2026-09-21 18:04:07.718863","VEH_017","motorcycle","UNK","UNK","UNK","gray","0.00","UNK","2026-09-22 04:22:45.096977","2026-09-22 04:22:45.096977"
"S25U","INFER_S25U_VEH_ROOF_20260921_180355.mp4",760,"2026-09-21 18:04:07.718863","VEH_018","motorcycle","UNK","UNK","UNK","gray","0.00","UNK","2026-09-22 04:22:45.096977","2026-09-22 04:22:45.096977"
"S25U","INFER_S25U_VEH_ROOF_20260921_180355.mp4",760,"2026-09-21 18:04:07.718863","VEH_019","motorcycle","UNK","UNK","UNK","black","0.00","UNK","2026-09-22 04:22:45.096977","2026-09-22 04:22:45.096977"
"S25U","INFER_S25U_VEH_ROOF_20260921_180355.mp4",760,"2026-09-21 18:04:07.718863","VEH_020","motorcycle","UNK","UNK","UNK","gray","0.00","UNK","2026-09-22 04:22:45.096977","2026-09-22 04:22:45.096977"
"S25U","INFER_S25U_VEH_ROOF_20260921_180355.mp4",760,"2026-09-21 18:04:07.718863","VEH_021","motorcycle","UNK","UNK","UNK","gray","0.00","UNK","2026-09-22 04:22:45.096977","2026-09-22 04:22:45.096977"
"S25U","INFER_S25U_VEH_ROOF_20260921_180355.mp4",760,"2026-09-21 18:04:07.718863","VEH_022","motorcycle","UNK","UNK","UNK","black","0.00","UNK","2026-09-22 04:22:45.096977","2026-09-22 04:22:45.096977"
"S25U","INFER_S25U_VEH_ROOF_20260921_180355.mp4",760,"2026-09-21 18:04:07.718863","VEH_023","motorcycle","UNK","UNK","UNK","black","0.00","UNK","2026-09-22 04:22:45.096977","2026-09-22 04:22:45.096977"
"S25U","INFER_S25U_VEH_ROOF_20260921_180355.mp4",760,"2026-09-21 18:04:07.718863","VEH_024","motorcycle","UNK","UNK","UNK","UNK","0.00","UNK","2026-09-22 04:22:45.096977","2026-09-22 04:22:45.096977"
"S25U","INFER_S25U_VEH_ROOF_20260921_180355.mp4",760,"2026-09-21 18:04:07.718863","VEH_025","motorcycle","UNK","UNK","UNK","gray","0.00","UNK","2026-09-22 04:22:45.096977","2026-09-22 04:22:45.096977"
"S25U","INFER_S25U_VEH_ROOF_20260921_180355.mp4",760,"2026-09-21 18:04:07.718863","VEH_026","motorcycle","UNK","UNK","UNK","gray","0.00","UNK","2026-09-22 04:22:45.096977","2026-09-22 04:22:45.096977"
"S25U","INFER_S25U_VEH_ROOF_20260921_180355.mp4",760,"2026-09-21 18:04:07.718863","VEH_027","motorcycle","UNK","UNK","UNK","gray","0.00","UNK","2026-09-22 04:22:45.096977","2026-09-22 04:22:45.096977"
"S25U","INFER_S25U_VEH_ROOF_20260921_180355.mp4",760,"2026-09-21 18:04:07.718863","VEH_028","motorcycle","UNK","UNK","UNK","gray","0.00","UNK","2026-09-22 04:22:45.096977","2026-09-22 04:22:45.096977"
"S25U","INFER_S25U_VEH_ROOF_20260921_180355.mp4",760,"2026-09-21 18:04:07.718863","VEH_029","motorcycle","UNK","UNK","UNK","gray","0.00","UNK","2026-09-22 04:22:45.096977","2026-09-22 04:22:45.096977"
"S25U","INFER_S25U_VEH_ROOF_20260921_180355.mp4",760,"2026-09-21 18:04:07.718863","VEH_030","motorcycle","UNK","UNK","UNK","gray","0.00","UNK","2026-09-22 04:22:45.096977","2026-09-22 04:22:45.096977"
"S25U","INFER_S25U_VEH_ROOF_20260921_180355.mp4",760,"2026-09-21 18:04:07.718863","VEH_031","motorcycle","UNK","UNK","UNK","gray","0.00","UNK","2026-09-22 04:22:45.096977","2026-09-22 04:22:45.096977"
"S25U","INFER_S25U_VEH_ROOF_20260921_180355.mp4",760,"2026-09-21 18:04:07.718863","VEH_032","motorcycle","UNK","UNK","UNK","black","0.00","UNK","2026-09-22 04:22:45.096977","2026-09-22 04:22:45.096977"
"S25U","INFER_S25U_VEH_ROOF_20260921_180355.mp4",760,"2026-09-21 18:04:07.718863","VEH_033","motorcycle","UNK","UNK","UNK","black","0.00","UNK","2026-09-22 04:22:45.096977","2026-09-22 04:22:45.096977"
"S25U","INFER_S25U_VEH_ROOF_20260921_180355.mp4",760,"2026-09-21 18:04:07.718863","VEH_034","motorcycle","UNK","UNK","UNK","UNK","0.00","UNK","2026-09-22 04:22:45.096977","2026-09-22 04:22:45.096977"
"S25U","INFER_S25U_VEH_ROOF_20260921_180355.mp4",760,"2026-09-21 18:04:07.718863","VEH_035","motorcycle","UNK","UNK","UNK","UNK","0.00","UNK","2026-09-22 04:22:45.096977","2026-09-22 04:22:45.096977"
"S25U","INFER_S25U_VEH_ROOF_20260921_180355.mp4",760,"2026-09-21 18:04:07.718863","VEH_036","motorcycle","UNK","UNK","UNK","gray","0.00","UNK","2026-09-22 04:22:45.096977","2026-09-22 04:22:45.096977"
"S25U","INFER_S25U_VEH_ROOF_20260921_180355.mp4",760,"2026-09-21 18:04:07.718863","VEH_037","motorcycle","UNK","UNK","UNK","gray","0.00","UNK","2026-09-22 04:22:45.096977","2026-09-22 04:22:45.096977"
"S25U","INFER_S25U_VEH_ROOF_20260921_180355.mp4",760,"2026-09-21 18:04:07.718863","VEH_038","motorcycle","UNK","UNK","UNK","black","0.00","UNK","2026-09-22 04:22:45.096977","2026-09-22 04:22:45.096977"
"S25U","INFER_S25U_VEH_ROOF_20260921_180355.mp4",760,"2026-09-21 18:04:07.718863","VEH_039","motorcycle","UNK","UNK","UNK","UNK","0.00","UNK","2026-09-22 04:22:45.096977","2026-09-22 04:22:45.096977"
"S25U","INFER_S25U_VEH_ROOF_20260921_180355.mp4",760,"2026-09-21 18:04:07.718863","VEH_040","motorcycle","UNK","UNK","UNK","gray","0.00","UNK","2026-09-22 04:22:45.096977","2026-09-22 04:22:45.096977"
"S25U","INFER_S25U_VEH_ROOF_20260921_180355.mp4",760,"2026-09-21 18:04:07.718863","VEH_041","motorcycle","UNK","UNK","UNK","gray","0.00","UNK","2026-09-22 04:22:45.096977","2026-09-22 04:22:45.096977"
"S25U","INFER_S25U_VEH_ROOF_20260921_180355.mp4",760,"2026-09-21 18:04:07.718863","VEH_042","motorcycle","UNK","UNK","UNK","gray","0.00","UNK","2026-09-22 04:22:45.096977","2026-09-22 04:22:45.096977"
"S25U","INFER_S25U_VEH_ROOF_20260921_180355.mp4",760,"2026-09-21 18:04:07.718863","VEH_043","motorcycle","UNK","UNK","UNK","gray","0.00","UNK","2026-09-22 04:22:45.096977","2026-09-22 04:22:45.096977"
"S25U","INFER_S25U_VEH_ROOF_20260921_180355.mp4",760,"2026-09-21 18:04:07.718863","VEH_044","motorcycle","UNK","UNK","UNK","black","0.00","UNK","2026-09-22 04:22:45.096977","2026-09-22 04:22:45.096977"
"S25U","INFER_S25U_VEH_ROOF_20260921_180355.mp4",760,"2026-09-21 18:04:07.718863","VEH_045","motorcycle","UNK","UNK","UNK","black","0.00","UNK","2026-09-22 04:22:45.096977","2026-09-22 04:22:45.096977"
"S25U","INFER_S25U_VEH_ROOF_20260921_180355.mp4",760,"2026-09-21 18:04:07.718863","VEH_046","motorcycle","UNK","UNK","UNK","UNK","0.00","UNK","2026-09-22 04:22:45.096977","2026-09-22 04:22:45.096977"
"S25U","INFER_S25U_VEH_ROOF_20260921_180355.mp4",760,"2026-09-21 18:04:07.718863","VEH_047","motorcycle","UNK","UNK","UNK","gray","0.00","UNK","2026-09-22 04:22:45.096977","2026-09-22 04:22:45.096977"
"S25U","INFER_S25U_VEH_ROOF_20260921_180355.mp4",760,"2026-09-21 18:04:07.718863","VEH_048","motorcycle","UNK","UNK","UNK","black","0.00","UNK","2026-09-22 04:22:45.096977","2026-09-22 04:22:45.096977"
"S25U","INFER_S25U_VEH_ROOF_20260921_180355.mp4",760,"2026-09-21 18:04:07.718863","VEH_049","motorcycle","UNK","UNK","UNK","gray","0.00","UNK","2026-09-22 04:22:45.096977","2026-09-22 04:22:45.096977"
"S25U","INFER_S25U_VEH_ROOF_20260921_180355.mp4",760,"2026-09-21 18:04:07.718863","VEH_050","motorcycle","UNK","UNK","UNK","black","0.00","UNK","2026-09-22 04:22:45.096977","2026-09-22 04:22:45.096977"
"S25U","INFER_S25U_VEH_ROOF_20260921_180355.mp4",760,"2026-09-21 18:04:07.718863","VEH_051","motorcycle","UNK","UNK","UNK","gray","0.00","UNK","2026-09-22 04:22:45.096977","2026-09-22 04:22:45.096977"
"S25U","INFER_S25U_VEH_ROOF_20260921_180355.mp4",760,"2026-09-21 18:04:07.718863","VEH_052","motorcycle","UNK","UNK","UNK","gray","0.00","UNK","2026-09-22 04:22:45.096977","2026-09-22 04:22:45.096977"
"S25U","INFER_S25U_VEH_ROOF_20260921_180355.mp4",760,"2026-09-21 18:04:07.718863","VEH_053","motorcycle","UNK","UNK","UNK","black","0.00","UNK","2026-09-22 04:22:45.096977","2026-09-22 04:22:45.096977"
"S25U","INFER_S25U_VEH_ROOF_20260921_180355.mp4",760,"2026-09-21 18:04:07.718863","VEH_054","motorcycle","UNK","UNK","UNK","black","0.00","UNK","2026-09-22 04:22:45.096977","2026-09-22 04:22:45.096977"
"S25U","INFER_S25U_VEH_ROOF_20260921_180355.mp4",760,"2026-09-21 18:04:07.718863","VEH_055","motorcycle","UNK","UNK","UNK","black","0.00","UNK","2026-09-22 04:22:45.096977","2026-09-22 04:22:45.096977"
"S25U","INFER_S25U_VEH_ROOF_20260921_180355.mp4",760,"2026-09-21 18:04:07.718863","VEH_056","motorcycle","UNK","UNK","UNK","black","0.00","UNK","2026-09-22 04:22:45.096977","2026-09-22 04:22:45.096977"
"S25U","INFER_S25U_VEH_ROOF_20260921_180355.mp4",760,"2026-09-21 18:04:07.718863","VEH_057","bus","UNK","UNK","UNK","gray","0.00","UNK","2026-09-22 04:22:45.096977","2026-09-22 04:22:45.096977"
"S25U","INFER_S25U_VEH_ROOF_20260921_180355.mp4",770,"2026-09-21 18:04:07.886216","VEH_001","motorcycle","UNK","UNK","UNK","UNK","0.00","UNK","2026-09-22 04:22:48.183513","2026-09-22 04:22:48.183513"
"S25U","INFER_S25U_VEH_ROOF_20260921_180355.mp4",770,"2026-09-21 18:04:07.886216","VEH_002","motorcycle","UNK","UNK","UNK","gray","0.00","UNK","2026-09-22 04:22:48.183513","2026-09-22 04:22:48.183513"
"S25U","INFER_S25U_VEH_ROOF_20260921_180355.mp4",770,"2026-09-21 18:04:07.886216","VEH_003","motorcycle","UNK","UNK","UNK","gray","0.00","UNK","2026-09-22 04:22:48.183513","2026-09-22 04:22:48.183513"
"S25U","INFER_S25U_VEH_ROOF_20260921_180355.mp4",770,"2026-09-21 18:04:07.886216","VEH_004","motorcycle","UNK","UNK","UNK","gray","0.00","UNK","2026-09-22 04:22:48.183513","2026-09-22 04:22:48.183513"
"S25U","INFER_S25U_VEH_ROOF_20260921_180355.mp4",770,"2026-09-21 18:04:07.886216","VEH_005","motorcycle","UNK","UNK","UNK","black","0.00","UNK","2026-09-22 04:22:48.183513","2026-09-22 04:22:48.183513"
"S25U","INFER_S25U_VEH_ROOF_20260921_180355.mp4",770,"2026-09-21 18:04:07.886216","VEH_006","motorcycle","UNK","UNK","UNK","gray","0.00","UNK","2026-09-22 04:22:48.183513","2026-09-22 04:22:48.183513"
"S25U","INFER_S25U_VEH_ROOF_20260921_180355.mp4",770,"2026-09-21 18:04:07.886216","VEH_007","motorcycle","UNK","UNK","UNK","gray","0.00","UNK","2026-09-22 04:22:48.183513","2026-09-22 04:22:48.183513"
"S25U","INFER_S25U_VEH_ROOF_20260921_180355.mp4",770,"2026-09-21 18:04:07.886216","VEH_008","motorcycle","UNK","UNK","UNK","gray","0.00","UNK","2026-09-22 04:22:48.183513","2026-09-22 04:22:48.183513"
"S25U","INFER_S25U_VEH_ROOF_20260921_180355.mp4",770,"2026-09-21 18:04:07.886216","VEH_009","motorcycle","UNK","UNK","UNK","gray","0.00","UNK","2026-09-22 04:22:48.183513","2026-09-22 04:22:48.183513"
"S25U","INFER_S25U_VEH_ROOF_20260921_180355.mp4",770,"2026-09-21 18:04:07.886216","VEH_010","motorcycle","UNK","UNK","UNK","black","0.00","UNK","2026-09-22 04:22:48.183513","2026-09-22 04:22:48.183513"
"S25U","INFER_S25U_VEH_ROOF_20260921_180355.mp4",770,"2026-09-21 18:04:07.886216","VEH_011","motorcycle","UNK","UNK","UNK","black","0.00","UNK","2026-09-22 04:22:48.183513","2026-09-22 04:22:48.183513"
"S25U","INFER_S25U_VEH_ROOF_20260921_180355.mp4",770,"2026-09-21 18:04:07.886216","VEH_012","motorcycle","UNK","UNK","UNK","black","0.00","UNK","2026-09-22 04:22:48.183513","2026-09-22 04:22:48.183513"
"S25U","INFER_S25U_VEH_ROOF_20260921_180355.mp4",770,"2026-09-21 18:04:07.886216","VEH_013","motorcycle","UNK","UNK","UNK","gray","0.00","UNK","2026-09-22 04:22:48.183513","2026-09-22 04:22:48.183513"
"S25U","INFER_S25U_VEH_ROOF_20260921_180355.mp4",770,"2026-09-21 18:04:07.886216","VEH_014","motorcycle","UNK","UNK","UNK","black","0.00","UNK","2026-09-22 04:22:48.183513","2026-09-22 04:22:48.183513"
"S25U","INFER_S25U_VEH_ROOF_20260921_180355.mp4",770,"2026-09-21 18:04:07.886216","VEH_015","motorcycle","UNK","UNK","UNK","gray","0.00","UNK","2026-09-22 04:22:48.183513","2026-09-22 04:22:48.183513"
"S25U","INFER_S25U_VEH_ROOF_20260921_180355.mp4",770,"2026-09-21 18:04:07.886216","VEH_016","motorcycle","UNK","UNK","UNK","gray","0.00","UNK","2026-09-22 04:22:48.183513","2026-09-22 04:22:48.183513"
"S25U","INFER_S25U_VEH_ROOF_20260921_180355.mp4",770,"2026-09-21 18:04:07.886216","VEH_017","motorcycle","UNK","UNK","UNK","gray","0.00","UNK","2026-09-22 04:22:48.183513","2026-09-22 04:22:48.183513"
"S25U","INFER_S25U_VEH_ROOF_20260921_180355.mp4",770,"2026-09-21 18:04:07.886216","VEH_018","motorcycle","UNK","UNK","UNK","gray","0.00","UNK","2026-09-22 04:22:48.183513","2026-09-22 04:22:48.183513"
"S25U","INFER_S25U_VEH_ROOF_20260921_180355.mp4",770,"2026-09-21 18:04:07.886216","VEH_019","motorcycle","UNK","UNK","UNK","gray","0.00","UNK","2026-09-22 04:22:48.183513","2026-09-22 04:22:48.183513"
"S25U","INFER_S25U_VEH_ROOF_20260921_180355.mp4",770,"2026-09-21 18:04:07.886216","VEH_020","motorcycle","UNK","UNK","UNK","gray","0.00","UNK","2026-09-22 04:22:48.183513","2026-09-22 04:22:48.183513"
"S25U","INFER_S25U_VEH_ROOF_20260921_180355.mp4",770,"2026-09-21 18:04:07.886216","VEH_021","motorcycle","UNK","UNK","UNK","gray","0.00","UNK","2026-09-22 04:22:48.183513","2026-09-22 04:22:48.183513"
"S25U","INFER_S25U_VEH_ROOF_20260921_180355.mp4",770,"2026-09-21 18:04:07.886216","VEH_022","motorcycle","UNK","UNK","UNK","gray","0.00","UNK","2026-09-22 04:22:48.183513","2026-09-22 04:22:48.183513"
"S25U","INFER_S25U_VEH_ROOF_20260921_180355.mp4",770,"2026-09-21 18:04:07.886216","VEH_023","motorcycle","UNK","UNK","UNK","black","0.00","UNK","2026-09-22 04:22:48.183513","2026-09-22 04:22:48.183513"
"S25U","INFER_S25U_VEH_ROOF_20260921_180355.mp4",770,"2026-09-21 18:04:07.886216","VEH_024","motorcycle","UNK","UNK","UNK","black","0.00","UNK","2026-09-22 04:22:48.183513","2026-09-22 04:22:48.183513"
"S25U","INFER_S25U_VEH_ROOF_20260921_180355.mp4",770,"2026-09-21 18:04:07.886216","VEH_025","motorcycle","UNK","UNK","UNK","gray","0.00","UNK","2026-09-22 04:22:48.183513","2026-09-22 04:22:48.183513"
"S25U","INFER_S25U_VEH_ROOF_20260921_180355.mp4",770,"2026-09-21 18:04:07.886216","VEH_026","motorcycle","UNK","UNK","UNK","black","0.00","UNK","2026-09-22 04:22:48.183513","2026-09-22 04:22:48.183513"
"S25U","INFER_S25U_VEH_ROOF_20260921_180355.mp4",770,"2026-09-21 18:04:07.886216","VEH_027","motorcycle","UNK","UNK","UNK","UNK","0.00","UNK","2026-09-22 04:22:48.183513","2026-09-22 04:22:48.183513"
"S25U","INFER_S25U_VEH_ROOF_20260921_180355.mp4",770,"2026-09-21 18:04:07.886216","VEH_028","motorcycle","UNK","UNK","UNK","UNK","0.00","UNK","2026-09-22 04:22:48.183513","2026-09-22 04:22:48.183513"
"S25U","INFER_S25U_VEH_ROOF_20260921_180355.mp4",770,"2026-09-21 18:04:07.886216","VEH_029","motorcycle","UNK","UNK","UNK","gray","0.00","UNK","2026-09-22 04:22:48.183513","2026-09-22 04:22:48.183513"
"S25U","INFER_S25U_VEH_ROOF_20260921_180355.mp4",770,"2026-09-21 18:04:07.886216","VEH_030","motorcycle","UNK","UNK","UNK","gray","0.00","UNK","2026-09-22 04:22:48.183513","2026-09-22 04:22:48.183513"
"S25U","INFER_S25U_VEH_ROOF_20260921_180355.mp4",770,"2026-09-21 18:04:07.886216","VEH_031","motorcycle","UNK","UNK","UNK","gray","0.00","UNK","2026-09-22 04:22:48.183513","2026-09-22 04:22:48.183513"
"S25U","INFER_S25U_VEH_ROOF_20260921_180355.mp4",770,"2026-09-21 18:04:07.886216","VEH_032","motorcycle","UNK","UNK","UNK","gray","0.00","UNK","2026-09-22 04:22:48.183513","2026-09-22 04:22:48.183513"
"S25U","INFER_S25U_VEH_ROOF_20260921_180355.mp4",770,"2026-09-21 18:04:07.886216","VEH_033","motorcycle","UNK","UNK","UNK","gray","0.00","UNK","2026-09-22 04:22:48.183513","2026-09-22 04:22:48.183513"
"S25U","INFER_S25U_VEH_ROOF_20260921_180355.mp4",770,"2026-09-21 18:04:07.886216","VEH_034","motorcycle","UNK","UNK","UNK","gray","0.00","UNK","2026-09-22 04:22:48.183513","2026-09-22 04:22:48.183513"
"S25U","INFER_S25U_VEH_ROOF_20260921_180355.mp4",770,"2026-09-21 18:04:07.886216","VEH_035","motorcycle","UNK","UNK","UNK","gray","0.00","UNK","2026-09-22 04:22:48.183513","2026-09-22 04:22:48.183513"
"S25U","INFER_S25U_VEH_ROOF_20260921_180355.mp4",770,"2026-09-21 18:04:07.886216","VEH_036","motorcycle","UNK","UNK","UNK","gray","0.00","UNK","2026-09-22 04:22:48.183513","2026-09-22 04:22:48.183513"
"S25U","INFER_S25U_VEH_ROOF_20260921_180355.mp4",770,"2026-09-21 18:04:07.886216","VEH_037","motorcycle","UNK","UNK","UNK","black","0.00","UNK","2026-09-22 04:22:48.183513","2026-09-22 04:22:48.183513"
"S25U","INFER_S25U_VEH_ROOF_20260921_180355.mp4",770,"2026-09-21 18:04:07.886216","VEH_038","motorcycle","UNK","UNK","UNK","black","0.00","UNK","2026-09-22 04:22:48.183513","2026-09-22 04:22:48.183513"
"S25U","INFER_S25U_VEH_ROOF_20260921_180355.mp4",770,"2026-09-21 18:04:07.886216","VEH_039","motorcycle","UNK","UNK","UNK","UNK","0.00","UNK","2026-09-22 04:22:48.183513","2026-09-22 04:22:48.183513"
"S25U","INFER_S25U_VEH_ROOF_20260921_180355.mp4",770,"2026-09-21 18:04:07.886216","VEH_040","motorcycle","UNK","UNK","UNK","UNK","0.00","UNK","2026-09-22 04:22:48.183513","2026-09-22 04:22:48.183513"
"S25U","INFER_S25U_VEH_ROOF_20260921_180355.mp4",770,"2026-09-21 18:04:07.886216","VEH_041","motorcycle","UNK","UNK","UNK","UNK","0.00","UNK","2026-09-22 04:22:48.183513","2026-09-22 04:22:48.183513"
"S25U","INFER_S25U_VEH_ROOF_20260921_180355.mp4",770,"2026-09-21 18:04:07.886216","VEH_042","motorcycle","UNK","UNK","UNK","gray","0.00","UNK","2026-09-22 04:22:48.183513","2026-09-22 04:22:48.183513"
"S25U","INFER_S25U_VEH_ROOF_20260921_180355.mp4",770,"2026-09-21 18:04:07.886216","VEH_043","motorcycle","UNK","UNK","UNK","gray","0.00","UNK","2026-09-22 04:22:48.183513","2026-09-22 04:22:48.183513"
"S25U","INFER_S25U_VEH_ROOF_20260921_180355.mp4",770,"2026-09-21 18:04:07.886216","VEH_044","motorcycle","UNK","UNK","UNK","black","0.00","UNK","2026-09-22 04:22:48.183513","2026-09-22 04:22:48.183513"
"S25U","INFER_S25U_VEH_ROOF_20260921_180355.mp4",770,"2026-09-21 18:04:07.886216","VEH_045","motorcycle","UNK","UNK","UNK","black","0.00","UNK","2026-09-22 04:22:48.183513","2026-09-22 04:22:48.183513"
"S25U","INFER_S25U_VEH_ROOF_20260921_180355.mp4",770,"2026-09-21 18:04:07.886216","VEH_046","motorcycle","UNK","UNK","UNK","UNK","0.00","UNK","2026-09-22 04:22:48.183513","2026-09-22 04:22:48.183513"
"S25U","INFER_S25U_VEH_ROOF_20260921_180355.mp4",770,"2026-09-21 18:04:07.886216","VEH_047","motorcycle","UNK","UNK","UNK","gray","0.00","UNK","2026-09-22 04:22:48.183513","2026-09-22 04:22:48.183513"
"S25U","INFER_S25U_VEH_ROOF_20260921_180355.mp4",770,"2026-09-21 18:04:07.886216","VEH_048","motorcycle","UNK","UNK","UNK","gray","0.00","UNK","2026-09-22 04:22:48.183513","2026-09-22 04:22:48.183513"
"S25U","INFER_S25U_VEH_ROOF_20260921_180355.mp4",770,"2026-09-21 18:04:07.886216","VEH_049","motorcycle","UNK","UNK","UNK","black","0.00","UNK","2026-09-22 04:22:48.183513","2026-09-22 04:22:48.183513"
"S25U","INFER_S25U_VEH_ROOF_20260921_180355.mp4",770,"2026-09-21 18:04:07.886216","VEH_050","motorcycle","UNK","UNK","UNK","gray","0.00","UNK","2026-09-22 04:22:48.183513","2026-09-22 04:22:48.183513"
"S25U","INFER_S25U_VEH_ROOF_20260921_180355.mp4",770,"2026-09-21 18:04:07.886216","VEH_051","motorcycle","UNK","UNK","UNK","gray","0.00","UNK","2026-09-22 04:22:48.183513","2026-09-22 04:22:48.183513"
"S25U","INFER_S25U_VEH_ROOF_20260921_180355.mp4",770,"2026-09-21 18:04:07.886216","VEH_052","motorcycle","UNK","UNK","UNK","gray","0.00","UNK","2026-09-22 04:22:48.183513","2026-09-22 04:22:48.183513"
"S25U","INFER_S25U_VEH_ROOF_20260921_180355.mp4",770,"2026-09-21 18:04:07.886216","VEH_053","motorcycle","UNK","UNK","UNK","gray","0.00","UNK","2026-09-22 04:22:48.183513","2026-09-22 04:22:48.183513"
"S25U","INFER_S25U_VEH_ROOF_20260921_180355.mp4",770,"2026-09-21 18:04:07.886216","VEH_054","motorcycle","UNK","UNK","UNK","black","0.00","UNK","2026-09-22 04:22:48.183513","2026-09-22 04:22:48.183513"
"S25U","INFER_S25U_VEH_ROOF_20260921_180355.mp4",770,"2026-09-21 18:04:07.886216","VEH_055","motorcycle","UNK","UNK","UNK","gray","0.00","UNK","2026-09-22 04:22:48.183513","2026-09-22 04:22:48.183513"
"S25U","INFER_S25U_VEH_ROOF_20260921_180355.mp4",770,"2026-09-21 18:04:07.886216","VEH_056","motorcycle","UNK","UNK","UNK","black","0.00","UNK","2026-09-22 04:22:48.183513","2026-09-22 04:22:48.183513"
"S25U","INFER_S25U_VEH_ROOF_20260921_180355.mp4",770,"2026-09-21 18:04:07.886216","VEH_057","motorcycle","UNK","UNK","UNK","black","0.00","UNK","2026-09-22 04:22:48.183513","2026-09-22 04:22:48.183513"
"S25U","INFER_S25U_VEH_ROOF_20260921_180355.mp4",770,"2026-09-21 18:04:07.886216","VEH_058","motorcycle","UNK","UNK","UNK","black","0.00","UNK","2026-09-22 04:22:48.183513","2026-09-22 04:22:48.183513"
"S25U","INFER_S25U_VEH_ROOF_20260921_180355.mp4",770,"2026-09-21 18:04:07.886216","VEH_059","motorcycle","UNK","UNK","UNK","black","0.00","UNK","2026-09-22 04:22:48.183513","2026-09-22 04:22:48.183513"
"S25U","INFER_S25U_VEH_ROOF_20260921_180355.mp4",770,"2026-09-21 18:04:07.886216","VEH_060","motorcycle","UNK","UNK","UNK","black","0.00","UNK","2026-09-22 04:22:48.183513","2026-09-22 04:22:48.183513"
"S25U","INFER_S25U_VEH_ROOF_20260921_180355.mp4",770,"2026-09-21 18:04:07.886216","VEH_061","bus","UNK","UNK","UNK","gray","0.00","UNK","2026-09-22 04:22:48.183513","2026-09-22 04:22:48.183513"
"S25U","INFER_S25U_VEH_ROOF_20260921_180355.mp4",780,"2026-09-21 18:04:08.053569","VEH_001","motorcycle","UNK","UNK","UNK","gray","0.00","UNK","2026-09-22 04:22:50.930803","2026-09-22 04:22:50.930803"
"S25U","INFER_S25U_VEH_ROOF_20260921_180355.mp4",780,"2026-09-21 18:04:08.053569","VEH_002","motorcycle","UNK","UNK","UNK","black","0.00","UNK","2026-09-22 04:22:50.930803","2026-09-22 04:22:50.930803"
"S25U","INFER_S25U_VEH_ROOF_20260921_180355.mp4",780,"2026-09-21 18:04:08.053569","VEH_003","motorcycle","UNK","UNK","UNK","black","0.00","UNK","2026-09-22 04:22:50.930803","2026-09-22 04:22:50.930803"
"S25U","INFER_S25U_VEH_ROOF_20260921_180355.mp4",780,"2026-09-21 18:04:08.053569","VEH_004","motorcycle","UNK","UNK","UNK","gray","0.00","UNK","2026-09-22 04:22:50.930803","2026-09-22 04:22:50.930803"
"S25U","INFER_S25U_VEH_ROOF_20260921_180355.mp4",780,"2026-09-21 18:04:08.053569","VEH_005","motorcycle","UNK","UNK","UNK","gray","0.00","UNK","2026-09-22 04:22:50.930803","2026-09-22 04:22:50.930803"
"S25U","INFER_S25U_VEH_ROOF_20260921_180355.mp4",780,"2026-09-21 18:04:08.053569","VEH_006","motorcycle","UNK","UNK","UNK","gray","0.00","UNK","2026-09-22 04:22:50.930803","2026-09-22 04:22:50.930803"
"S25U","INFER_S25U_VEH_ROOF_20260921_180355.mp4",780,"2026-09-21 18:04:08.053569","VEH_007","motorcycle","UNK","UNK","UNK","gray","0.00","UNK","2026-09-22 04:22:50.930803","2026-09-22 04:22:50.930803"
"S25U","INFER_S25U_VEH_ROOF_20260921_180355.mp4",780,"2026-09-21 18:04:08.053569","VEH_008","motorcycle","UNK","UNK","UNK","gray","0.00","UNK","2026-09-22 04:22:50.930803","2026-09-22 04:22:50.930803"
"S25U","INFER_S25U_VEH_ROOF_20260921_180355.mp4",780,"2026-09-21 18:04:08.053569","VEH_009","motorcycle","UNK","UNK","UNK","gray","0.00","UNK","2026-09-22 04:22:50.930803","2026-09-22 04:22:50.930803"
"S25U","INFER_S25U_VEH_ROOF_20260921_180355.mp4",780,"2026-09-21 18:04:08.053569","VEH_010","motorcycle","UNK","UNK","UNK","black","0.00","UNK","2026-09-22 04:22:50.930803","2026-09-22 04:22:50.930803"
"S25U","INFER_S25U_VEH_ROOF_20260921_180355.mp4",780,"2026-09-21 18:04:08.053569","VEH_011","motorcycle","UNK","UNK","UNK","black","0.00","UNK","2026-09-22 04:22:50.930803","2026-09-22 04:22:50.930803"
"S25U","INFER_S25U_VEH_ROOF_20260921_180355.mp4",780,"2026-09-21 18:04:08.053569","VEH_012","motorcycle","UNK","UNK","UNK","black","0.00","UNK","2026-09-22 04:22:50.930803","2026-09-22 04:22:50.930803"
"S25U","INFER_S25U_VEH_ROOF_20260921_180355.mp4",780,"2026-09-21 18:04:08.053569","VEH_013","motorcycle","UNK","UNK","UNK","gray","0.00","UNK","2026-09-22 04:22:50.930803","2026-09-22 04:22:50.930803"
"S25U","INFER_S25U_VEH_ROOF_20260921_180355.mp4",780,"2026-09-21 18:04:08.053569","VEH_014","motorcycle","UNK","UNK","UNK","gray","0.00","UNK","2026-09-22 04:22:50.930803","2026-09-22 04:22:50.930803"
"S25U","INFER_S25U_VEH_ROOF_20260921_180355.mp4",780,"2026-09-21 18:04:08.053569","VEH_015","motorcycle","UNK","UNK","UNK","gray","0.00","UNK","2026-09-22 04:22:50.930803","2026-09-22 04:22:50.930803"
"S25U","INFER_S25U_VEH_ROOF_20260921_180355.mp4",780,"2026-09-21 18:04:08.053569","VEH_016","motorcycle","UNK","UNK","UNK","black","0.00","UNK","2026-09-22 04:22:50.930803","2026-09-22 04:22:50.930803"
"S25U","INFER_S25U_VEH_ROOF_20260921_180355.mp4",780,"2026-09-21 18:04:08.053569","VEH_017","motorcycle","UNK","UNK","UNK","gray","0.00","UNK","2026-09-22 04:22:50.930803","2026-09-22 04:22:50.930803"
"S25U","INFER_S25U_VEH_ROOF_20260921_180355.mp4",780,"2026-09-21 18:04:08.053569","VEH_018","motorcycle","UNK","UNK","UNK","black","0.00","UNK","2026-09-22 04:22:50.930803","2026-09-22 04:22:50.930803"
"S25U","INFER_S25U_VEH_ROOF_20260921_180355.mp4",780,"2026-09-21 18:04:08.053569","VEH_019","motorcycle","UNK","UNK","UNK","UNK","0.00","UNK","2026-09-22 04:22:50.930803","2026-09-22 04:22:50.930803"
"S25U","INFER_S25U_VEH_ROOF_20260921_180355.mp4",780,"2026-09-21 18:04:08.053569","VEH_020","motorcycle","UNK","UNK","UNK","gray","0.00","UNK","2026-09-22 04:22:50.930803","2026-09-22 04:22:50.930803"
"S25U","INFER_S25U_VEH_ROOF_20260921_180355.mp4",780,"2026-09-21 18:04:08.053569","VEH_021","motorcycle","UNK","UNK","UNK","gray","0.00","UNK","2026-09-22 04:22:50.930803","2026-09-22 04:22:50.930803"
"S25U","INFER_S25U_VEH_ROOF_20260921_180355.mp4",780,"2026-09-21 18:04:08.053569","VEH_022","motorcycle","UNK","UNK","UNK","gray","0.00","UNK","2026-09-22 04:22:50.930803","2026-09-22 04:22:50.930803"
"S25U","INFER_S25U_VEH_ROOF_20260921_180355.mp4",780,"2026-09-21 18:04:08.053569","VEH_023","motorcycle","UNK","UNK","UNK","gray","0.00","UNK","2026-09-22 04:22:50.930803","2026-09-22 04:22:50.930803"
"S25U","INFER_S25U_VEH_ROOF_20260921_180355.mp4",780,"2026-09-21 18:04:08.053569","VEH_024","motorcycle","UNK","UNK","UNK","gray","0.00","UNK","2026-09-22 04:22:50.930803","2026-09-22 04:22:50.930803"
"S25U","INFER_S25U_VEH_ROOF_20260921_180355.mp4",780,"2026-09-21 18:04:08.053569","VEH_025","motorcycle","UNK","UNK","UNK","gray","0.00","UNK","2026-09-22 04:22:50.930803","2026-09-22 04:22:50.930803"
"S25U","INFER_S25U_VEH_ROOF_20260921_180355.mp4",780,"2026-09-21 18:04:08.053569","VEH_026","motorcycle","UNK","UNK","UNK","gray","0.00","UNK","2026-09-22 04:22:50.930803","2026-09-22 04:22:50.930803"
"S25U","INFER_S25U_VEH_ROOF_20260921_180355.mp4",780,"2026-09-21 18:04:08.053569","VEH_027","motorcycle","UNK","UNK","UNK","gray","0.00","UNK","2026-09-22 04:22:50.930803","2026-09-22 04:22:50.930803"
"S25U","INFER_S25U_VEH_ROOF_20260921_180355.mp4",780,"2026-09-21 18:04:08.053569","VEH_028","motorcycle","UNK","UNK","UNK","gray","0.00","UNK","2026-09-22 04:22:50.930803","2026-09-22 04:22:50.930803"
"S25U","INFER_S25U_VEH_ROOF_20260921_180355.mp4",780,"2026-09-21 18:04:08.053569","VEH_029","motorcycle","UNK","UNK","UNK","gray","0.00","UNK","2026-09-22 04:22:50.930803","2026-09-22 04:22:50.930803"
"S25U","INFER_S25U_VEH_ROOF_20260921_180355.mp4",780,"2026-09-21 18:04:08.053569","VEH_030","motorcycle","UNK","UNK","UNK","gray","0.00","UNK","2026-09-22 04:22:50.930803","2026-09-22 04:22:50.930803"
"S25U","INFER_S25U_VEH_ROOF_20260921_180355.mp4",780,"2026-09-21 18:04:08.053569","VEH_031","motorcycle","UNK","UNK","UNK","gray","0.00","UNK","2026-09-22 04:22:50.930803","2026-09-22 04:22:50.930803"
"S25U","INFER_S25U_VEH_ROOF_20260921_180355.mp4",780,"2026-09-21 18:04:08.053569","VEH_032","motorcycle","UNK","UNK","UNK","gray","0.00","UNK","2026-09-22 04:22:50.930803","2026-09-22 04:22:50.930803"
"S25U","INFER_S25U_VEH_ROOF_20260921_180355.mp4",780,"2026-09-21 18:04:08.053569","VEH_033","motorcycle","UNK","UNK","UNK","black","0.00","UNK","2026-09-22 04:22:50.930803","2026-09-22 04:22:50.930803"
"S25U","INFER_S25U_VEH_ROOF_20260921_180355.mp4",780,"2026-09-21 18:04:08.053569","VEH_034","motorcycle","UNK","UNK","UNK","UNK","0.00","UNK","2026-09-22 04:22:50.930803","2026-09-22 04:22:50.930803"
"S25U","INFER_S25U_VEH_ROOF_20260921_180355.mp4",780,"2026-09-21 18:04:08.053569","VEH_035","motorcycle","UNK","UNK","UNK","UNK","0.00","UNK","2026-09-22 04:22:50.930803","2026-09-22 04:22:50.930803"
"S25U","INFER_S25U_VEH_ROOF_20260921_180355.mp4",780,"2026-09-21 18:04:08.053569","VEH_036","motorcycle","UNK","UNK","UNK","UNK","0.00","UNK","2026-09-22 04:22:50.930803","2026-09-22 04:22:50.930803"
"S25U","INFER_S25U_VEH_ROOF_20260921_180355.mp4",780,"2026-09-21 18:04:08.053569","VEH_037","motorcycle","UNK","UNK","UNK","black","0.00","UNK","2026-09-22 04:22:50.930803","2026-09-22 04:22:50.930803"
"S25U","INFER_S25U_VEH_ROOF_20260921_180355.mp4",780,"2026-09-21 18:04:08.053569","VEH_038","motorcycle","UNK","UNK","UNK","gray","0.00","UNK","2026-09-22 04:22:50.930803","2026-09-22 04:22:50.930803"
"S25U","INFER_S25U_VEH_ROOF_20260921_180355.mp4",780,"2026-09-21 18:04:08.053569","VEH_039","motorcycle","UNK","UNK","UNK","gray","0.00","UNK","2026-09-22 04:22:50.930803","2026-09-22 04:22:50.930803"
"S25U","INFER_S25U_VEH_ROOF_20260921_180355.mp4",780,"2026-09-21 18:04:08.053569","VEH_040","motorcycle","UNK","UNK","UNK","UNK","0.00","UNK","2026-09-22 04:22:50.930803","2026-09-22 04:22:50.930803"
"S25U","INFER_S25U_VEH_ROOF_20260921_180355.mp4",780,"2026-09-21 18:04:08.053569","VEH_041","motorcycle","UNK","UNK","UNK","black","0.00","UNK","2026-09-22 04:22:50.930803","2026-09-22 04:22:50.930803"
"S25U","INFER_S25U_VEH_ROOF_20260921_180355.mp4",780,"2026-09-21 18:04:08.053569","VEH_042","motorcycle","UNK","UNK","UNK","UNK","0.00","UNK","2026-09-22 04:22:50.930803","2026-09-22 04:22:50.930803"
"S25U","INFER_S25U_VEH_ROOF_20260921_180355.mp4",780,"2026-09-21 18:04:08.053569","VEH_043","motorcycle","UNK","UNK","UNK","gray","0.00","UNK","2026-09-22 04:22:50.930803","2026-09-22 04:22:50.930803"
"S25U","INFER_S25U_VEH_ROOF_20260921_180355.mp4",780,"2026-09-21 18:04:08.053569","VEH_044","motorcycle","UNK","UNK","UNK","gray","0.00","UNK","2026-09-22 04:22:50.930803","2026-09-22 04:22:50.930803"
"S25U","INFER_S25U_VEH_ROOF_20260921_180355.mp4",780,"2026-09-21 18:04:08.053569","VEH_045","motorcycle","UNK","UNK","UNK","black","0.00","UNK","2026-09-22 04:22:50.930803","2026-09-22 04:22:50.930803"
"S25U","INFER_S25U_VEH_ROOF_20260921_180355.mp4",780,"2026-09-21 18:04:08.053569","VEH_046","motorcycle","UNK","UNK","UNK","gray","0.00","UNK","2026-09-22 04:22:50.930803","2026-09-22 04:22:50.930803"
"S25U","INFER_S25U_VEH_ROOF_20260921_180355.mp4",780,"2026-09-21 18:04:08.053569","VEH_047","motorcycle","UNK","UNK","UNK","gray","0.00","UNK","2026-09-22 04:22:50.930803","2026-09-22 04:22:50.930803"
"S25U","INFER_S25U_VEH_ROOF_20260921_180355.mp4",780,"2026-09-21 18:04:08.053569","VEH_048","motorcycle","UNK","UNK","UNK","black","0.00","UNK","2026-09-22 04:22:50.930803","2026-09-22 04:22:50.930803"
"S25U","INFER_S25U_VEH_ROOF_20260921_180355.mp4",780,"2026-09-21 18:04:08.053569","VEH_049","motorcycle","UNK","UNK","UNK","black","0.00","UNK","2026-09-22 04:22:50.930803","2026-09-22 04:22:50.930803"
"S25U","INFER_S25U_VEH_ROOF_20260921_180355.mp4",780,"2026-09-21 18:04:08.053569","VEH_050","motorcycle","UNK","UNK","UNK","gray","0.00","UNK","2026-09-22 04:22:50.930803","2026-09-22 04:22:50.930803"
"S25U","INFER_S25U_VEH_ROOF_20260921_180355.mp4",780,"2026-09-21 18:04:08.053569","VEH_051","motorcycle","UNK","UNK","UNK","gray","0.00","UNK","2026-09-22 04:22:50.930803","2026-09-22 04:22:50.930803"
"S25U","INFER_S25U_VEH_ROOF_20260921_180355.mp4",780,"2026-09-21 18:04:08.053569","VEH_052","motorcycle","UNK","UNK","UNK","black","0.00","UNK","2026-09-22 04:22:50.930803","2026-09-22 04:22:50.930803"
"S25U","INFER_S25U_VEH_ROOF_20260921_180355.mp4",780,"2026-09-21 18:04:08.053569","VEH_053","motorcycle","UNK","UNK","UNK","black","0.00","UNK","2026-09-22 04:22:50.930803","2026-09-22 04:22:50.930803"
"S25U","INFER_S25U_VEH_ROOF_20260921_180355.mp4",780,"2026-09-21 18:04:08.053569","VEH_054","motorcycle","UNK","UNK","UNK","black","0.00","UNK","2026-09-22 04:22:50.930803","2026-09-22 04:22:50.930803"
"S25U","INFER_S25U_VEH_ROOF_20260921_180355.mp4",780,"2026-09-21 18:04:08.053569","VEH_055","motorcycle","UNK","UNK","UNK","black","0.00","UNK","2026-09-22 04:22:50.930803","2026-09-22 04:22:50.930803"
"S25U","INFER_S25U_VEH_ROOF_20260921_180355.mp4",780,"2026-09-21 18:04:08.053569","VEH_056","motorcycle","UNK","UNK","UNK","black","0.00","UNK","2026-09-22 04:22:50.930803","2026-09-22 04:22:50.930803"
"S25U","INFER_S25U_VEH_ROOF_20260921_180355.mp4",790,"2026-09-21 18:04:08.220923","VEH_001","motorcycle","UNK","UNK","UNK","gray","0.00","UNK","2026-09-22 04:22:53.798315","2026-09-22 04:22:53.798315"
"S25U","INFER_S25U_VEH_ROOF_20260921_180355.mp4",790,"2026-09-21 18:04:08.220923","VEH_002","motorcycle","UNK","UNK","UNK","black","0.00","UNK","2026-09-22 04:22:53.798315","2026-09-22 04:22:53.798315"
"S25U","INFER_S25U_VEH_ROOF_20260921_180355.mp4",790,"2026-09-21 18:04:08.220923","VEH_003","motorcycle","UNK","UNK","UNK","black","0.00","UNK","2026-09-22 04:22:53.798315","2026-09-22 04:22:53.798315"
"S25U","INFER_S25U_VEH_ROOF_20260921_180355.mp4",790,"2026-09-21 18:04:08.220923","VEH_004","motorcycle","UNK","UNK","UNK","gray","0.00","UNK","2026-09-22 04:22:53.798315","2026-09-22 04:22:53.798315"
"S25U","INFER_S25U_VEH_ROOF_20260921_180355.mp4",790,"2026-09-21 18:04:08.220923","VEH_005","motorcycle","UNK","UNK","UNK","gray","0.00","UNK","2026-09-22 04:22:53.798315","2026-09-22 04:22:53.798315"
"S25U","INFER_S25U_VEH_ROOF_20260921_180355.mp4",790,"2026-09-21 18:04:08.220923","VEH_006","motorcycle","UNK","UNK","UNK","gray","0.00","UNK","2026-09-22 04:22:53.798315","2026-09-22 04:22:53.798315"
"S25U","INFER_S25U_VEH_ROOF_20260921_180355.mp4",790,"2026-09-21 18:04:08.220923","VEH_007","motorcycle","UNK","UNK","UNK","gray","0.00","UNK","2026-09-22 04:22:53.798315","2026-09-22 04:22:53.798315"
"S25U","INFER_S25U_VEH_ROOF_20260921_180355.mp4",790,"2026-09-21 18:04:08.220923","VEH_008","motorcycle","UNK","UNK","UNK","gray","0.00","UNK","2026-09-22 04:22:53.798315","2026-09-22 04:22:53.798315"
"S25U","INFER_S25U_VEH_ROOF_20260921_180355.mp4",790,"2026-09-21 18:04:08.220923","VEH_009","motorcycle","UNK","UNK","UNK","gray","0.00","UNK","2026-09-22 04:22:53.798315","2026-09-22 04:22:53.798315"
"S25U","INFER_S25U_VEH_ROOF_20260921_180355.mp4",790,"2026-09-21 18:04:08.220923","VEH_010","motorcycle","UNK","UNK","UNK","black","0.00","UNK","2026-09-22 04:22:53.798315","2026-09-22 04:22:53.798315"
"S25U","INFER_S25U_VEH_ROOF_20260921_180355.mp4",790,"2026-09-21 18:04:08.220923","VEH_011","motorcycle","UNK","UNK","UNK","black","0.00","UNK","2026-09-22 04:22:53.798315","2026-09-22 04:22:53.798315"
"S25U","INFER_S25U_VEH_ROOF_20260921_180355.mp4",790,"2026-09-21 18:04:08.220923","VEH_012","motorcycle","UNK","UNK","UNK","gray","0.00","UNK","2026-09-22 04:22:53.798315","2026-09-22 04:22:53.798315"
"S25U","INFER_S25U_VEH_ROOF_20260921_180355.mp4",790,"2026-09-21 18:04:08.220923","VEH_013","motorcycle","UNK","UNK","UNK","gray","0.00","UNK","2026-09-22 04:22:53.798315","2026-09-22 04:22:53.798315"
"S25U","INFER_S25U_VEH_ROOF_20260921_180355.mp4",790,"2026-09-21 18:04:08.220923","VEH_014","motorcycle","UNK","UNK","UNK","gray","0.00","UNK","2026-09-22 04:22:53.798315","2026-09-22 04:22:53.798315"
"S25U","INFER_S25U_VEH_ROOF_20260921_180355.mp4",790,"2026-09-21 18:04:08.220923","VEH_015","motorcycle","UNK","UNK","UNK","gray","0.00","UNK","2026-09-22 04:22:53.798315","2026-09-22 04:22:53.798315"
"S25U","INFER_S25U_VEH_ROOF_20260921_180355.mp4",790,"2026-09-21 18:04:08.220923","VEH_016","motorcycle","UNK","UNK","UNK","gray","0.00","UNK","2026-09-22 04:22:53.798315","2026-09-22 04:22:53.798315"
"S25U","INFER_S25U_VEH_ROOF_20260921_180355.mp4",790,"2026-09-21 18:04:08.220923","VEH_017","motorcycle","UNK","UNK","UNK","black","0.00","UNK","2026-09-22 04:22:53.798315","2026-09-22 04:22:53.798315"
"S25U","INFER_S25U_VEH_ROOF_20260921_180355.mp4",790,"2026-09-21 18:04:08.220923","VEH_018","motorcycle","UNK","UNK","UNK","gray","0.00","UNK","2026-09-22 04:22:53.798315","2026-09-22 04:22:53.798315"
"S25U","INFER_S25U_VEH_ROOF_20260921_180355.mp4",790,"2026-09-21 18:04:08.220923","VEH_019","motorcycle","UNK","UNK","UNK","black","0.00","UNK","2026-09-22 04:22:53.798315","2026-09-22 04:22:53.798315"
"S25U","INFER_S25U_VEH_ROOF_20260921_180355.mp4",790,"2026-09-21 18:04:08.220923","VEH_020","motorcycle","UNK","UNK","UNK","UNK","0.00","UNK","2026-09-22 04:22:53.798315","2026-09-22 04:22:53.798315"
"S25U","INFER_S25U_VEH_ROOF_20260921_180355.mp4",790,"2026-09-21 18:04:08.220923","VEH_021","motorcycle","UNK","UNK","UNK","gray","0.00","UNK","2026-09-22 04:22:53.798315","2026-09-22 04:22:53.798315"
"S25U","INFER_S25U_VEH_ROOF_20260921_180355.mp4",790,"2026-09-21 18:04:08.220923","VEH_022","motorcycle","UNK","UNK","UNK","gray","0.00","UNK","2026-09-22 04:22:53.798315","2026-09-22 04:22:53.798315"
"S25U","INFER_S25U_VEH_ROOF_20260921_180355.mp4",790,"2026-09-21 18:04:08.220923","VEH_023","motorcycle","UNK","UNK","UNK","gray","0.00","UNK","2026-09-22 04:22:53.798315","2026-09-22 04:22:53.798315"
"S25U","INFER_S25U_VEH_ROOF_20260921_180355.mp4",790,"2026-09-21 18:04:08.220923","VEH_024","motorcycle","UNK","UNK","UNK","gray","0.00","UNK","2026-09-22 04:22:53.798315","2026-09-22 04:22:53.798315"
"S25U","INFER_S25U_VEH_ROOF_20260921_180355.mp4",790,"2026-09-21 18:04:08.220923","VEH_025","motorcycle","UNK","UNK","UNK","gray","0.00","UNK","2026-09-22 04:22:53.798315","2026-09-22 04:22:53.798315"
"S25U","INFER_S25U_VEH_ROOF_20260921_180355.mp4",790,"2026-09-21 18:04:08.220923","VEH_026","motorcycle","UNK","UNK","UNK","black","0.00","UNK","2026-09-22 04:22:53.798315","2026-09-22 04:22:53.798315"
"S25U","INFER_S25U_VEH_ROOF_20260921_180355.mp4",790,"2026-09-21 18:04:08.220923","VEH_027","motorcycle","UNK","UNK","UNK","black","0.00","UNK","2026-09-22 04:22:53.798315","2026-09-22 04:22:53.798315"
"S25U","INFER_S25U_VEH_ROOF_20260921_180355.mp4",790,"2026-09-21 18:04:08.220923","VEH_028","motorcycle","UNK","UNK","UNK","UNK","0.00","UNK","2026-09-22 04:22:53.798315","2026-09-22 04:22:53.798315"
"S25U","INFER_S25U_VEH_ROOF_20260921_180355.mp4",790,"2026-09-21 18:04:08.220923","VEH_029","motorcycle","UNK","UNK","UNK","UNK","0.00","UNK","2026-09-22 04:22:53.798315","2026-09-22 04:22:53.798315"
"S25U","INFER_S25U_VEH_ROOF_20260921_180355.mp4",790,"2026-09-21 18:04:08.220923","VEH_030","motorcycle","UNK","UNK","UNK","UNK","0.00","UNK","2026-09-22 04:22:53.798315","2026-09-22 04:22:53.798315"
"S25U","INFER_S25U_VEH_ROOF_20260921_180355.mp4",790,"2026-09-21 18:04:08.220923","VEH_031","motorcycle","UNK","UNK","UNK","UNK","0.00","UNK","2026-09-22 04:22:53.798315","2026-09-22 04:22:53.798315"
"S25U","INFER_S25U_VEH_ROOF_20260921_180355.mp4",790,"2026-09-21 18:04:08.220923","VEH_032","motorcycle","UNK","UNK","UNK","UNK","0.00","UNK","2026-09-22 04:22:53.798315","2026-09-22 04:22:53.798315"
"S25U","INFER_S25U_VEH_ROOF_20260921_180355.mp4",790,"2026-09-21 18:04:08.220923","VEH_033","motorcycle","UNK","UNK","UNK","gray","0.00","UNK","2026-09-22 04:22:53.798315","2026-09-22 04:22:53.798315"
"S25U","INFER_S25U_VEH_ROOF_20260921_180355.mp4",790,"2026-09-21 18:04:08.220923","VEH_034","motorcycle","UNK","UNK","UNK","gray","0.00","UNK","2026-09-22 04:22:53.798315","2026-09-22 04:22:53.798315"
"S25U","INFER_S25U_VEH_ROOF_20260921_180355.mp4",790,"2026-09-21 18:04:08.220923","VEH_035","motorcycle","UNK","UNK","UNK","gray","0.00","UNK","2026-09-22 04:22:53.798315","2026-09-22 04:22:53.798315"
"S25U","INFER_S25U_VEH_ROOF_20260921_180355.mp4",790,"2026-09-21 18:04:08.220923","VEH_036","motorcycle","UNK","UNK","UNK","gray","0.00","UNK","2026-09-22 04:22:53.798315","2026-09-22 04:22:53.798315"
"S25U","INFER_S25U_VEH_ROOF_20260921_180355.mp4",790,"2026-09-21 18:04:08.220923","VEH_037","motorcycle","UNK","UNK","UNK","gray","0.00","UNK","2026-09-22 04:22:53.798315","2026-09-22 04:22:53.798315"
"S25U","INFER_S25U_VEH_ROOF_20260921_180355.mp4",790,"2026-09-21 18:04:08.220923","VEH_038","motorcycle","UNK","UNK","UNK","gray","0.00","UNK","2026-09-22 04:22:53.798315","2026-09-22 04:22:53.798315"
"S25U","INFER_S25U_VEH_ROOF_20260921_180355.mp4",790,"2026-09-21 18:04:08.220923","VEH_039","motorcycle","UNK","UNK","UNK","gray","0.00","UNK","2026-09-22 04:22:53.798315","2026-09-22 04:22:53.798315"
"S25U","INFER_S25U_VEH_ROOF_20260921_180355.mp4",790,"2026-09-21 18:04:08.220923","VEH_040","motorcycle","UNK","UNK","UNK","gray","0.00","UNK","2026-09-22 04:22:53.798315","2026-09-22 04:22:53.798315"
"S25U","INFER_S25U_VEH_ROOF_20260921_180355.mp4",790,"2026-09-21 18:04:08.220923","VEH_041","motorcycle","UNK","UNK","UNK","UNK","0.00","UNK","2026-09-22 04:22:53.798315","2026-09-22 04:22:53.798315"
"S25U","INFER_S25U_VEH_ROOF_20260921_180355.mp4",790,"2026-09-21 18:04:08.220923","VEH_042","motorcycle","UNK","UNK","UNK","gray","0.00","UNK","2026-09-22 04:22:53.798315","2026-09-22 04:22:53.798315"
"S25U","INFER_S25U_VEH_ROOF_20260921_180355.mp4",790,"2026-09-21 18:04:08.220923","VEH_043","motorcycle","UNK","UNK","UNK","gray","0.00","UNK","2026-09-22 04:22:53.798315","2026-09-22 04:22:53.798315"
"S25U","INFER_S25U_VEH_ROOF_20260921_180355.mp4",790,"2026-09-21 18:04:08.220923","VEH_044","motorcycle","UNK","UNK","UNK","gray","0.00","UNK","2026-09-22 04:22:53.798315","2026-09-22 04:22:53.798315"
"S25U","INFER_S25U_VEH_ROOF_20260921_180355.mp4",790,"2026-09-21 18:04:08.220923","VEH_045","motorcycle","UNK","UNK","UNK","black","0.00","UNK","2026-09-22 04:22:53.798315","2026-09-22 04:22:53.798315"
"S25U","INFER_S25U_VEH_ROOF_20260921_180355.mp4",790,"2026-09-21 18:04:08.220923","VEH_046","motorcycle","UNK","UNK","UNK","black","0.00","UNK","2026-09-22 04:22:53.798315","2026-09-22 04:22:53.798315"
"S25U","INFER_S25U_VEH_ROOF_20260921_180355.mp4",790,"2026-09-21 18:04:08.220923","VEH_047","motorcycle","UNK","UNK","UNK","UNK","0.00","UNK","2026-09-22 04:22:53.798315","2026-09-22 04:22:53.798315"
"S25U","INFER_S25U_VEH_ROOF_20260921_180355.mp4",790,"2026-09-21 18:04:08.220923","VEH_048","motorcycle","UNK","UNK","UNK","gray","0.00","UNK","2026-09-22 04:22:53.798315","2026-09-22 04:22:53.798315"
"S25U","INFER_S25U_VEH_ROOF_20260921_180355.mp4",790,"2026-09-21 18:04:08.220923","VEH_049","motorcycle","UNK","UNK","UNK","black","0.00","UNK","2026-09-22 04:22:53.798315","2026-09-22 04:22:53.798315"
"S25U","INFER_S25U_VEH_ROOF_20260921_180355.mp4",790,"2026-09-21 18:04:08.220923","VEH_050","motorcycle","UNK","UNK","UNK","gray","0.00","UNK","2026-09-22 04:22:53.798315","2026-09-22 04:22:53.798315"
"S25U","INFER_S25U_VEH_ROOF_20260921_180355.mp4",790,"2026-09-21 18:04:08.220923","VEH_051","motorcycle","UNK","UNK","UNK","black","0.00","UNK","2026-09-22 04:22:53.798315","2026-09-22 04:22:53.798315"
"S25U","INFER_S25U_VEH_ROOF_20260921_180355.mp4",790,"2026-09-21 18:04:08.220923","VEH_052","motorcycle","UNK","UNK","UNK","gray","0.00","UNK","2026-09-22 04:22:53.798315","2026-09-22 04:22:53.798315"
"S25U","INFER_S25U_VEH_ROOF_20260921_180355.mp4",790,"2026-09-21 18:04:08.220923","VEH_053","motorcycle","UNK","UNK","UNK","black","0.00","UNK","2026-09-22 04:22:53.798315","2026-09-22 04:22:53.798315"
"S25U","INFER_S25U_VEH_ROOF_20260921_180355.mp4",790,"2026-09-21 18:04:08.220923","VEH_054","motorcycle","UNK","UNK","UNK","black","0.00","UNK","2026-09-22 04:22:53.798315","2026-09-22 04:22:53.798315"
"S25U","INFER_S25U_VEH_ROOF_20260921_180355.mp4",790,"2026-09-21 18:04:08.220923","VEH_055","motorcycle","UNK","UNK","UNK","black","0.00","UNK","2026-09-22 04:22:53.798315","2026-09-22 04:22:53.798315"
"S25U","INFER_S25U_VEH_ROOF_20260921_180355.mp4",790,"2026-09-21 18:04:08.220923","VEH_056","motorcycle","UNK","UNK","UNK","black","0.00","UNK","2026-09-22 04:22:53.798315","2026-09-22 04:22:53.798315"
