[08:43:42] ==========================================================================================================================================================================
[08:43:42] | INIT-ENVR    | 任務名稱: 系統環境與資料庫初始化作業   | 啟動時間: 2026-09-22 08:43:42
[08:43:42] --------------------------------------------------------------------------------------------------------------------------------------------------------------------------
[08:43:42]                                                                                                                                                                           
[08:43:42]     ======================================================================================================================================================================
[08:43:42]     | REMV-PYC     | 任務名稱: PyCache 快取檔案移除任務 | 啟動時間: 2026-09-22 08:43:42
[08:43:42]     ----------------------------------------------------------------------------------------------------------------------------------------------------------------------
[08:43:42]     | FILE         | PyCache                | REMV_PYC      | SUCC     | [檔案: __pycache__] 移除成功 >>> 該檔案路徑(MARS_Project/__pycache__)
[08:43:42]     | FILE         | PyCache                | REMV_PYC      | SUCC     | [檔案: __pycache__] 移除成功 >>> 該檔案路徑(MARS_Project/config/__pycache__)
[08:43:42]     | FILE         | PyCache                | REMV_PYC      | SUCC     | [檔案: __pycache__] 移除成功 >>> 該檔案路徑(MARS_Project/src/__pycache__)
[08:43:42]     | FILE         | PyCache                | REMV_PYC      | SUCC     | [檔案: __pycache__] 移除成功 >>> 該檔案路徑(MARS_Project/utils/__pycache__)
[08:43:42]     | FILE         | PyCache                | REMV_PYC      | SUCC     | [檔案: __pycache__] 移除成功 >>> 該檔案路徑(MARS_Project/config/maps/__pycache__)
[08:43:42]     | FILE         | PyCache                | REMV_PYC      | SUCC     | [檔案: __pycache__] 移除成功 >>> 該檔案路徑(MARS_Project/config/maps/schm_maps/__pycache__)
[08:43:42]     | FILE         | PyCache                | REMV_PYC      | SUCC     | [檔案: __pycache__] 移除成功 >>> 該檔案路徑(MARS_Project/config/maps/stage_maps/__pycache__)
[08:43:42]     | FILE         | PyCache                | REMV_PYC      | SUCC     | [檔案: __pycache__] 移除成功 >>> 該檔案路徑(MARS_Project/config/maps/schm_maps/infer_tables/__pycache__)
[08:43:42]     | FILE         | PyCache                | REMV_PYC      | SUCC     | [檔案: __pycache__] 移除成功 >>> 該檔案路徑(MARS_Project/config/maps/stage_maps/rules/__pycache__)
[08:43:42]     | FILE         | PyCache                | REMV_PYC      | SUCC     | [檔案: __pycache__] 移除成功 >>> 該檔案路徑(MARS_Project/src/database/__pycache__)
[08:43:42]     | FILE         | PyCache                | REMV_PYC      | SUCC     | [檔案: __pycache__] 移除成功 >>> 該檔案路徑(MARS_Project/src/data_prep/__pycache__)
[08:43:42]     | FILE         | PyCache                | REMV_PYC      | SUCC     | [檔案: __pycache__] 移除成功 >>> 該檔案路徑(MARS_Project/src/modl_opts/__pycache__)
[08:43:42]     | FILE         | PyCache                | REMV_PYC      | SUCC     | [檔案: __pycache__] 移除成功 >>> 該檔案路徑(MARS_Project/src/post_proc/__pycache__)
[08:43:42]     | FILE         | PyCache                | REMV_PYC      | SUCC     | [檔案: __pycache__] 移除成功 >>> 該檔案路徑(MARS_Project/src/vis_recg/__pycache__)
[08:43:42]     | FILE         | PyCache                | REMV_PYC      | SUCC     | [檔案: __pycache__] 移除成功 >>> 該檔案路徑(MARS_Project/src/database/query_repo/__pycache__)
[08:43:42]     | FILE         | PyCache                | REMV_PYC      | SUCC     | [檔案: __pycache__] 移除成功 >>> 該檔案路徑(MARS_Project/src/database/write_repo/__pycache__)
[08:43:42]     | FILE         | PyCache                | REMV_PYC      | SUCC     | [檔案: __pycache__] 移除成功 >>> 該檔案路徑(MARS_Project/src/database/write_repo/infer/__pycache__)
[08:43:42]     | FILE         | PyCache                | REMV_PYC      | SUCC     | [檔案: __pycache__] 移除成功 >>> 該檔案路徑(MARS_Project/src/database/write_repo/train/__pycache__)
[08:43:42]     | FILE         | PyCache                | REMV_PYC      | SUCC     | [檔案: __pycache__] 移除成功 >>> 該檔案路徑(MARS_Project/src/vis_recg/img_proc/__pycache__)
[08:43:42]     | FILE         | PyCache                | REMV_PYC      | SUCC     | [檔案: __pycache__] 移除成功 >>> 該檔案路徑(MARS_Project/src/vis_recg/pipelines/__pycache__)
[08:43:42]     | FILE         | PyCache                | REMV_PYC      | SUCC     | [檔案: __pycache__] 移除成功 >>> 該檔案路徑(MARS_Project/src/vis_recg/img_proc/char_rules/__pycache__)
[08:43:42]     | FILE         | PyCache                | REMV_PYC      | SUCC     | [檔案: __pycache__] 移除成功 >>> 該檔案路徑(MARS_Project/utils/env/__pycache__)
[08:43:42]     | FILE         | PyCache                | REMV_PYC      | SUCC     | [檔案: __pycache__] 移除成功 >>> 該檔案路徑(MARS_Project/utils/log/__pycache__)
[08:43:44]     ----------------------------------------------------------------------------------------------------------------------------------------------------------------------
[08:43:44]     | REMV-DONE    | 執行結果: 共計移除 23 個快取檔案 | 結束時間: 2026-09-22 08:43:44
[08:43:44]     ======================================================================================================================================================================
[08:43:44]                                                                                                                                                                           
[08:43:44]     ======================================================================================================================================================================
[08:43:44]     | WIPE-DB      | 任務名稱: 全域資料表移除任務       | 啟動時間: 2026-09-22 08:43:44
[08:43:44]     ----------------------------------------------------------------------------------------------------------------------------------------------------------------------
[08:43:45]     | DB           | MARS_DB                | WIPE_TABL     | SUCC     | [資料表: live_veh_recg] 移除成功 >>> 目前累計清除 1 張資料表
[08:43:45]     | DB           | MARS_DB                | WIPE_TABL     | SUCC     | [資料表: live_veh_moni] 移除成功 >>> 目前累計清除 2 張資料表
[08:43:45]     | DB           | MARS_DB                | WIPE_SCHM     | SUCC     | [架構: infer] 移除成功 >>> 該架構及其相依實體已徹底清除
[08:43:45]     | DB           | MARS_DB                | WIPE_TABL     | SUCC     | [資料表: modl_ver_info] 移除成功 >>> 目前累計清除 3 張資料表
[08:43:45]     | DB           | MARS_DB                | WIPE_TABL     | SUCC     | [資料表: modl_fit_eval] 移除成功 >>> 目前累計清除 4 張資料表
[08:43:45]     | DB           | MARS_DB                | WIPE_SCHM     | SUCC     | [架構: train] 移除成功 >>> 該架構及其相依實體已徹底清除
[08:43:45]     ----------------------------------------------------------------------------------------------------------------------------------------------------------------------
[08:43:45]     | WIPE-DONE    | 執行結果: 全域資料庫清理完畢，共計移除 4 張資料表 | 結束時間: 2026-09-22 08:43:45
[08:43:45]     ======================================================================================================================================================================
[08:43:45]                                                                                                                                                                           
[08:43:45]     ======================================================================================================================================================================
[08:43:45]     | INIT-DB      | 任務名稱: 全域資料表部署任務       | 啟動時間: 2026-09-22 08:43:45
[08:43:45]     ----------------------------------------------------------------------------------------------------------------------------------------------------------------------
[08:43:45]     | DB           | MARS_DB                | INIT_SCHM     | SUCC     | [架構: train] 部署成功 >>> 該架構及其執行環境已準備就緒
[08:43:45]     | DB           | MARS_DB                | INIT_TABL     | SUCC     | [資料表: modl_ver_info] 部署成功 >>> 結構建置完畢，欄位共計 18 個
[08:43:45]     | DB           | MARS_DB                | INIT_TABL     | SUCC     | [資料表: modl_fit_eval] 部署成功 >>> 結構建置完畢，欄位共計 13 個
[08:43:45]     | DB           | MARS_DB                | INIT_SCHM     | SUCC     | [架構: infer] 部署成功 >>> 該架構及其執行環境已準備就緒
[08:43:45]     | DB           | MARS_DB                | INIT_TABL     | SUCC     | [資料表: live_veh_recg] 部署成功 >>> 結構建置完畢，欄位共計 14 個
[08:43:45]     | DB           | MARS_DB                | INIT_TABL     | SUCC     | [資料表: live_veh_moni] 部署成功 >>> 結構建置完畢，欄位共計 7 個
[08:43:45]     ----------------------------------------------------------------------------------------------------------------------------------------------------------------------
[08:43:45]     | INIT-DONE    | 執行結果: 全域資料表部署完畢，共計部署 4 張資料表 | 結束時間: 2026-09-22 08:43:45
[08:43:45]     ======================================================================================================================================================================
[08:43:45]                                                                                                                                                                           
[08:43:45]     ======================================================================================================================================================================
[08:43:45]     | AUDT-DB      | 任務名稱: 全域資料表審計任務       | 啟動時間: 2026-09-22 08:43:45
[08:43:45]     ----------------------------------------------------------------------------------------------------------------------------------------------------------------------
[08:43:45]     | DB           | MARS_DB                | AUDT_TABL     | SUCC     | [資料表: modl_ver_info] 審計成功 >>> 項次-001，所屬架構(train)、系統識別碼(64560)
[08:43:45]     | DB           | MARS_DB                | AUDT_TABL     | SUCC     | [資料表: modl_fit_eval] 審計成功 >>> 項次-002，所屬架構(train)、系統識別碼(64569)
[08:43:45]     | DB           | MARS_DB                | AUDT_TABL     | SUCC     | [資料表: live_veh_recg] 審計成功 >>> 項次-003，所屬架構(infer)、系統識別碼(64577)
[08:43:45]     | DB           | MARS_DB                | AUDT_TABL     | SUCC     | [資料表: live_veh_moni] 審計成功 >>> 項次-004，所屬架構(infer)、系統識別碼(64586)
[08:43:45]     ----------------------------------------------------------------------------------------------------------------------------------------------------------------------
[08:43:45]     | AUDT-DONE    | 執行結果: 全域資料表審計完畢，共計審計 4 筆實體資料表 | 結束時間: 2026-09-22 08:43:45
[08:43:45]     ======================================================================================================================================================================
[08:43:45]                                                                                                                                                                           
[08:43:45] --------------------------------------------------------------------------------------------------------------------------------------------------------------------------
[08:43:45] | INIT-DONE    | 執行結果: 已完成系統與資料庫初始化 | 結束時間: 2026-09-22 08:43:45
[08:43:45] ==========================================================================================================================================================================
[08:43:45]                                                                                                                                                                           
[08:49:50] ==========================================================================================================================================================================
[08:49:50] | INIT-ENVR    | 任務名稱: 系統環境與資料庫初始化作業   | 啟動時間: 2026-09-22 08:49:50
[08:49:50] --------------------------------------------------------------------------------------------------------------------------------------------------------------------------
[08:49:50]                                                                                                                                                                           
[08:49:50]     ======================================================================================================================================================================
[08:49:50]     | REMV-PYC     | 任務名稱: PyCache 快取檔案移除任務 | 啟動時間: 2026-09-22 08:49:50
[08:49:50]     ----------------------------------------------------------------------------------------------------------------------------------------------------------------------
[08:49:50]     | FILE         | PyCache                | REMV_PYC      | SUCC     | [檔案: __pycache__] 移除成功 >>> 該檔案路徑(MARS_Project/__pycache__)
[08:49:50]     | FILE         | PyCache                | REMV_PYC      | SUCC     | [檔案: __pycache__] 移除成功 >>> 該檔案路徑(MARS_Project/config/__pycache__)
[08:49:50]     | FILE         | PyCache                | REMV_PYC      | SUCC     | [檔案: __pycache__] 移除成功 >>> 該檔案路徑(MARS_Project/src/__pycache__)
[08:49:50]     | FILE         | PyCache                | REMV_PYC      | SUCC     | [檔案: __pycache__] 移除成功 >>> 該檔案路徑(MARS_Project/utils/__pycache__)
[08:49:50]     | FILE         | PyCache                | REMV_PYC      | SUCC     | [檔案: __pycache__] 移除成功 >>> 該檔案路徑(MARS_Project/config/maps/__pycache__)
[08:49:50]     | FILE         | PyCache                | REMV_PYC      | SUCC     | [檔案: __pycache__] 移除成功 >>> 該檔案路徑(MARS_Project/config/maps/schm_maps/__pycache__)
[08:49:50]     | FILE         | PyCache                | REMV_PYC      | SUCC     | [檔案: __pycache__] 移除成功 >>> 該檔案路徑(MARS_Project/config/maps/stage_maps/__pycache__)
[08:49:50]     | FILE         | PyCache                | REMV_PYC      | SUCC     | [檔案: __pycache__] 移除成功 >>> 該檔案路徑(MARS_Project/config/maps/schm_maps/infer_tables/__pycache__)
[08:49:50]     | FILE         | PyCache                | REMV_PYC      | SUCC     | [檔案: __pycache__] 移除成功 >>> 該檔案路徑(MARS_Project/config/maps/stage_maps/rules/__pycache__)
[08:49:50]     | FILE         | PyCache                | REMV_PYC      | SUCC     | [檔案: __pycache__] 移除成功 >>> 該檔案路徑(MARS_Project/src/database/__pycache__)
[08:49:50]     | FILE         | PyCache                | REMV_PYC      | SUCC     | [檔案: __pycache__] 移除成功 >>> 該檔案路徑(MARS_Project/src/data_prep/__pycache__)
[08:49:50]     | FILE         | PyCache                | REMV_PYC      | SUCC     | [檔案: __pycache__] 移除成功 >>> 該檔案路徑(MARS_Project/src/modl_opts/__pycache__)
[08:49:50]     | FILE         | PyCache                | REMV_PYC      | SUCC     | [檔案: __pycache__] 移除成功 >>> 該檔案路徑(MARS_Project/src/post_proc/__pycache__)
[08:49:50]     | FILE         | PyCache                | REMV_PYC      | SUCC     | [檔案: __pycache__] 移除成功 >>> 該檔案路徑(MARS_Project/src/vis_recg/__pycache__)
[08:49:50]     | FILE         | PyCache                | REMV_PYC      | SUCC     | [檔案: __pycache__] 移除成功 >>> 該檔案路徑(MARS_Project/src/database/query_repo/__pycache__)
[08:49:50]     | FILE         | PyCache                | REMV_PYC      | SUCC     | [檔案: __pycache__] 移除成功 >>> 該檔案路徑(MARS_Project/src/database/write_repo/__pycache__)
[08:49:50]     | FILE         | PyCache                | REMV_PYC      | SUCC     | [檔案: __pycache__] 移除成功 >>> 該檔案路徑(MARS_Project/src/database/write_repo/infer/__pycache__)
[08:49:50]     | FILE         | PyCache                | REMV_PYC      | SUCC     | [檔案: __pycache__] 移除成功 >>> 該檔案路徑(MARS_Project/src/database/write_repo/train/__pycache__)
[08:49:50]     | FILE         | PyCache                | REMV_PYC      | SUCC     | [檔案: __pycache__] 移除成功 >>> 該檔案路徑(MARS_Project/src/vis_recg/img_proc/__pycache__)
[08:49:50]     | FILE         | PyCache                | REMV_PYC      | SUCC     | [檔案: __pycache__] 移除成功 >>> 該檔案路徑(MARS_Project/src/vis_recg/pipelines/__pycache__)
[08:49:50]     | FILE         | PyCache                | REMV_PYC      | SUCC     | [檔案: __pycache__] 移除成功 >>> 該檔案路徑(MARS_Project/src/vis_recg/img_proc/char_rules/__pycache__)
[08:49:50]     | FILE         | PyCache                | REMV_PYC      | SUCC     | [檔案: __pycache__] 移除成功 >>> 該檔案路徑(MARS_Project/utils/env/__pycache__)
[08:49:50]     | FILE         | PyCache                | REMV_PYC      | SUCC     | [檔案: __pycache__] 移除成功 >>> 該檔案路徑(MARS_Project/utils/log/__pycache__)
[08:49:53]     ----------------------------------------------------------------------------------------------------------------------------------------------------------------------
[08:49:53]     | REMV-DONE    | 執行結果: 共計移除 23 個快取檔案 | 結束時間: 2026-09-22 08:49:53
[08:49:53]     ======================================================================================================================================================================
[08:49:53]                                                                                                                                                                           
[08:49:53]     ======================================================================================================================================================================
[08:49:53]     | INIT-DB      | 任務名稱: 全域資料表部署任務       | 啟動時間: 2026-09-22 08:49:53
[08:49:53]     ----------------------------------------------------------------------------------------------------------------------------------------------------------------------
[08:49:53]     | DB           | MARS_DB                | INIT_SCHM     | SUCC     | [架構: train] 部署成功 >>> 該架構及其執行環境已準備就緒
[08:49:53]     | DB           | MARS_DB                | INIT_TABL     | SUCC     | [資料表: modl_ver_info] 部署成功 >>> 結構建置完畢，欄位共計 18 個
[08:49:53]     | DB           | MARS_DB                | INIT_TABL     | SUCC     | [資料表: modl_fit_eval] 部署成功 >>> 結構建置完畢，欄位共計 13 個
[08:49:53]     | DB           | MARS_DB                | INIT_SCHM     | SUCC     | [架構: infer] 部署成功 >>> 該架構及其執行環境已準備就緒
[08:49:53]     | DB           | MARS_DB                | INIT_TABL     | SUCC     | [資料表: live_veh_recg] 部署成功 >>> 結構建置完畢，欄位共計 14 個
[08:49:53]     | DB           | MARS_DB                | INIT_TABL     | SUCC     | [資料表: live_veh_moni] 部署成功 >>> 結構建置完畢，欄位共計 7 個
[08:49:53]     ----------------------------------------------------------------------------------------------------------------------------------------------------------------------
[08:49:53]     | INIT-DONE    | 執行結果: 全域資料表部署完畢，共計部署 4 張資料表 | 結束時間: 2026-09-22 08:49:53
[08:49:53]     ======================================================================================================================================================================
[08:49:53]                                                                                                                                                                           
[08:49:53]     ======================================================================================================================================================================
[08:49:53]     | AUDT-DB      | 任務名稱: 全域資料表審計任務       | 啟動時間: 2026-09-22 08:49:53
[08:49:53]     ----------------------------------------------------------------------------------------------------------------------------------------------------------------------
[08:49:53]     | DB           | MARS_DB                | AUDT_TABL     | SUCC     | [資料表: modl_ver_info] 審計成功 >>> 項次-001，所屬架構(train)、系統識別碼(64560)
[08:49:53]     | DB           | MARS_DB                | AUDT_TABL     | SUCC     | [資料表: modl_fit_eval] 審計成功 >>> 項次-002，所屬架構(train)、系統識別碼(64569)
[08:49:53]     | DB           | MARS_DB                | AUDT_TABL     | SUCC     | [資料表: live_veh_recg] 審計成功 >>> 項次-003，所屬架構(infer)、系統識別碼(64577)
[08:49:53]     | DB           | MARS_DB                | AUDT_TABL     | SUCC     | [資料表: live_veh_moni] 審計成功 >>> 項次-004，所屬架構(infer)、系統識別碼(64586)
[08:49:53]     ----------------------------------------------------------------------------------------------------------------------------------------------------------------------
[08:49:53]     | AUDT-DONE    | 執行結果: 全域資料表審計完畢，共計審計 4 筆實體資料表 | 結束時間: 2026-09-22 08:49:53
[08:49:53]     ======================================================================================================================================================================
[08:49:53]                                                                                                                                                                           
[08:49:53] --------------------------------------------------------------------------------------------------------------------------------------------------------------------------
[08:49:53] | INIT-DONE    | 執行結果: 已完成系統與資料庫初始化 | 結束時間: 2026-09-22 08:49:53
[08:49:53] ==========================================================================================================================================================================
[08:49:53]                                                                                                                                                                           
[08:51:51] ==========================================================================================================================================================================
[08:51:51] | INIT-ENVR    | 任務名稱: 系統環境與資料庫初始化作業   | 啟動時間: 2026-09-22 08:51:51
[08:51:51] --------------------------------------------------------------------------------------------------------------------------------------------------------------------------
[08:51:51]                                                                                                                                                                           
[08:51:51]     ======================================================================================================================================================================
[08:51:51]     | REMV-PYC     | 任務名稱: PyCache 快取檔案移除任務 | 啟動時間: 2026-09-22 08:51:51
[08:51:51]     ----------------------------------------------------------------------------------------------------------------------------------------------------------------------
[08:51:51]     | FILE         | PyCache                | REMV_PYC      | SUCC     | [檔案: __pycache__] 移除成功 >>> 該檔案路徑(MARS_Project/__pycache__)
[08:51:51]     | FILE         | PyCache                | REMV_PYC      | SUCC     | [檔案: __pycache__] 移除成功 >>> 該檔案路徑(MARS_Project/config/__pycache__)
[08:51:51]     | FILE         | PyCache                | REMV_PYC      | SUCC     | [檔案: __pycache__] 移除成功 >>> 該檔案路徑(MARS_Project/src/__pycache__)
[08:51:51]     | FILE         | PyCache                | REMV_PYC      | SUCC     | [檔案: __pycache__] 移除成功 >>> 該檔案路徑(MARS_Project/utils/__pycache__)
[08:51:51]     | FILE         | PyCache                | REMV_PYC      | SUCC     | [檔案: __pycache__] 移除成功 >>> 該檔案路徑(MARS_Project/config/maps/__pycache__)
[08:51:51]     | FILE         | PyCache                | REMV_PYC      | SUCC     | [檔案: __pycache__] 移除成功 >>> 該檔案路徑(MARS_Project/config/maps/schm_maps/__pycache__)
[08:51:51]     | FILE         | PyCache                | REMV_PYC      | SUCC     | [檔案: __pycache__] 移除成功 >>> 該檔案路徑(MARS_Project/config/maps/stage_maps/__pycache__)
[08:51:51]     | FILE         | PyCache                | REMV_PYC      | SUCC     | [檔案: __pycache__] 移除成功 >>> 該檔案路徑(MARS_Project/config/maps/schm_maps/infer_tables/__pycache__)
[08:51:51]     | FILE         | PyCache                | REMV_PYC      | SUCC     | [檔案: __pycache__] 移除成功 >>> 該檔案路徑(MARS_Project/config/maps/stage_maps/rules/__pycache__)
[08:51:51]     | FILE         | PyCache                | REMV_PYC      | SUCC     | [檔案: __pycache__] 移除成功 >>> 該檔案路徑(MARS_Project/src/database/__pycache__)
[08:51:51]     | FILE         | PyCache                | REMV_PYC      | SUCC     | [檔案: __pycache__] 移除成功 >>> 該檔案路徑(MARS_Project/src/data_prep/__pycache__)
[08:51:51]     | FILE         | PyCache                | REMV_PYC      | SUCC     | [檔案: __pycache__] 移除成功 >>> 該檔案路徑(MARS_Project/src/modl_opts/__pycache__)
[08:51:51]     | FILE         | PyCache                | REMV_PYC      | SUCC     | [檔案: __pycache__] 移除成功 >>> 該檔案路徑(MARS_Project/src/post_proc/__pycache__)
[08:51:51]     | FILE         | PyCache                | REMV_PYC      | SUCC     | [檔案: __pycache__] 移除成功 >>> 該檔案路徑(MARS_Project/src/vis_recg/__pycache__)
[08:51:51]     | FILE         | PyCache                | REMV_PYC      | SUCC     | [檔案: __pycache__] 移除成功 >>> 該檔案路徑(MARS_Project/src/database/query_repo/__pycache__)
[08:51:51]     | FILE         | PyCache                | REMV_PYC      | SUCC     | [檔案: __pycache__] 移除成功 >>> 該檔案路徑(MARS_Project/src/database/write_repo/__pycache__)
[08:51:51]     | FILE         | PyCache                | REMV_PYC      | SUCC     | [檔案: __pycache__] 移除成功 >>> 該檔案路徑(MARS_Project/src/database/write_repo/infer/__pycache__)
[08:51:51]     | FILE         | PyCache                | REMV_PYC      | SUCC     | [檔案: __pycache__] 移除成功 >>> 該檔案路徑(MARS_Project/src/database/write_repo/train/__pycache__)
[08:51:51]     | FILE         | PyCache                | REMV_PYC      | SUCC     | [檔案: __pycache__] 移除成功 >>> 該檔案路徑(MARS_Project/src/vis_recg/img_proc/__pycache__)
[08:51:51]     | FILE         | PyCache                | REMV_PYC      | SUCC     | [檔案: __pycache__] 移除成功 >>> 該檔案路徑(MARS_Project/src/vis_recg/pipelines/__pycache__)
[08:51:51]     | FILE         | PyCache                | REMV_PYC      | SUCC     | [檔案: __pycache__] 移除成功 >>> 該檔案路徑(MARS_Project/src/vis_recg/img_proc/char_rules/__pycache__)
[08:51:51]     | FILE         | PyCache                | REMV_PYC      | SUCC     | [檔案: __pycache__] 移除成功 >>> 該檔案路徑(MARS_Project/utils/env/__pycache__)
[08:51:51]     | FILE         | PyCache                | REMV_PYC      | SUCC     | [檔案: __pycache__] 移除成功 >>> 該檔案路徑(MARS_Project/utils/log/__pycache__)
[08:51:54]     ----------------------------------------------------------------------------------------------------------------------------------------------------------------------
[08:51:54]     | REMV-DONE    | 執行結果: 共計移除 23 個快取檔案 | 結束時間: 2026-09-22 08:51:54
[08:51:54]     ======================================================================================================================================================================
[08:51:54]                                                                                                                                                                           
[08:51:54]     ======================================================================================================================================================================
[08:51:54]     | INIT-DB      | 任務名稱: 全域資料表部署任務       | 啟動時間: 2026-09-22 08:51:54
[08:51:54]     ----------------------------------------------------------------------------------------------------------------------------------------------------------------------
[08:51:54]     | DB           | MARS_DB                | INIT_SCHM     | SUCC     | [架構: train] 部署成功 >>> 該架構及其執行環境已準備就緒
[08:51:54]     | DB           | MARS_DB                | INIT_TABL     | SUCC     | [資料表: modl_ver_info] 部署成功 >>> 結構建置完畢，欄位共計 18 個
[08:51:54]     | DB           | MARS_DB                | INIT_TABL     | SUCC     | [資料表: modl_fit_eval] 部署成功 >>> 結構建置完畢，欄位共計 13 個
[08:51:54]     | DB           | MARS_DB                | INIT_SCHM     | SUCC     | [架構: infer] 部署成功 >>> 該架構及其執行環境已準備就緒
[08:51:54]     | DB           | MARS_DB                | INIT_TABL     | SUCC     | [資料表: live_veh_recg] 部署成功 >>> 結構建置完畢，欄位共計 14 個
[08:51:54]     | DB           | MARS_DB                | INIT_TABL     | SUCC     | [資料表: live_veh_moni] 部署成功 >>> 結構建置完畢，欄位共計 7 個
[08:51:54]     ----------------------------------------------------------------------------------------------------------------------------------------------------------------------
[08:51:54]     | INIT-DONE    | 執行結果: 全域資料表部署完畢，共計部署 4 張資料表 | 結束時間: 2026-09-22 08:51:54
[08:51:54]     ======================================================================================================================================================================
[08:51:54]                                                                                                                                                                           
[08:51:54]     ======================================================================================================================================================================
[08:51:54]     | AUDT-DB      | 任務名稱: 全域資料表審計任務       | 啟動時間: 2026-09-22 08:51:54
[08:51:54]     ----------------------------------------------------------------------------------------------------------------------------------------------------------------------
[08:51:54]     | DB           | MARS_DB                | AUDT_TABL     | SUCC     | [資料表: modl_ver_info] 審計成功 >>> 項次-001，所屬架構(train)、系統識別碼(64560)
[08:51:54]     | DB           | MARS_DB                | AUDT_TABL     | SUCC     | [資料表: modl_fit_eval] 審計成功 >>> 項次-002，所屬架構(train)、系統識別碼(64569)
[08:51:54]     | DB           | MARS_DB                | AUDT_TABL     | SUCC     | [資料表: live_veh_recg] 審計成功 >>> 項次-003，所屬架構(infer)、系統識別碼(64577)
[08:51:54]     | DB           | MARS_DB                | AUDT_TABL     | SUCC     | [資料表: live_veh_moni] 審計成功 >>> 項次-004，所屬架構(infer)、系統識別碼(64586)
[08:51:54]     ----------------------------------------------------------------------------------------------------------------------------------------------------------------------
[08:51:54]     | AUDT-DONE    | 執行結果: 全域資料表審計完畢，共計審計 4 筆實體資料表 | 結束時間: 2026-09-22 08:51:54
[08:51:54]     ======================================================================================================================================================================
[08:51:54]                                                                                                                                                                           
[08:51:54] --------------------------------------------------------------------------------------------------------------------------------------------------------------------------
[08:51:54] | INIT-DONE    | 執行結果: 已完成系統與資料庫初始化 | 結束時間: 2026-09-22 08:51:54
[08:51:54] ==========================================================================================================================================================================
[08:51:54]                                                                                                                                                                           
[08:51:54] ==========================================================================================================================================================================
[08:51:54] | TRAIN-PIPE   | 任務名稱: 啟動 MARS 自動化訓練管線 | 啟動時間: 2026-09-22 08:51:54
[08:51:54] --------------------------------------------------------------------------------------------------------------------------------------------------------------------------
[08:51:54] ==========================================================================================================================================================================
[08:51:54] | DATA-PREP    | 任務名稱: 資料整備階段          | 啟動時間: 2026-09-22 08:51:54
[08:51:54] --------------------------------------------------------------------------------------------------------------------------------------------------------------------------
[08:51:54] ==========================================================================================================================================================================
[08:51:54] | CONC-TASK    | 任務名稱: 並行抽幀任務，共計載入 1 部影片 | 啟動時間: 2026-09-22 08:51:54
[08:51:54] --------------------------------------------------------------------------------------------------------------------------------------------------------------------------
[08:52:29] | VIDEO        | TRAIN_S25U_VEH_ROOF_20260921_180355.mp4 | EXTRACT_FRAMES | SUCC     | [影片: TRAIN_S25U_VEH_ROOF_20260921_180355.mp4] 抽幀成功 >>> 影片長度共計 791 幀，成功抽幀儲存 80 張影像
[08:52:29] | CLASS        | ConcurrentVideoExtractor | SUMMARIZE_EXTRACTION_TASKS | SUCC     | [目錄: raw_vids] 並行成功 >>> 任務統計如下: 
 >>> 處理成功: 1 部影片
 >>> 處理失敗: 0 部影片
 >>> 失敗影片: None
 >>> 累計數量: 791 幀影像
 >>> 抽幀數量: 80 張訓練圖像
[08:52:29] --------------------------------------------------------------------------------------------------------------------------------------------------------------------------
[08:52:29] | CONC-DONE    | 執行結果: 並行抽幀全數完成，請上傳 Roboflow 完成標註並匯出 | 結束時間: 2026-09-22 08:52:29
[08:52:29] ==========================================================================================================================================================================
[08:52:29] --------------------------------------------------------------------------------------------------------------------------------------------------------------------------
[08:52:29] | PREP-DONE    | 執行結果: 資料整備全數完成，原始影片抽幀順利到位 | 結束時間: 2026-09-22 08:52:29
[08:52:29] ==========================================================================================================================================================================
[08:52:29] --------------------------------------------------------------------------------------------------------------------------------------------------------------------------
[08:52:29] | PIPE-DONE    | 執行結果: [自動化訓練管線(僅整備)] 順利完成，原始影片抽幀與光學整備作業全數就緒 | 結束時間: 2026-09-22 08:52:29
[08:52:29] ==========================================================================================================================================================================
[08:58:24] ==========================================================================================================================================================================
[08:58:24] | INIT-ENVR    | 任務名稱: 系統環境與資料庫初始化作業   | 啟動時間: 2026-09-22 08:58:24
[08:58:24] --------------------------------------------------------------------------------------------------------------------------------------------------------------------------
[08:58:24]                                                                                                                                                                           
[08:58:24]     ======================================================================================================================================================================
[08:58:24]     | REMV-PYC     | 任務名稱: PyCache 快取檔案移除任務 | 啟動時間: 2026-09-22 08:58:24
[08:58:24]     ----------------------------------------------------------------------------------------------------------------------------------------------------------------------
[08:58:24]     | FILE         | PyCache                | REMV_PYC      | SUCC     | [檔案: __pycache__] 移除成功 >>> 該檔案路徑(MARS_Project/__pycache__)
[08:58:24]     | FILE         | PyCache                | REMV_PYC      | SUCC     | [檔案: __pycache__] 移除成功 >>> 該檔案路徑(MARS_Project/config/__pycache__)
[08:58:24]     | FILE         | PyCache                | REMV_PYC      | SUCC     | [檔案: __pycache__] 移除成功 >>> 該檔案路徑(MARS_Project/src/__pycache__)
[08:58:24]     | FILE         | PyCache                | REMV_PYC      | SUCC     | [檔案: __pycache__] 移除成功 >>> 該檔案路徑(MARS_Project/utils/__pycache__)
[08:58:24]     | FILE         | PyCache                | REMV_PYC      | SUCC     | [檔案: __pycache__] 移除成功 >>> 該檔案路徑(MARS_Project/config/maps/__pycache__)
[08:58:24]     | FILE         | PyCache                | REMV_PYC      | SUCC     | [檔案: __pycache__] 移除成功 >>> 該檔案路徑(MARS_Project/config/maps/schm_maps/__pycache__)
[08:58:24]     | FILE         | PyCache                | REMV_PYC      | SUCC     | [檔案: __pycache__] 移除成功 >>> 該檔案路徑(MARS_Project/config/maps/stage_maps/__pycache__)
[08:58:24]     | FILE         | PyCache                | REMV_PYC      | SUCC     | [檔案: __pycache__] 移除成功 >>> 該檔案路徑(MARS_Project/config/maps/schm_maps/infer_tables/__pycache__)
[08:58:24]     | FILE         | PyCache                | REMV_PYC      | SUCC     | [檔案: __pycache__] 移除成功 >>> 該檔案路徑(MARS_Project/config/maps/stage_maps/rules/__pycache__)
[08:58:24]     | FILE         | PyCache                | REMV_PYC      | SUCC     | [檔案: __pycache__] 移除成功 >>> 該檔案路徑(MARS_Project/src/database/__pycache__)
[08:58:24]     | FILE         | PyCache                | REMV_PYC      | SUCC     | [檔案: __pycache__] 移除成功 >>> 該檔案路徑(MARS_Project/src/data_prep/__pycache__)
[08:58:24]     | FILE         | PyCache                | REMV_PYC      | SUCC     | [檔案: __pycache__] 移除成功 >>> 該檔案路徑(MARS_Project/src/modl_opts/__pycache__)
[08:58:24]     | FILE         | PyCache                | REMV_PYC      | SUCC     | [檔案: __pycache__] 移除成功 >>> 該檔案路徑(MARS_Project/src/post_proc/__pycache__)
[08:58:24]     | FILE         | PyCache                | REMV_PYC      | SUCC     | [檔案: __pycache__] 移除成功 >>> 該檔案路徑(MARS_Project/src/vis_recg/__pycache__)
[08:58:24]     | FILE         | PyCache                | REMV_PYC      | SUCC     | [檔案: __pycache__] 移除成功 >>> 該檔案路徑(MARS_Project/src/database/query_repo/__pycache__)
[08:58:24]     | FILE         | PyCache                | REMV_PYC      | SUCC     | [檔案: __pycache__] 移除成功 >>> 該檔案路徑(MARS_Project/src/database/write_repo/__pycache__)
[08:58:24]     | FILE         | PyCache                | REMV_PYC      | SUCC     | [檔案: __pycache__] 移除成功 >>> 該檔案路徑(MARS_Project/src/database/write_repo/infer/__pycache__)
[08:58:24]     | FILE         | PyCache                | REMV_PYC      | SUCC     | [檔案: __pycache__] 移除成功 >>> 該檔案路徑(MARS_Project/src/database/write_repo/train/__pycache__)
[08:58:24]     | FILE         | PyCache                | REMV_PYC      | SUCC     | [檔案: __pycache__] 移除成功 >>> 該檔案路徑(MARS_Project/src/vis_recg/img_proc/__pycache__)
[08:58:24]     | FILE         | PyCache                | REMV_PYC      | SUCC     | [檔案: __pycache__] 移除成功 >>> 該檔案路徑(MARS_Project/src/vis_recg/pipelines/__pycache__)
[08:58:24]     | FILE         | PyCache                | REMV_PYC      | SUCC     | [檔案: __pycache__] 移除成功 >>> 該檔案路徑(MARS_Project/src/vis_recg/img_proc/char_rules/__pycache__)
[08:58:24]     | FILE         | PyCache                | REMV_PYC      | SUCC     | [檔案: __pycache__] 移除成功 >>> 該檔案路徑(MARS_Project/utils/env/__pycache__)
[08:58:24]     | FILE         | PyCache                | REMV_PYC      | SUCC     | [檔案: __pycache__] 移除成功 >>> 該檔案路徑(MARS_Project/utils/log/__pycache__)
[08:58:27]     ----------------------------------------------------------------------------------------------------------------------------------------------------------------------
[08:58:27]     | REMV-DONE    | 執行結果: 共計移除 23 個快取檔案 | 結束時間: 2026-09-22 08:58:27
[08:58:27]     ======================================================================================================================================================================
[08:58:27]                                                                                                                                                                           
[08:58:27]     ======================================================================================================================================================================
[08:58:27]     | INIT-DB      | 任務名稱: 全域資料表部署任務       | 啟動時間: 2026-09-22 08:58:27
[08:58:27]     ----------------------------------------------------------------------------------------------------------------------------------------------------------------------
[08:58:27]     | DB           | MARS_DB                | INIT_SCHM     | SUCC     | [架構: train] 部署成功 >>> 該架構及其執行環境已準備就緒
[08:58:27]     | DB           | MARS_DB                | INIT_TABL     | SUCC     | [資料表: modl_ver_info] 部署成功 >>> 結構建置完畢，欄位共計 18 個
[08:58:27]     | DB           | MARS_DB                | INIT_TABL     | SUCC     | [資料表: modl_fit_eval] 部署成功 >>> 結構建置完畢，欄位共計 13 個
[08:58:27]     | DB           | MARS_DB                | INIT_SCHM     | SUCC     | [架構: infer] 部署成功 >>> 該架構及其執行環境已準備就緒
[08:58:27]     | DB           | MARS_DB                | INIT_TABL     | SUCC     | [資料表: live_veh_recg] 部署成功 >>> 結構建置完畢，欄位共計 14 個
[08:58:27]     | DB           | MARS_DB                | INIT_TABL     | SUCC     | [資料表: live_veh_moni] 部署成功 >>> 結構建置完畢，欄位共計 7 個
[08:58:27]     ----------------------------------------------------------------------------------------------------------------------------------------------------------------------
[08:58:27]     | INIT-DONE    | 執行結果: 全域資料表部署完畢，共計部署 4 張資料表 | 結束時間: 2026-09-22 08:58:27
[08:58:27]     ======================================================================================================================================================================
[08:58:27]                                                                                                                                                                           
[08:58:27]     ======================================================================================================================================================================
[08:58:27]     | AUDT-DB      | 任務名稱: 全域資料表審計任務       | 啟動時間: 2026-09-22 08:58:27
[08:58:27]     ----------------------------------------------------------------------------------------------------------------------------------------------------------------------
[08:58:27]     | DB           | MARS_DB                | AUDT_TABL     | SUCC     | [資料表: modl_ver_info] 審計成功 >>> 項次-001，所屬架構(train)、系統識別碼(64560)
[08:58:27]     | DB           | MARS_DB                | AUDT_TABL     | SUCC     | [資料表: modl_fit_eval] 審計成功 >>> 項次-002，所屬架構(train)、系統識別碼(64569)
[08:58:27]     | DB           | MARS_DB                | AUDT_TABL     | SUCC     | [資料表: live_veh_recg] 審計成功 >>> 項次-003，所屬架構(infer)、系統識別碼(64577)
[08:58:27]     | DB           | MARS_DB                | AUDT_TABL     | SUCC     | [資料表: live_veh_moni] 審計成功 >>> 項次-004，所屬架構(infer)、系統識別碼(64586)
[08:58:27]     ----------------------------------------------------------------------------------------------------------------------------------------------------------------------
[08:58:27]     | AUDT-DONE    | 執行結果: 全域資料表審計完畢，共計審計 4 筆實體資料表 | 結束時間: 2026-09-22 08:58:27
[08:58:27]     ======================================================================================================================================================================
[08:58:27]                                                                                                                                                                           
[08:58:27] --------------------------------------------------------------------------------------------------------------------------------------------------------------------------
[08:58:27] | INIT-DONE    | 執行結果: 已完成系統與資料庫初始化 | 結束時間: 2026-09-22 08:58:27
[08:58:27] ==========================================================================================================================================================================
[08:58:27]                                                                                                                                                                           
[08:58:27] ==========================================================================================================================================================================
[08:58:27] | TRAIN-PIPE   | 任務名稱: 啟動 MARS 自動化訓練管線 | 啟動時間: 2026-09-22 08:58:27
[08:58:27] --------------------------------------------------------------------------------------------------------------------------------------------------------------------------
[08:58:27] ==========================================================================================================================================================================
[08:58:27] | MODL-OPTS    | 任務名稱: 模型優化階段          | 啟動時間: 2026-09-22 08:58:27
[08:58:27] --------------------------------------------------------------------------------------------------------------------------------------------------------------------------
[08:58:27] ==========================================================================================================================================================================
[08:58:27] | COORD-TASK   | 任務名稱: 階層級聯協調任務，載入 [VEH] 資料集 | 啟動時間: 2026-09-22 08:58:27
[08:58:27] --------------------------------------------------------------------------------------------------------------------------------------------------------------------------
[08:58:27] | STAGE        | COORD-VEH              | GENERATE_SUB_DATA_YAML | SUCC     | [組態: data.yaml] 生成成功 >>> 已完成 2 組次領域專屬訓練組態
[08:58:27] | STAGE        | COORD-VEH              | WRITE_SUB_OBJECT_LINEAGE | SUCC     | [記錄: sub_obj_lineage.json] 寫入成功 >>> 累計建立 7 筆跨階層級聯血統紀錄
[08:58:27] | STAGE        | COORD-VEH              | COORDINATION_SUMMARY | SUCC     | [領域: VEH] 協調成功 >>> 級聯統計如下: 
 >>> 目標主領域: VEH (雙階層架構)
 >>> 涵蓋次領域: LIC, BRAND
 >>> 主物件裁切: 7 張局部裁切影像
 >>> 次物件校正: 11 組投影平移標籤
 >>> 血統溯源檔: sub_obj_lineage.json
[08:58:27] --------------------------------------------------------------------------------------------------------------------------------------------------------------------------
[08:58:27] | COORD-DONE   | 執行結果: [VEH] 階層級聯協調全數完成，次階訓練資料集已就緒 | 結束時間: 2026-09-22 08:58:27
[08:58:27] ==========================================================================================================================================================================
[08:58:27] ==========================================================================================================================================================================
[08:58:27] | YOLO-TASK    | 任務名稱: 模型訓練任務，載入 [VEH] 資料集 (核心版本-v1.0.0) | 啟動時間: 2026-09-22 08:58:27
[08:58:27] --------------------------------------------------------------------------------------------------------------------------------------------------------------------------
[08:58:27] | MODEL        | YOLO-T-VEH             | READ_DATA_YAML | SUCC     | [檔案: data.yaml] 讀取成功 >>> 已指向標註資料集中介資料 (類別數: 5)
[08:58:46] | MODEL        | YOLO-T-VEH             | GENERATE_WEIGHTS | SUCC     | [檔案: best.pt] 訓練成功 >>> 已完成最佳權重歸檔至版本目錄 (v1.0.0)
[08:58:46] | MODEL        | YOLO-T-VEH             | RESOLVE_RESULTS_LOGS | SUCC     | [日誌: results.csv] 解析成功 >>> 已取得各輪次 (Epoch) 訓練成果，最佳 mAP50: 0.0184
[08:58:46] | DB           | MARS_DB                | UPST_DATA     | SUCC     | [資料表: modl_ver_info] 寫入成功 >>> 共計更新 1 筆數據
[08:58:46] | DB           | MARS_DB                | UPST_DATA     | SUCC     | [資料表: modl_fit_eval] 寫入成功 >>> 共計更新 5 筆數據
[08:58:46] | MODEL        | YOLO-T-VEH             | SYNC_TRAIN_DATABASE | SUCC     | [資料庫: MARS-DB] 寫入成功 >>> 模型版本資訊與 5 筆成效指標數據「完全同步」
[08:58:46] | MODEL        | YOLO-T-VEH-LIC         | READ_DATA_YAML | SUCC     | [檔案: data.yaml] 讀取成功 >>> 已指向標註資料集中介資料 (類別數: 1)
[08:59:02] | MODEL        | YOLO-T-VEH-LIC         | GENERATE_WEIGHTS | SUCC     | [檔案: best.pt] 訓練成功 >>> 已完成最佳權重歸檔至版本目錄 (v1.0.0)
[08:59:02] | MODEL        | YOLO-T-VEH-LIC         | RESOLVE_RESULTS_LOGS | SUCC     | [日誌: results.csv] 解析成功 >>> 已取得各輪次 (Epoch) 訓練成果，最佳 mAP50: 0.1990
[08:59:02] | DB           | MARS_DB                | UPST_DATA     | SUCC     | [資料表: modl_ver_info] 寫入成功 >>> 共計更新 1 筆數據
[08:59:02] | DB           | MARS_DB                | UPST_DATA     | SUCC     | [資料表: modl_fit_eval] 寫入成功 >>> 共計更新 5 筆數據
[08:59:02] | MODEL        | YOLO-T-VEH-LIC         | SYNC_TRAIN_DATABASE | SUCC     | [資料庫: MARS-DB] 寫入成功 >>> 模型版本資訊與 5 筆成效指標數據「完全同步」
[08:59:02] | MODEL        | YOLO-T-VEH-BRAND       | READ_DATA_YAML | SUCC     | [檔案: data.yaml] 讀取成功 >>> 已指向標註資料集中介資料 (類別數: 13)
[08:59:10] | MODEL        | YOLO-T-VEH-BRAND       | GENERATE_WEIGHTS | SUCC     | [檔案: best.pt] 訓練成功 >>> 已完成最佳權重歸檔至版本目錄 (v1.0.0)
[08:59:10] | MODEL        | YOLO-T-VEH-BRAND       | RESOLVE_RESULTS_LOGS | SUCC     | [日誌: results.csv] 解析成功 >>> 已取得各輪次 (Epoch) 訓練成果，最佳 mAP50: 0.0000
[08:59:10] | DB           | MARS_DB                | UPST_DATA     | SUCC     | [資料表: modl_ver_info] 寫入成功 >>> 共計更新 1 筆數據
[08:59:10] | DB           | MARS_DB                | UPST_DATA     | SUCC     | [資料表: modl_fit_eval] 寫入成功 >>> 共計更新 5 筆數據
[08:59:10] | MODEL        | YOLO-T-VEH-BRAND       | SYNC_TRAIN_DATABASE | SUCC     | [資料庫: MARS-DB] 寫入成功 >>> 模型版本資訊與 5 筆成效指標數據「完全同步」
[08:59:10] --------------------------------------------------------------------------------------------------------------------------------------------------------------------------
[08:59:10] | YOLO-DONE    | 執行結果: [VEH] 全階層模型訓練全數完成，最佳平均精度值 (Mean mAP50) 為 0.0725 | 結束時間: 2026-09-22 08:59:10
[08:59:10] ==========================================================================================================================================================================
[08:59:10] ==========================================================================================================================================================================
[08:59:10] | TRT-TASK     | 任務名稱: 靜態編譯任務，載入 [VEH] 最佳權重 (核心版本-v1.0.0) | 啟動時間: 2026-09-22 08:59:10
[08:59:10] --------------------------------------------------------------------------------------------------------------------------------------------------------------------------
[09:02:07] | MODEL        | TRT-VEH                | GENERATE_ENGINE | SUCC     | [檔案: best.engine] 編譯成功 >>> 已完成 TensorRT 靜態加速引擎導出
[09:04:25] | MODEL        | TRT-VEH                | GENERATE_ENGINE | SUCC     | [檔案: best.engine] 編譯成功 >>> 已完成 TensorRT 靜態加速引擎導出
[09:06:17] | MODEL        | TRT-VEH                | GENERATE_ENGINE | SUCC     | [檔案: best.engine] 編譯成功 >>> 已完成 TensorRT 靜態加速引擎導出
[09:06:17] --------------------------------------------------------------------------------------------------------------------------------------------------------------------------
[09:06:17] | TRT-DONE     | 執行結果: [VEH] 全階層最佳權重靜態編譯順利完成，共計生成 3 組 TRT 引擎 | 結束時間: 2026-09-22 09:06:17
[09:06:17] ==========================================================================================================================================================================
[09:06:17] | VIDEO        | TRAIN_S25U_VEH_ROOF_20260921_180355.mp4 | ARCHIVE_TRAIN_FILES | SUCC     | [檔案集: TRAIN_S25U_VEH_ROOF_20260921_180355] 歸檔成功 >>> 原始影片、抽幀影像與標註全集(含次領域)已搬遷至 (VEH/v1.0.0)
[09:06:17] --------------------------------------------------------------------------------------------------------------------------------------------------------------------------
[09:06:17] | OPTS-DONE    | 執行結果: 模型優化全數完成，各領域級聯協調、模型訓練與靜態編譯全數就緒，並自動歸檔 | 結束時間: 2026-09-22 09:06:17
[09:06:17] ==========================================================================================================================================================================
[09:06:17] --------------------------------------------------------------------------------------------------------------------------------------------------------------------------
[09:06:17] | PIPE-DONE    | 執行結果: [自動化訓練管線(僅訓練)] 順利完成，各領域級聯協調、模型訓練與靜態編譯全數就緒 | 結束時間: 2026-09-22 09:06:17
[09:06:17] ==========================================================================================================================================================================
[09:09:58] ==========================================================================================================================================================================
[09:09:58] | INIT-ENVR    | 任務名稱: 系統環境與資料庫初始化作業   | 啟動時間: 2026-09-22 09:09:58
[09:09:58] --------------------------------------------------------------------------------------------------------------------------------------------------------------------------
[09:09:58]                                                                                                                                                                           
[09:09:58]     ======================================================================================================================================================================
[09:09:58]     | REMV-PYC     | 任務名稱: PyCache 快取檔案移除任務 | 啟動時間: 2026-09-22 09:09:58
[09:09:58]     ----------------------------------------------------------------------------------------------------------------------------------------------------------------------
[09:09:58]     | FILE         | PyCache                | REMV_PYC      | SUCC     | [檔案: __pycache__] 移除成功 >>> 該檔案路徑(MARS_Project/__pycache__)
[09:09:58]     | FILE         | PyCache                | REMV_PYC      | SUCC     | [檔案: __pycache__] 移除成功 >>> 該檔案路徑(MARS_Project/config/__pycache__)
[09:09:58]     | FILE         | PyCache                | REMV_PYC      | SUCC     | [檔案: __pycache__] 移除成功 >>> 該檔案路徑(MARS_Project/src/__pycache__)
[09:09:58]     | FILE         | PyCache                | REMV_PYC      | SUCC     | [檔案: __pycache__] 移除成功 >>> 該檔案路徑(MARS_Project/utils/__pycache__)
[09:09:58]     | FILE         | PyCache                | REMV_PYC      | SUCC     | [檔案: __pycache__] 移除成功 >>> 該檔案路徑(MARS_Project/config/maps/__pycache__)
[09:09:58]     | FILE         | PyCache                | REMV_PYC      | SUCC     | [檔案: __pycache__] 移除成功 >>> 該檔案路徑(MARS_Project/config/maps/schm_maps/__pycache__)
[09:09:58]     | FILE         | PyCache                | REMV_PYC      | SUCC     | [檔案: __pycache__] 移除成功 >>> 該檔案路徑(MARS_Project/config/maps/stage_maps/__pycache__)
[09:09:58]     | FILE         | PyCache                | REMV_PYC      | SUCC     | [檔案: __pycache__] 移除成功 >>> 該檔案路徑(MARS_Project/config/maps/schm_maps/infer_tables/__pycache__)
[09:09:58]     | FILE         | PyCache                | REMV_PYC      | SUCC     | [檔案: __pycache__] 移除成功 >>> 該檔案路徑(MARS_Project/config/maps/stage_maps/rules/__pycache__)
[09:09:58]     | FILE         | PyCache                | REMV_PYC      | SUCC     | [檔案: __pycache__] 移除成功 >>> 該檔案路徑(MARS_Project/src/database/__pycache__)
[09:09:58]     | FILE         | PyCache                | REMV_PYC      | SUCC     | [檔案: __pycache__] 移除成功 >>> 該檔案路徑(MARS_Project/src/data_prep/__pycache__)
[09:09:58]     | FILE         | PyCache                | REMV_PYC      | SUCC     | [檔案: __pycache__] 移除成功 >>> 該檔案路徑(MARS_Project/src/modl_opts/__pycache__)
[09:09:58]     | FILE         | PyCache                | REMV_PYC      | SUCC     | [檔案: __pycache__] 移除成功 >>> 該檔案路徑(MARS_Project/src/post_proc/__pycache__)
[09:09:58]     | FILE         | PyCache                | REMV_PYC      | SUCC     | [檔案: __pycache__] 移除成功 >>> 該檔案路徑(MARS_Project/src/vis_recg/__pycache__)
[09:09:58]     | FILE         | PyCache                | REMV_PYC      | SUCC     | [檔案: __pycache__] 移除成功 >>> 該檔案路徑(MARS_Project/src/database/query_repo/__pycache__)
[09:09:58]     | FILE         | PyCache                | REMV_PYC      | SUCC     | [檔案: __pycache__] 移除成功 >>> 該檔案路徑(MARS_Project/src/database/write_repo/__pycache__)
[09:09:58]     | FILE         | PyCache                | REMV_PYC      | SUCC     | [檔案: __pycache__] 移除成功 >>> 該檔案路徑(MARS_Project/src/database/write_repo/infer/__pycache__)
[09:09:58]     | FILE         | PyCache                | REMV_PYC      | SUCC     | [檔案: __pycache__] 移除成功 >>> 該檔案路徑(MARS_Project/src/database/write_repo/train/__pycache__)
[09:09:58]     | FILE         | PyCache                | REMV_PYC      | SUCC     | [檔案: __pycache__] 移除成功 >>> 該檔案路徑(MARS_Project/src/vis_recg/img_proc/__pycache__)
[09:09:58]     | FILE         | PyCache                | REMV_PYC      | SUCC     | [檔案: __pycache__] 移除成功 >>> 該檔案路徑(MARS_Project/src/vis_recg/pipelines/__pycache__)
[09:09:58]     | FILE         | PyCache                | REMV_PYC      | SUCC     | [檔案: __pycache__] 移除成功 >>> 該檔案路徑(MARS_Project/src/vis_recg/img_proc/char_rules/__pycache__)
[09:09:58]     | FILE         | PyCache                | REMV_PYC      | SUCC     | [檔案: __pycache__] 移除成功 >>> 該檔案路徑(MARS_Project/utils/env/__pycache__)
[09:09:58]     | FILE         | PyCache                | REMV_PYC      | SUCC     | [檔案: __pycache__] 移除成功 >>> 該檔案路徑(MARS_Project/utils/log/__pycache__)
[09:10:01]     ----------------------------------------------------------------------------------------------------------------------------------------------------------------------
[09:10:01]     | REMV-DONE    | 執行結果: 共計移除 23 個快取檔案 | 結束時間: 2026-09-22 09:10:01
[09:10:01]     ======================================================================================================================================================================
[09:10:01]                                                                                                                                                                           
[09:10:01]     ======================================================================================================================================================================
[09:10:01]     | INIT-DB      | 任務名稱: 全域資料表部署任務       | 啟動時間: 2026-09-22 09:10:01
[09:10:01]     ----------------------------------------------------------------------------------------------------------------------------------------------------------------------
[09:10:01]     | DB           | MARS_DB                | INIT_SCHM     | SUCC     | [架構: train] 部署成功 >>> 該架構及其執行環境已準備就緒
[09:10:01]     | DB           | MARS_DB                | INIT_TABL     | SUCC     | [資料表: modl_ver_info] 部署成功 >>> 結構建置完畢，欄位共計 18 個
[09:10:01]     | DB           | MARS_DB                | INIT_TABL     | SUCC     | [資料表: modl_fit_eval] 部署成功 >>> 結構建置完畢，欄位共計 13 個
[09:10:01]     | DB           | MARS_DB                | INIT_SCHM     | SUCC     | [架構: infer] 部署成功 >>> 該架構及其執行環境已準備就緒
[09:10:01]     | DB           | MARS_DB                | INIT_TABL     | SUCC     | [資料表: live_veh_recg] 部署成功 >>> 結構建置完畢，欄位共計 14 個
[09:10:01]     | DB           | MARS_DB                | INIT_TABL     | SUCC     | [資料表: live_veh_moni] 部署成功 >>> 結構建置完畢，欄位共計 7 個
[09:10:01]     ----------------------------------------------------------------------------------------------------------------------------------------------------------------------
[09:10:01]     | INIT-DONE    | 執行結果: 全域資料表部署完畢，共計部署 4 張資料表 | 結束時間: 2026-09-22 09:10:01
[09:10:01]     ======================================================================================================================================================================
[09:10:01]                                                                                                                                                                           
[09:10:01]     ======================================================================================================================================================================
[09:10:01]     | AUDT-DB      | 任務名稱: 全域資料表審計任務       | 啟動時間: 2026-09-22 09:10:01
[09:10:01]     ----------------------------------------------------------------------------------------------------------------------------------------------------------------------
[09:10:02]     | DB           | MARS_DB                | AUDT_TABL     | SUCC     | [資料表: modl_ver_info] 審計成功 >>> 項次-001，所屬架構(train)、系統識別碼(64560)
[09:10:02]     | DB           | MARS_DB                | AUDT_TABL     | SUCC     | [資料表: modl_fit_eval] 審計成功 >>> 項次-002，所屬架構(train)、系統識別碼(64569)
[09:10:02]     | DB           | MARS_DB                | AUDT_TABL     | SUCC     | [資料表: live_veh_recg] 審計成功 >>> 項次-003，所屬架構(infer)、系統識別碼(64577)
[09:10:02]     | DB           | MARS_DB                | AUDT_TABL     | SUCC     | [資料表: live_veh_moni] 審計成功 >>> 項次-004，所屬架構(infer)、系統識別碼(64586)
[09:10:02]     ----------------------------------------------------------------------------------------------------------------------------------------------------------------------
[09:10:02]     | AUDT-DONE    | 執行結果: 全域資料表審計完畢，共計審計 4 筆實體資料表 | 結束時間: 2026-09-22 09:10:02
[09:10:02]     ======================================================================================================================================================================
[09:10:02]                                                                                                                                                                           
[09:10:02] --------------------------------------------------------------------------------------------------------------------------------------------------------------------------
[09:10:02] | INIT-DONE    | 執行結果: 已完成系統與資料庫初始化 | 結束時間: 2026-09-22 09:10:02
[09:10:02] ==========================================================================================================================================================================
[09:10:02]                                                                                                                                                                           
[09:10:02] ==========================================================================================================================================================================
[09:10:02] | INFER-PIPE   | 任務名稱: 啟動 MARS 自動化辨識管線 | 啟動時間: 2026-09-22 09:10:02
[09:10:02] --------------------------------------------------------------------------------------------------------------------------------------------------------------------------
[09:10:02] ==========================================================================================================================================================================
[09:10:02] | PRELOAD-TASK | 任務名稱: 模型預載任務，載入 [VEH] 領域管線 | 啟動時間: 2026-09-22 09:10:02
[09:10:02] --------------------------------------------------------------------------------------------------------------------------------------------------------------------------
[09:10:02] | MODEL        | YOLO-VEH               | LOAD_MODEL_SUCCESS | SUCC     | [主領域: VEH] 掛載成功 >>> 已載入 TRTensor (.engine) 權重 (版本: v1.0.0)
[09:10:02] | MODEL        | YOLO-VEH-LIC           | LOAD_MODEL_SUCCESS | SUCC     | [次領域: VEH/LIC] 掛載成功 >>> 已載入 TRTensor (.engine) 權重 (版本: v1.0.0)
[09:10:02] | MODEL        | YOLO-VEH-BRAND         | LOAD_MODEL_SUCCESS | SUCC     | [次領域: VEH/BRAND] 掛載成功 >>> 已載入 TRTensor (.engine) 權重 (版本: v1.0.0)
[09:10:07] | MODEL        | OCR-Paddle             | LOAD_OCR_SUCCESS | SUCC     | [模型: PaddleOCR] 掛載成功 >>> 字元辨識引擎已預載入記憶體，使用語系(chinese_cht)
[09:10:07] --------------------------------------------------------------------------------------------------------------------------------------------------------------------------
[09:10:07] | PRELOAD-DONE | 執行結果: [VEH] 領域預載完成，辨識引擎(VEH, LIC, BRAND)、引擎工具(char_ocr@chinese_cht) | 結束時間: 2026-09-22 09:10:07
[09:10:07] ==========================================================================================================================================================================
[09:10:07] ==========================================================================================================================================================================
[09:10:07] | INFER-TASK   | 任務名稱: 開始處理影片 [INFER_S25U_VEH_ROOF_20260921_180355.mp4] (主領域: VEH) | 啟動時間: 2026-09-22 09:10:07
[09:10:07] --------------------------------------------------------------------------------------------------------------------------------------------------------------------------
[09:10:08] | VIDEO        | INFER_S25U_VEH_ROOF_20260921_180355.mp4 | INIT_STREAM_SUCCESS | SUCC     | [影片: INFER_S25U_VEH_ROOF_20260921_180355.mp4] 串流成功 >>> 原生FPS(59.8)、總幀數(791)、採樣間距(10)、起始時間(2026-09-21 18:03:55)
[09:10:13] | PROCESS      | BODY-CROP              | VERIFY_CROP_DIMENSIONS | WARN     | [尺寸: 2286x0] 裁切警示 >>> 目標幾何面積無效 (低於 0 像素)，跳過物件邊界裁切程序
[09:10:13] | PROCESS      | COLOR-EXTR             | VALIDATE_ARGUMENTS | WARN     | [參數: roi_crop] 驗證警示 >>> 輸入影像為 None 或格式無效，跳過色彩特徵提取
[09:10:13] | PROCESS      | BODY-CROP              | VERIFY_CROP_DIMENSIONS | WARN     | [尺寸: 693x0] 裁切警示 >>> 目標幾何面積無效 (低於 0 像素)，跳過物件邊界裁切程序
[09:10:13] | PROCESS      | COLOR-EXTR             | VALIDATE_ARGUMENTS | WARN     | [參數: roi_crop] 驗證警示 >>> 輸入影像為 None 或格式無效，跳過色彩特徵提取
[09:10:13] | PROCESS      | BODY-CROP              | VERIFY_CROP_DIMENSIONS | WARN     | [尺寸: 2532x0] 裁切警示 >>> 目標幾何面積無效 (低於 0 像素)，跳過物件邊界裁切程序
[09:10:13] | PROCESS      | COLOR-EXTR             | VALIDATE_ARGUMENTS | WARN     | [參數: roi_crop] 驗證警示 >>> 輸入影像為 None 或格式無效，跳過色彩特徵提取
[09:10:13] | PROCESS      | BODY-CROP              | VERIFY_CROP_DIMENSIONS | WARN     | [尺寸: 2408x0] 裁切警示 >>> 目標幾何面積無效 (低於 0 像素)，跳過物件邊界裁切程序
[09:10:13] | PROCESS      | COLOR-EXTR             | VALIDATE_ARGUMENTS | WARN     | [參數: roi_crop] 驗證警示 >>> 輸入影像為 None 或格式無效，跳過色彩特徵提取
[09:10:14] | PROCESS      | BODY-CROP              | VERIFY_CROP_DIMENSIONS | WARN     | [尺寸: 681x0] 裁切警示 >>> 目標幾何面積無效 (低於 0 像素)，跳過物件邊界裁切程序
[09:10:14] | PROCESS      | COLOR-EXTR             | VALIDATE_ARGUMENTS | WARN     | [參數: roi_crop] 驗證警示 >>> 輸入影像為 None 或格式無效，跳過色彩特徵提取
[09:10:14] | DB           | MARS_DB                | UPST_DATA     | SUCC     | [資料表: live_veh_recg] 寫入成功 >>> 共計更新 43 筆數據
[09:10:14] | DATABASE     | PIPE-VEH               | SYNC_INFER_DATABASE | SUCC     | [資料庫: MARS-DB] 寫入成功 >>> 共 43 筆車輛辨識數據「完全同步」至 live_veh_recg 資料表中
[09:10:14] | FRAME        | INFER_S25U_VEH_ROOF_20260921_180355.mp4-00000 | EXTRACT_SUCCESS | SUCC     | [時間: 18:03:55] 成功辨識 43 組主物件特徵
[09:10:15] | PROCESS      | BODY-CROP              | VERIFY_CROP_DIMENSIONS | WARN     | [尺寸: 1216x0] 裁切警示 >>> 目標幾何面積無效 (低於 0 像素)，跳過物件邊界裁切程序
[09:10:15] | PROCESS      | COLOR-EXTR             | VALIDATE_ARGUMENTS | WARN     | [參數: roi_crop] 驗證警示 >>> 輸入影像為 None 或格式無效，跳過色彩特徵提取
[09:10:15] | PROCESS      | BODY-CROP              | VERIFY_CROP_DIMENSIONS | WARN     | [尺寸: 687x0] 裁切警示 >>> 目標幾何面積無效 (低於 0 像素)，跳過物件邊界裁切程序
[09:10:15] | PROCESS      | COLOR-EXTR             | VALIDATE_ARGUMENTS | WARN     | [參數: roi_crop] 驗證警示 >>> 輸入影像為 None 或格式無效，跳過色彩特徵提取
[09:10:15] | PROCESS      | BODY-CROP              | VERIFY_CROP_DIMENSIONS | WARN     | [尺寸: 2334x0] 裁切警示 >>> 目標幾何面積無效 (低於 0 像素)，跳過物件邊界裁切程序
[09:10:15] | PROCESS      | COLOR-EXTR             | VALIDATE_ARGUMENTS | WARN     | [參數: roi_crop] 驗證警示 >>> 輸入影像為 None 或格式無效，跳過色彩特徵提取
[09:10:15] | PROCESS      | BODY-CROP              | VERIFY_CROP_DIMENSIONS | WARN     | [尺寸: 2580x0] 裁切警示 >>> 目標幾何面積無效 (低於 0 像素)，跳過物件邊界裁切程序
[09:10:15] | PROCESS      | COLOR-EXTR             | VALIDATE_ARGUMENTS | WARN     | [參數: roi_crop] 驗證警示 >>> 輸入影像為 None 或格式無效，跳過色彩特徵提取
[09:10:15] | PROCESS      | BODY-CROP              | VERIFY_CROP_DIMENSIONS | WARN     | [尺寸: 2368x0] 裁切警示 >>> 目標幾何面積無效 (低於 0 像素)，跳過物件邊界裁切程序
[09:10:15] | PROCESS      | COLOR-EXTR             | VALIDATE_ARGUMENTS | WARN     | [參數: roi_crop] 驗證警示 >>> 輸入影像為 None 或格式無效，跳過色彩特徵提取
[09:10:15] | PROCESS      | BODY-CROP              | VERIFY_CROP_DIMENSIONS | WARN     | [尺寸: 708x0] 裁切警示 >>> 目標幾何面積無效 (低於 0 像素)，跳過物件邊界裁切程序
[09:10:15] | PROCESS      | COLOR-EXTR             | VALIDATE_ARGUMENTS | WARN     | [參數: roi_crop] 驗證警示 >>> 輸入影像為 None 或格式無效，跳過色彩特徵提取
[09:10:16] | PROCESS      | BODY-CROP              | VERIFY_CROP_DIMENSIONS | WARN     | [尺寸: 1264x0] 裁切警示 >>> 目標幾何面積無效 (低於 0 像素)，跳過物件邊界裁切程序
[09:10:16] | PROCESS      | COLOR-EXTR             | VALIDATE_ARGUMENTS | WARN     | [參數: roi_crop] 驗證警示 >>> 輸入影像為 None 或格式無效，跳過色彩特徵提取
[09:10:16] | DB           | MARS_DB                | UPST_DATA     | SUCC     | [資料表: live_veh_recg] 寫入成功 >>> 共計更新 42 筆數據
[09:10:16] | DATABASE     | PIPE-VEH               | SYNC_INFER_DATABASE | SUCC     | [資料庫: MARS-DB] 寫入成功 >>> 共 42 筆車輛辨識數據「完全同步」至 live_veh_recg 資料表中
[09:10:16] | FRAME        | INFER_S25U_VEH_ROOF_20260921_180355.mp4-00010 | EXTRACT_SUCCESS | SUCC     | [時間: 18:03:55] 成功辨識 42 組主物件特徵
[09:10:17] | PROCESS      | BODY-CROP              | VERIFY_CROP_DIMENSIONS | WARN     | [尺寸: 1217x0] 裁切警示 >>> 目標幾何面積無效 (低於 0 像素)，跳過物件邊界裁切程序
[09:10:17] | PROCESS      | COLOR-EXTR             | VALIDATE_ARGUMENTS | WARN     | [參數: roi_crop] 驗證警示 >>> 輸入影像為 None 或格式無效，跳過色彩特徵提取
[09:10:17] | PROCESS      | BODY-CROP              | VERIFY_CROP_DIMENSIONS | WARN     | [尺寸: 2321x0] 裁切警示 >>> 目標幾何面積無效 (低於 0 像素)，跳過物件邊界裁切程序
[09:10:17] | PROCESS      | COLOR-EXTR             | VALIDATE_ARGUMENTS | WARN     | [參數: roi_crop] 驗證警示 >>> 輸入影像為 None 或格式無效，跳過色彩特徵提取
[09:10:18] | PROCESS      | BODY-CROP              | VERIFY_CROP_DIMENSIONS | WARN     | [尺寸: 2664x0] 裁切警示 >>> 目標幾何面積無效 (低於 0 像素)，跳過物件邊界裁切程序
[09:10:18] | PROCESS      | COLOR-EXTR             | VALIDATE_ARGUMENTS | WARN     | [參數: roi_crop] 驗證警示 >>> 輸入影像為 None 或格式無效，跳過色彩特徵提取
[09:10:18] | PROCESS      | BODY-CROP              | VERIFY_CROP_DIMENSIONS | WARN     | [尺寸: 2548x0] 裁切警示 >>> 目標幾何面積無效 (低於 0 像素)，跳過物件邊界裁切程序
[09:10:18] | PROCESS      | COLOR-EXTR             | VALIDATE_ARGUMENTS | WARN     | [參數: roi_crop] 驗證警示 >>> 輸入影像為 None 或格式無效，跳過色彩特徵提取
[09:10:18] | PROCESS      | BODY-CROP              | VERIFY_CROP_DIMENSIONS | WARN     | [尺寸: 587x0] 裁切警示 >>> 目標幾何面積無效 (低於 0 像素)，跳過物件邊界裁切程序
[09:10:18] | PROCESS      | COLOR-EXTR             | VALIDATE_ARGUMENTS | WARN     | [參數: roi_crop] 驗證警示 >>> 輸入影像為 None 或格式無效，跳過色彩特徵提取
[09:10:18] | PROCESS      | BODY-CROP              | VERIFY_CROP_DIMENSIONS | WARN     | [尺寸: 708x0] 裁切警示 >>> 目標幾何面積無效 (低於 0 像素)，跳過物件邊界裁切程序
[09:10:18] | PROCESS      | COLOR-EXTR             | VALIDATE_ARGUMENTS | WARN     | [參數: roi_crop] 驗證警示 >>> 輸入影像為 None 或格式無效，跳過色彩特徵提取
[09:10:18] | DB           | MARS_DB                | UPST_DATA     | SUCC     | [資料表: live_veh_recg] 寫入成功 >>> 共計更新 43 筆數據
[09:10:18] | DATABASE     | PIPE-VEH               | SYNC_INFER_DATABASE | SUCC     | [資料庫: MARS-DB] 寫入成功 >>> 共 43 筆車輛辨識數據「完全同步」至 live_veh_recg 資料表中
[09:10:18] | FRAME        | INFER_S25U_VEH_ROOF_20260921_180355.mp4-00020 | EXTRACT_SUCCESS | SUCC     | [時間: 18:03:55] 成功辨識 43 組主物件特徵
[09:10:18] | PROCESS      | BODY-CROP              | VERIFY_CROP_DIMENSIONS | WARN     | [尺寸: 1367x0] 裁切警示 >>> 目標幾何面積無效 (低於 0 像素)，跳過物件邊界裁切程序
[09:10:18] | PROCESS      | COLOR-EXTR             | VALIDATE_ARGUMENTS | WARN     | [參數: roi_crop] 驗證警示 >>> 輸入影像為 None 或格式無效，跳過色彩特徵提取
[09:10:19] | PROCESS      | BODY-CROP              | VERIFY_CROP_DIMENSIONS | WARN     | [尺寸: 2085x0] 裁切警示 >>> 目標幾何面積無效 (低於 0 像素)，跳過物件邊界裁切程序
[09:10:19] | PROCESS      | COLOR-EXTR             | VALIDATE_ARGUMENTS | WARN     | [參數: roi_crop] 驗證警示 >>> 輸入影像為 None 或格式無效，跳過色彩特徵提取
[09:10:19] | PROCESS      | BODY-CROP              | VERIFY_CROP_DIMENSIONS | WARN     | [尺寸: 1133x0] 裁切警示 >>> 目標幾何面積無效 (低於 0 像素)，跳過物件邊界裁切程序
[09:10:19] | PROCESS      | COLOR-EXTR             | VALIDATE_ARGUMENTS | WARN     | [參數: roi_crop] 驗證警示 >>> 輸入影像為 None 或格式無效，跳過色彩特徵提取
[09:10:19] | PROCESS      | BODY-CROP              | VERIFY_CROP_DIMENSIONS | WARN     | [尺寸: 2654x0] 裁切警示 >>> 目標幾何面積無效 (低於 0 像素)，跳過物件邊界裁切程序
[09:10:19] | PROCESS      | COLOR-EXTR             | VALIDATE_ARGUMENTS | WARN     | [參數: roi_crop] 驗證警示 >>> 輸入影像為 None 或格式無效，跳過色彩特徵提取
[09:10:19] | PROCESS      | BODY-CROP              | VERIFY_CROP_DIMENSIONS | WARN     | [尺寸: 2494x0] 裁切警示 >>> 目標幾何面積無效 (低於 0 像素)，跳過物件邊界裁切程序
[09:10:19] | PROCESS      | COLOR-EXTR             | VALIDATE_ARGUMENTS | WARN     | [參數: roi_crop] 驗證警示 >>> 輸入影像為 None 或格式無效，跳過色彩特徵提取
[09:10:20] | PROCESS      | BODY-CROP              | VERIFY_CROP_DIMENSIONS | WARN     | [尺寸: 520x0] 裁切警示 >>> 目標幾何面積無效 (低於 0 像素)，跳過物件邊界裁切程序
[09:10:20] | PROCESS      | COLOR-EXTR             | VALIDATE_ARGUMENTS | WARN     | [參數: roi_crop] 驗證警示 >>> 輸入影像為 None 或格式無效，跳過色彩特徵提取
[09:10:20] | PROCESS      | BODY-CROP              | VERIFY_CROP_DIMENSIONS | WARN     | [尺寸: 716x0] 裁切警示 >>> 目標幾何面積無效 (低於 0 像素)，跳過物件邊界裁切程序
[09:10:20] | PROCESS      | COLOR-EXTR             | VALIDATE_ARGUMENTS | WARN     | [參數: roi_crop] 驗證警示 >>> 輸入影像為 None 或格式無效，跳過色彩特徵提取
[09:10:20] | PROCESS      | BODY-CROP              | VERIFY_CROP_DIMENSIONS | WARN     | [尺寸: 2206x0] 裁切警示 >>> 目標幾何面積無效 (低於 0 像素)，跳過物件邊界裁切程序
[09:10:20] | PROCESS      | COLOR-EXTR             | VALIDATE_ARGUMENTS | WARN     | [參數: roi_crop] 驗證警示 >>> 輸入影像為 None 或格式無效，跳過色彩特徵提取
[09:10:20] | DB           | MARS_DB                | UPST_DATA     | SUCC     | [資料表: live_veh_recg] 寫入成功 >>> 共計更新 45 筆數據
[09:10:20] | DATABASE     | PIPE-VEH               | SYNC_INFER_DATABASE | SUCC     | [資料庫: MARS-DB] 寫入成功 >>> 共 45 筆車輛辨識數據「完全同步」至 live_veh_recg 資料表中
[09:10:20] | FRAME        | INFER_S25U_VEH_ROOF_20260921_180355.mp4-00030 | EXTRACT_SUCCESS | SUCC     | [時間: 18:03:55] 成功辨識 45 組主物件特徵
[09:10:21] | PROCESS      | BODY-CROP              | VERIFY_CROP_DIMENSIONS | WARN     | [尺寸: 2052x0] 裁切警示 >>> 目標幾何面積無效 (低於 0 像素)，跳過物件邊界裁切程序
[09:10:21] | PROCESS      | COLOR-EXTR             | VALIDATE_ARGUMENTS | WARN     | [參數: roi_crop] 驗證警示 >>> 輸入影像為 None 或格式無效，跳過色彩特徵提取
[09:10:22] | PROCESS      | BODY-CROP              | VERIFY_CROP_DIMENSIONS | WARN     | [尺寸: 1141x0] 裁切警示 >>> 目標幾何面積無效 (低於 0 像素)，跳過物件邊界裁切程序
[09:10:22] | PROCESS      | COLOR-EXTR             | VALIDATE_ARGUMENTS | WARN     | [參數: roi_crop] 驗證警示 >>> 輸入影像為 None 或格式無效，跳過色彩特徵提取
[09:10:22] | PROCESS      | BODY-CROP              | VERIFY_CROP_DIMENSIONS | WARN     | [尺寸: 2350x0] 裁切警示 >>> 目標幾何面積無效 (低於 0 像素)，跳過物件邊界裁切程序
[09:10:22] | PROCESS      | COLOR-EXTR             | VALIDATE_ARGUMENTS | WARN     | [參數: roi_crop] 驗證警示 >>> 輸入影像為 None 或格式無效，跳過色彩特徵提取
[09:10:22] | PROCESS      | BODY-CROP              | VERIFY_CROP_DIMENSIONS | WARN     | [尺寸: 2439x0] 裁切警示 >>> 目標幾何面積無效 (低於 0 像素)，跳過物件邊界裁切程序
[09:10:22] | PROCESS      | COLOR-EXTR             | VALIDATE_ARGUMENTS | WARN     | [參數: roi_crop] 驗證警示 >>> 輸入影像為 None 或格式無效，跳過色彩特徵提取
[09:10:22] | PROCESS      | BODY-CROP              | VERIFY_CROP_DIMENSIONS | WARN     | [尺寸: 1754x0] 裁切警示 >>> 目標幾何面積無效 (低於 0 像素)，跳過物件邊界裁切程序
[09:10:22] | PROCESS      | COLOR-EXTR             | VALIDATE_ARGUMENTS | WARN     | [參數: roi_crop] 驗證警示 >>> 輸入影像為 None 或格式無效，跳過色彩特徵提取
[09:10:22] | PROCESS      | BODY-CROP              | VERIFY_CROP_DIMENSIONS | WARN     | [尺寸: 530x0] 裁切警示 >>> 目標幾何面積無效 (低於 0 像素)，跳過物件邊界裁切程序
[09:10:22] | PROCESS      | COLOR-EXTR             | VALIDATE_ARGUMENTS | WARN     | [參數: roi_crop] 驗證警示 >>> 輸入影像為 None 或格式無效，跳過色彩特徵提取
[09:10:22] | PROCESS      | BODY-CROP              | VERIFY_CROP_DIMENSIONS | WARN     | [尺寸: 704x0] 裁切警示 >>> 目標幾何面積無效 (低於 0 像素)，跳過物件邊界裁切程序
[09:10:22] | PROCESS      | COLOR-EXTR             | VALIDATE_ARGUMENTS | WARN     | [參數: roi_crop] 驗證警示 >>> 輸入影像為 None 或格式無效，跳過色彩特徵提取
[09:10:22] | PROCESS      | BODY-CROP              | VERIFY_CROP_DIMENSIONS | WARN     | [尺寸: 844x0] 裁切警示 >>> 目標幾何面積無效 (低於 0 像素)，跳過物件邊界裁切程序
[09:10:22] | PROCESS      | COLOR-EXTR             | VALIDATE_ARGUMENTS | WARN     | [參數: roi_crop] 驗證警示 >>> 輸入影像為 None 或格式無效，跳過色彩特徵提取
[09:10:22] | PROCESS      | BODY-CROP              | VERIFY_CROP_DIMENSIONS | WARN     | [尺寸: 1422x0] 裁切警示 >>> 目標幾何面積無效 (低於 0 像素)，跳過物件邊界裁切程序
[09:10:22] | PROCESS      | COLOR-EXTR             | VALIDATE_ARGUMENTS | WARN     | [參數: roi_crop] 驗證警示 >>> 輸入影像為 None 或格式無效，跳過色彩特徵提取
[09:10:22] | DB           | MARS_DB                | UPST_DATA     | SUCC     | [資料表: live_veh_recg] 寫入成功 >>> 共計更新 42 筆數據
[09:10:22] | DATABASE     | PIPE-VEH               | SYNC_INFER_DATABASE | SUCC     | [資料庫: MARS-DB] 寫入成功 >>> 共 42 筆車輛辨識數據「完全同步」至 live_veh_recg 資料表中
[09:10:22] | FRAME        | INFER_S25U_VEH_ROOF_20260921_180355.mp4-00040 | EXTRACT_SUCCESS | SUCC     | [時間: 18:03:55] 成功辨識 42 組主物件特徵
[09:10:23] | PROCESS      | BODY-CROP              | VERIFY_CROP_DIMENSIONS | WARN     | [尺寸: 2194x0] 裁切警示 >>> 目標幾何面積無效 (低於 0 像素)，跳過物件邊界裁切程序
[09:10:23] | PROCESS      | COLOR-EXTR             | VALIDATE_ARGUMENTS | WARN     | [參數: roi_crop] 驗證警示 >>> 輸入影像為 None 或格式無效，跳過色彩特徵提取
[09:10:23] | PROCESS      | BODY-CROP              | VERIFY_CROP_DIMENSIONS | WARN     | [尺寸: 1314x0] 裁切警示 >>> 目標幾何面積無效 (低於 0 像素)，跳過物件邊界裁切程序
[09:10:23] | PROCESS      | COLOR-EXTR             | VALIDATE_ARGUMENTS | WARN     | [參數: roi_crop] 驗證警示 >>> 輸入影像為 None 或格式無效，跳過色彩特徵提取
[09:10:24] | PROCESS      | BODY-CROP              | VERIFY_CROP_DIMENSIONS | WARN     | [尺寸: 1135x0] 裁切警示 >>> 目標幾何面積無效 (低於 0 像素)，跳過物件邊界裁切程序
[09:10:24] | PROCESS      | COLOR-EXTR             | VALIDATE_ARGUMENTS | WARN     | [參數: roi_crop] 驗證警示 >>> 輸入影像為 None 或格式無效，跳過色彩特徵提取
[09:10:24] | PROCESS      | BODY-CROP              | VERIFY_CROP_DIMENSIONS | WARN     | [尺寸: 2445x0] 裁切警示 >>> 目標幾何面積無效 (低於 0 像素)，跳過物件邊界裁切程序
[09:10:24] | PROCESS      | COLOR-EXTR             | VALIDATE_ARGUMENTS | WARN     | [參數: roi_crop] 驗證警示 >>> 輸入影像為 None 或格式無效，跳過色彩特徵提取
[09:10:24] | PROCESS      | BODY-CROP              | VERIFY_CROP_DIMENSIONS | WARN     | [尺寸: 2432x0] 裁切警示 >>> 目標幾何面積無效 (低於 0 像素)，跳過物件邊界裁切程序
[09:10:24] | PROCESS      | COLOR-EXTR             | VALIDATE_ARGUMENTS | WARN     | [參數: roi_crop] 驗證警示 >>> 輸入影像為 None 或格式無效，跳過色彩特徵提取
[09:10:24] | PROCESS      | BODY-CROP              | VERIFY_CROP_DIMENSIONS | WARN     | [尺寸: 1476x0] 裁切警示 >>> 目標幾何面積無效 (低於 0 像素)，跳過物件邊界裁切程序
[09:10:24] | PROCESS      | COLOR-EXTR             | VALIDATE_ARGUMENTS | WARN     | [參數: roi_crop] 驗證警示 >>> 輸入影像為 None 或格式無效，跳過色彩特徵提取
[09:10:24] | PROCESS      | BODY-CROP              | VERIFY_CROP_DIMENSIONS | WARN     | [尺寸: 511x0] 裁切警示 >>> 目標幾何面積無效 (低於 0 像素)，跳過物件邊界裁切程序
[09:10:24] | PROCESS      | COLOR-EXTR             | VALIDATE_ARGUMENTS | WARN     | [參數: roi_crop] 驗證警示 >>> 輸入影像為 None 或格式無效，跳過色彩特徵提取
[09:10:24] | PROCESS      | BODY-CROP              | VERIFY_CROP_DIMENSIONS | WARN     | [尺寸: 688x0] 裁切警示 >>> 目標幾何面積無效 (低於 0 像素)，跳過物件邊界裁切程序
[09:10:24] | PROCESS      | COLOR-EXTR             | VALIDATE_ARGUMENTS | WARN     | [參數: roi_crop] 驗證警示 >>> 輸入影像為 None 或格式無效，跳過色彩特徵提取
[09:10:24] | DB           | MARS_DB                | UPST_DATA     | SUCC     | [資料表: live_veh_recg] 寫入成功 >>> 共計更新 43 筆數據
[09:10:24] | DATABASE     | PIPE-VEH               | SYNC_INFER_DATABASE | SUCC     | [資料庫: MARS-DB] 寫入成功 >>> 共 43 筆車輛辨識數據「完全同步」至 live_veh_recg 資料表中
[09:10:24] | FRAME        | INFER_S25U_VEH_ROOF_20260921_180355.mp4-00050 | EXTRACT_SUCCESS | SUCC     | [時間: 18:03:55] 成功辨識 43 組主物件特徵
[09:10:25] | PROCESS      | BODY-CROP              | VERIFY_CROP_DIMENSIONS | WARN     | [尺寸: 2264x0] 裁切警示 >>> 目標幾何面積無效 (低於 0 像素)，跳過物件邊界裁切程序
[09:10:25] | PROCESS      | COLOR-EXTR             | VALIDATE_ARGUMENTS | WARN     | [參數: roi_crop] 驗證警示 >>> 輸入影像為 None 或格式無效，跳過色彩特徵提取
[09:10:26] | PROCESS      | BODY-CROP              | VERIFY_CROP_DIMENSIONS | WARN     | [尺寸: 1125x0] 裁切警示 >>> 目標幾何面積無效 (低於 0 像素)，跳過物件邊界裁切程序
[09:10:26] | PROCESS      | COLOR-EXTR             | VALIDATE_ARGUMENTS | WARN     | [參數: roi_crop] 驗證警示 >>> 輸入影像為 None 或格式無效，跳過色彩特徵提取
[09:10:26] | PROCESS      | BODY-CROP              | VERIFY_CROP_DIMENSIONS | WARN     | [尺寸: 2404x0] 裁切警示 >>> 目標幾何面積無效 (低於 0 像素)，跳過物件邊界裁切程序
[09:10:26] | PROCESS      | COLOR-EXTR             | VALIDATE_ARGUMENTS | WARN     | [參數: roi_crop] 驗證警示 >>> 輸入影像為 None 或格式無效，跳過色彩特徵提取
[09:10:26] | PROCESS      | BODY-CROP              | VERIFY_CROP_DIMENSIONS | WARN     | [尺寸: 2392x0] 裁切警示 >>> 目標幾何面積無效 (低於 0 像素)，跳過物件邊界裁切程序
[09:10:26] | PROCESS      | COLOR-EXTR             | VALIDATE_ARGUMENTS | WARN     | [參數: roi_crop] 驗證警示 >>> 輸入影像為 None 或格式無效，跳過色彩特徵提取
[09:10:26] | PROCESS      | BODY-CROP              | VERIFY_CROP_DIMENSIONS | WARN     | [尺寸: 553x0] 裁切警示 >>> 目標幾何面積無效 (低於 0 像素)，跳過物件邊界裁切程序
[09:10:26] | PROCESS      | COLOR-EXTR             | VALIDATE_ARGUMENTS | WARN     | [參數: roi_crop] 驗證警示 >>> 輸入影像為 None 或格式無效，跳過色彩特徵提取
[09:10:26] | PROCESS      | BODY-CROP              | VERIFY_CROP_DIMENSIONS | WARN     | [尺寸: 692x0] 裁切警示 >>> 目標幾何面積無效 (低於 0 像素)，跳過物件邊界裁切程序
[09:10:26] | PROCESS      | COLOR-EXTR             | VALIDATE_ARGUMENTS | WARN     | [參數: roi_crop] 驗證警示 >>> 輸入影像為 None 或格式無效，跳過色彩特徵提取
[09:10:26] | PROCESS      | BODY-CROP              | VERIFY_CROP_DIMENSIONS | WARN     | [尺寸: 1920x0] 裁切警示 >>> 目標幾何面積無效 (低於 0 像素)，跳過物件邊界裁切程序
[09:10:26] | PROCESS      | COLOR-EXTR             | VALIDATE_ARGUMENTS | WARN     | [參數: roi_crop] 驗證警示 >>> 輸入影像為 None 或格式無效，跳過色彩特徵提取
[09:10:27] | DB           | MARS_DB                | UPST_DATA     | SUCC     | [資料表: live_veh_recg] 寫入成功 >>> 共計更新 42 筆數據
[09:10:27] | DATABASE     | PIPE-VEH               | SYNC_INFER_DATABASE | SUCC     | [資料庫: MARS-DB] 寫入成功 >>> 共 42 筆車輛辨識數據「完全同步」至 live_veh_recg 資料表中
[09:10:27] | FRAME        | INFER_S25U_VEH_ROOF_20260921_180355.mp4-00060 | EXTRACT_SUCCESS | SUCC     | [時間: 18:03:56] 成功辨識 42 組主物件特徵
[09:10:28] | PROCESS      | BODY-CROP              | VERIFY_CROP_DIMENSIONS | WARN     | [尺寸: 2127x0] 裁切警示 >>> 目標幾何面積無效 (低於 0 像素)，跳過物件邊界裁切程序
[09:10:28] | PROCESS      | COLOR-EXTR             | VALIDATE_ARGUMENTS | WARN     | [參數: roi_crop] 驗證警示 >>> 輸入影像為 None 或格式無效，跳過色彩特徵提取
[09:10:28] | PROCESS      | BODY-CROP              | VERIFY_CROP_DIMENSIONS | WARN     | [尺寸: 1172x0] 裁切警示 >>> 目標幾何面積無效 (低於 0 像素)，跳過物件邊界裁切程序
[09:10:28] | PROCESS      | COLOR-EXTR             | VALIDATE_ARGUMENTS | WARN     | [參數: roi_crop] 驗證警示 >>> 輸入影像為 None 或格式無效，跳過色彩特徵提取
[09:10:28] | PROCESS      | BODY-CROP              | VERIFY_CROP_DIMENSIONS | WARN     | [尺寸: 2512x0] 裁切警示 >>> 目標幾何面積無效 (低於 0 像素)，跳過物件邊界裁切程序
[09:10:28] | PROCESS      | COLOR-EXTR             | VALIDATE_ARGUMENTS | WARN     | [參數: roi_crop] 驗證警示 >>> 輸入影像為 None 或格式無效，跳過色彩特徵提取
[09:10:28] | PROCESS      | BODY-CROP              | VERIFY_CROP_DIMENSIONS | WARN     | [尺寸: 2352x0] 裁切警示 >>> 目標幾何面積無效 (低於 0 像素)，跳過物件邊界裁切程序
[09:10:28] | PROCESS      | COLOR-EXTR             | VALIDATE_ARGUMENTS | WARN     | [參數: roi_crop] 驗證警示 >>> 輸入影像為 None 或格式無效，跳過色彩特徵提取
[09:10:28] | PROCESS      | BODY-CROP              | VERIFY_CROP_DIMENSIONS | WARN     | [尺寸: 1080x0] 裁切警示 >>> 目標幾何面積無效 (低於 0 像素)，跳過物件邊界裁切程序
[09:10:28] | PROCESS      | COLOR-EXTR             | VALIDATE_ARGUMENTS | WARN     | [參數: roi_crop] 驗證警示 >>> 輸入影像為 None 或格式無效，跳過色彩特徵提取
[09:10:28] | PROCESS      | BODY-CROP              | VERIFY_CROP_DIMENSIONS | WARN     | [尺寸: 627x0] 裁切警示 >>> 目標幾何面積無效 (低於 0 像素)，跳過物件邊界裁切程序
[09:10:28] | PROCESS      | COLOR-EXTR             | VALIDATE_ARGUMENTS | WARN     | [參數: roi_crop] 驗證警示 >>> 輸入影像為 None 或格式無效，跳過色彩特徵提取
[09:10:28] | PROCESS      | BODY-CROP              | VERIFY_CROP_DIMENSIONS | WARN     | [尺寸: 857x0] 裁切警示 >>> 目標幾何面積無效 (低於 0 像素)，跳過物件邊界裁切程序
[09:10:28] | PROCESS      | COLOR-EXTR             | VALIDATE_ARGUMENTS | WARN     | [參數: roi_crop] 驗證警示 >>> 輸入影像為 None 或格式無效，跳過色彩特徵提取
[09:10:29] | PROCESS      | BODY-CROP              | VERIFY_CROP_DIMENSIONS | WARN     | [尺寸: 1618x0] 裁切警示 >>> 目標幾何面積無效 (低於 0 像素)，跳過物件邊界裁切程序
[09:10:29] | PROCESS      | COLOR-EXTR             | VALIDATE_ARGUMENTS | WARN     | [參數: roi_crop] 驗證警示 >>> 輸入影像為 None 或格式無效，跳過色彩特徵提取
[09:10:29] | DB           | MARS_DB                | UPST_DATA     | SUCC     | [資料表: live_veh_recg] 寫入成功 >>> 共計更新 38 筆數據
[09:10:29] | DATABASE     | PIPE-VEH               | SYNC_INFER_DATABASE | SUCC     | [資料庫: MARS-DB] 寫入成功 >>> 共 38 筆車輛辨識數據「完全同步」至 live_veh_recg 資料表中
[09:10:29] | FRAME        | INFER_S25U_VEH_ROOF_20260921_180355.mp4-00070 | EXTRACT_SUCCESS | SUCC     | [時間: 18:03:56] 成功辨識 38 組主物件特徵
[09:10:30] | PROCESS      | BODY-CROP              | VERIFY_CROP_DIMENSIONS | WARN     | [尺寸: 1106x0] 裁切警示 >>> 目標幾何面積無效 (低於 0 像素)，跳過物件邊界裁切程序
[09:10:30] | PROCESS      | COLOR-EXTR             | VALIDATE_ARGUMENTS | WARN     | [參數: roi_crop] 驗證警示 >>> 輸入影像為 None 或格式無效，跳過色彩特徵提取
[09:10:30] | PROCESS      | BODY-CROP              | VERIFY_CROP_DIMENSIONS | WARN     | [尺寸: 2097x0] 裁切警示 >>> 目標幾何面積無效 (低於 0 像素)，跳過物件邊界裁切程序
[09:10:30] | PROCESS      | COLOR-EXTR             | VALIDATE_ARGUMENTS | WARN     | [參數: roi_crop] 驗證警示 >>> 輸入影像為 None 或格式無效，跳過色彩特徵提取
[09:10:30] | PROCESS      | BODY-CROP              | VERIFY_CROP_DIMENSIONS | WARN     | [尺寸: 2438x0] 裁切警示 >>> 目標幾何面積無效 (低於 0 像素)，跳過物件邊界裁切程序
[09:10:30] | PROCESS      | COLOR-EXTR             | VALIDATE_ARGUMENTS | WARN     | [參數: roi_crop] 驗證警示 >>> 輸入影像為 None 或格式無效，跳過色彩特徵提取
[09:10:30] | PROCESS      | BODY-CROP              | VERIFY_CROP_DIMENSIONS | WARN     | [尺寸: 2370x0] 裁切警示 >>> 目標幾何面積無效 (低於 0 像素)，跳過物件邊界裁切程序
[09:10:30] | PROCESS      | COLOR-EXTR             | VALIDATE_ARGUMENTS | WARN     | [參數: roi_crop] 驗證警示 >>> 輸入影像為 None 或格式無效，跳過色彩特徵提取
[09:10:30] | PROCESS      | BODY-CROP              | VERIFY_CROP_DIMENSIONS | WARN     | [尺寸: 513x0] 裁切警示 >>> 目標幾何面積無效 (低於 0 像素)，跳過物件邊界裁切程序
[09:10:30] | PROCESS      | COLOR-EXTR             | VALIDATE_ARGUMENTS | WARN     | [參數: roi_crop] 驗證警示 >>> 輸入影像為 None 或格式無效，跳過色彩特徵提取
[09:10:30] | PROCESS      | BODY-CROP              | VERIFY_CROP_DIMENSIONS | WARN     | [尺寸: 699x0] 裁切警示 >>> 目標幾何面積無效 (低於 0 像素)，跳過物件邊界裁切程序
[09:10:30] | PROCESS      | COLOR-EXTR             | VALIDATE_ARGUMENTS | WARN     | [參數: roi_crop] 驗證警示 >>> 輸入影像為 None 或格式無效，跳過色彩特徵提取
[09:10:31] | DB           | MARS_DB                | UPST_DATA     | SUCC     | [資料表: live_veh_recg] 寫入成功 >>> 共計更新 37 筆數據
[09:10:31] | DATABASE     | PIPE-VEH               | SYNC_INFER_DATABASE | SUCC     | [資料庫: MARS-DB] 寫入成功 >>> 共 37 筆車輛辨識數據「完全同步」至 live_veh_recg 資料表中
[09:10:31] | FRAME        | INFER_S25U_VEH_ROOF_20260921_180355.mp4-00080 | EXTRACT_SUCCESS | SUCC     | [時間: 18:03:56] 成功辨識 37 組主物件特徵
[09:10:31] | PROCESS      | BODY-CROP              | VERIFY_CROP_DIMENSIONS | WARN     | [尺寸: 1423x0] 裁切警示 >>> 目標幾何面積無效 (低於 0 像素)，跳過物件邊界裁切程序
[09:10:31] | PROCESS      | COLOR-EXTR             | VALIDATE_ARGUMENTS | WARN     | [參數: roi_crop] 驗證警示 >>> 輸入影像為 None 或格式無效，跳過色彩特徵提取
[09:10:32] | PROCESS      | BODY-CROP              | VERIFY_CROP_DIMENSIONS | WARN     | [尺寸: 1129x0] 裁切警示 >>> 目標幾何面積無效 (低於 0 像素)，跳過物件邊界裁切程序
[09:10:32] | PROCESS      | COLOR-EXTR             | VALIDATE_ARGUMENTS | WARN     | [參數: roi_crop] 驗證警示 >>> 輸入影像為 None 或格式無效，跳過色彩特徵提取
[09:10:32] | PROCESS      | BODY-CROP              | VERIFY_CROP_DIMENSIONS | WARN     | [尺寸: 1874x0] 裁切警示 >>> 目標幾何面積無效 (低於 0 像素)，跳過物件邊界裁切程序
[09:10:32] | PROCESS      | COLOR-EXTR             | VALIDATE_ARGUMENTS | WARN     | [參數: roi_crop] 驗證警示 >>> 輸入影像為 None 或格式無效，跳過色彩特徵提取
[09:10:32] | PROCESS      | BODY-CROP              | VERIFY_CROP_DIMENSIONS | WARN     | [尺寸: 2380x0] 裁切警示 >>> 目標幾何面積無效 (低於 0 像素)，跳過物件邊界裁切程序
[09:10:32] | PROCESS      | COLOR-EXTR             | VALIDATE_ARGUMENTS | WARN     | [參數: roi_crop] 驗證警示 >>> 輸入影像為 None 或格式無效，跳過色彩特徵提取
[09:10:32] | PROCESS      | BODY-CROP              | VERIFY_CROP_DIMENSIONS | WARN     | [尺寸: 2344x0] 裁切警示 >>> 目標幾何面積無效 (低於 0 像素)，跳過物件邊界裁切程序
[09:10:32] | PROCESS      | COLOR-EXTR             | VALIDATE_ARGUMENTS | WARN     | [參數: roi_crop] 驗證警示 >>> 輸入影像為 None 或格式無效，跳過色彩特徵提取
[09:10:32] | PROCESS      | BODY-CROP              | VERIFY_CROP_DIMENSIONS | WARN     | [尺寸: 604x0] 裁切警示 >>> 目標幾何面積無效 (低於 0 像素)，跳過物件邊界裁切程序
[09:10:32] | PROCESS      | COLOR-EXTR             | VALIDATE_ARGUMENTS | WARN     | [參數: roi_crop] 驗證警示 >>> 輸入影像為 None 或格式無效，跳過色彩特徵提取
[09:10:32] | PROCESS      | BODY-CROP              | VERIFY_CROP_DIMENSIONS | WARN     | [尺寸: 716x0] 裁切警示 >>> 目標幾何面積無效 (低於 0 像素)，跳過物件邊界裁切程序
[09:10:32] | PROCESS      | COLOR-EXTR             | VALIDATE_ARGUMENTS | WARN     | [參數: roi_crop] 驗證警示 >>> 輸入影像為 None 或格式無效，跳過色彩特徵提取
[09:10:33] | DB           | MARS_DB                | UPST_DATA     | SUCC     | [資料表: live_veh_recg] 寫入成功 >>> 共計更新 38 筆數據
[09:10:33] | DATABASE     | PIPE-VEH               | SYNC_INFER_DATABASE | SUCC     | [資料庫: MARS-DB] 寫入成功 >>> 共 38 筆車輛辨識數據「完全同步」至 live_veh_recg 資料表中
[09:10:33] | FRAME        | INFER_S25U_VEH_ROOF_20260921_180355.mp4-00090 | EXTRACT_SUCCESS | SUCC     | [時間: 18:03:56] 成功辨識 38 組主物件特徵
[09:10:33] | PROCESS      | BODY-CROP              | VERIFY_CROP_DIMENSIONS | WARN     | [尺寸: 1395x0] 裁切警示 >>> 目標幾何面積無效 (低於 0 像素)，跳過物件邊界裁切程序
[09:10:33] | PROCESS      | COLOR-EXTR             | VALIDATE_ARGUMENTS | WARN     | [參數: roi_crop] 驗證警示 >>> 輸入影像為 None 或格式無效，跳過色彩特徵提取
[09:10:34] | PROCESS      | BODY-CROP              | VERIFY_CROP_DIMENSIONS | WARN     | [尺寸: 1101x0] 裁切警示 >>> 目標幾何面積無效 (低於 0 像素)，跳過物件邊界裁切程序
[09:10:34] | PROCESS      | COLOR-EXTR             | VALIDATE_ARGUMENTS | WARN     | [參數: roi_crop] 驗證警示 >>> 輸入影像為 None 或格式無效，跳過色彩特徵提取
[09:10:34] | PROCESS      | BODY-CROP              | VERIFY_CROP_DIMENSIONS | WARN     | [尺寸: 2151x0] 裁切警示 >>> 目標幾何面積無效 (低於 0 像素)，跳過物件邊界裁切程序
[09:10:34] | PROCESS      | COLOR-EXTR             | VALIDATE_ARGUMENTS | WARN     | [參數: roi_crop] 驗證警示 >>> 輸入影像為 None 或格式無效，跳過色彩特徵提取
[09:10:34] | PROCESS      | BODY-CROP              | VERIFY_CROP_DIMENSIONS | WARN     | [尺寸: 2320x0] 裁切警示 >>> 目標幾何面積無效 (低於 0 像素)，跳過物件邊界裁切程序
[09:10:34] | PROCESS      | COLOR-EXTR             | VALIDATE_ARGUMENTS | WARN     | [參數: roi_crop] 驗證警示 >>> 輸入影像為 None 或格式無效，跳過色彩特徵提取
[09:10:34] | PROCESS      | BODY-CROP              | VERIFY_CROP_DIMENSIONS | WARN     | [尺寸: 2340x0] 裁切警示 >>> 目標幾何面積無效 (低於 0 像素)，跳過物件邊界裁切程序
[09:10:34] | PROCESS      | COLOR-EXTR             | VALIDATE_ARGUMENTS | WARN     | [參數: roi_crop] 驗證警示 >>> 輸入影像為 None 或格式無效，跳過色彩特徵提取
[09:10:34] | PROCESS      | BODY-CROP              | VERIFY_CROP_DIMENSIONS | WARN     | [尺寸: 616x0] 裁切警示 >>> 目標幾何面積無效 (低於 0 像素)，跳過物件邊界裁切程序
[09:10:34] | PROCESS      | COLOR-EXTR             | VALIDATE_ARGUMENTS | WARN     | [參數: roi_crop] 驗證警示 >>> 輸入影像為 None 或格式無效，跳過色彩特徵提取
[09:10:34] | PROCESS      | BODY-CROP              | VERIFY_CROP_DIMENSIONS | WARN     | [尺寸: 711x0] 裁切警示 >>> 目標幾何面積無效 (低於 0 像素)，跳過物件邊界裁切程序
[09:10:34] | PROCESS      | COLOR-EXTR             | VALIDATE_ARGUMENTS | WARN     | [參數: roi_crop] 驗證警示 >>> 輸入影像為 None 或格式無效，跳過色彩特徵提取
[09:10:35] | PROCESS      | BODY-CROP              | VERIFY_CROP_DIMENSIONS | WARN     | [尺寸: 2424x0] 裁切警示 >>> 目標幾何面積無效 (低於 0 像素)，跳過物件邊界裁切程序
[09:10:35] | PROCESS      | COLOR-EXTR             | VALIDATE_ARGUMENTS | WARN     | [參數: roi_crop] 驗證警示 >>> 輸入影像為 None 或格式無效，跳過色彩特徵提取
[09:10:35] | DB           | MARS_DB                | UPST_DATA     | SUCC     | [資料表: live_veh_recg] 寫入成功 >>> 共計更新 40 筆數據
[09:10:35] | DATABASE     | PIPE-VEH               | SYNC_INFER_DATABASE | SUCC     | [資料庫: MARS-DB] 寫入成功 >>> 共 40 筆車輛辨識數據「完全同步」至 live_veh_recg 資料表中
[09:10:35] | FRAME        | INFER_S25U_VEH_ROOF_20260921_180355.mp4-00100 | EXTRACT_SUCCESS | SUCC     | [時間: 18:03:56] 成功辨識 40 組主物件特徵
[09:10:35] | PROCESS      | BODY-CROP              | VERIFY_CROP_DIMENSIONS | WARN     | [尺寸: 1343x0] 裁切警示 >>> 目標幾何面積無效 (低於 0 像素)，跳過物件邊界裁切程序
[09:10:35] | PROCESS      | COLOR-EXTR             | VALIDATE_ARGUMENTS | WARN     | [參數: roi_crop] 驗證警示 >>> 輸入影像為 None 或格式無效，跳過色彩特徵提取
[09:10:36] | PROCESS      | BODY-CROP              | VERIFY_CROP_DIMENSIONS | WARN     | [尺寸: 1146x0] 裁切警示 >>> 目標幾何面積無效 (低於 0 像素)，跳過物件邊界裁切程序
[09:10:36] | PROCESS      | COLOR-EXTR             | VALIDATE_ARGUMENTS | WARN     | [參數: roi_crop] 驗證警示 >>> 輸入影像為 None 或格式無效，跳過色彩特徵提取
[09:10:36] | PROCESS      | BODY-CROP              | VERIFY_CROP_DIMENSIONS | WARN     | [尺寸: 2532x0] 裁切警示 >>> 目標幾何面積無效 (低於 0 像素)，跳過物件邊界裁切程序
[09:10:36] | PROCESS      | COLOR-EXTR             | VALIDATE_ARGUMENTS | WARN     | [參數: roi_crop] 驗證警示 >>> 輸入影像為 None 或格式無效，跳過色彩特徵提取
[09:10:36] | PROCESS      | BODY-CROP              | VERIFY_CROP_DIMENSIONS | WARN     | [尺寸: 2460x0] 裁切警示 >>> 目標幾何面積無效 (低於 0 像素)，跳過物件邊界裁切程序
[09:10:36] | PROCESS      | COLOR-EXTR             | VALIDATE_ARGUMENTS | WARN     | [參數: roi_crop] 驗證警示 >>> 輸入影像為 None 或格式無效，跳過色彩特徵提取
[09:10:36] | PROCESS      | BODY-CROP              | VERIFY_CROP_DIMENSIONS | WARN     | [尺寸: 2372x0] 裁切警示 >>> 目標幾何面積無效 (低於 0 像素)，跳過物件邊界裁切程序
[09:10:36] | PROCESS      | COLOR-EXTR             | VALIDATE_ARGUMENTS | WARN     | [參數: roi_crop] 驗證警示 >>> 輸入影像為 None 或格式無效，跳過色彩特徵提取
[09:10:36] | PROCESS      | BODY-CROP              | VERIFY_CROP_DIMENSIONS | WARN     | [尺寸: 1072x0] 裁切警示 >>> 目標幾何面積無效 (低於 0 像素)，跳過物件邊界裁切程序
[09:10:36] | PROCESS      | COLOR-EXTR             | VALIDATE_ARGUMENTS | WARN     | [參數: roi_crop] 驗證警示 >>> 輸入影像為 None 或格式無效，跳過色彩特徵提取
[09:10:37] | PROCESS      | BODY-CROP              | VERIFY_CROP_DIMENSIONS | WARN     | [尺寸: 2016x0] 裁切警示 >>> 目標幾何面積無效 (低於 0 像素)，跳過物件邊界裁切程序
[09:10:37] | PROCESS      | COLOR-EXTR             | VALIDATE_ARGUMENTS | WARN     | [參數: roi_crop] 驗證警示 >>> 輸入影像為 None 或格式無效，跳過色彩特徵提取
[09:10:37] | DB           | MARS_DB                | UPST_DATA     | SUCC     | [資料表: live_veh_recg] 寫入成功 >>> 共計更新 41 筆數據
[09:10:37] | DATABASE     | PIPE-VEH               | SYNC_INFER_DATABASE | SUCC     | [資料庫: MARS-DB] 寫入成功 >>> 共 41 筆車輛辨識數據「完全同步」至 live_veh_recg 資料表中
[09:10:37] | FRAME        | INFER_S25U_VEH_ROOF_20260921_180355.mp4-00110 | EXTRACT_SUCCESS | SUCC     | [時間: 18:03:56] 成功辨識 41 組主物件特徵
[09:10:38] | PROCESS      | BODY-CROP              | VERIFY_CROP_DIMENSIONS | WARN     | [尺寸: 1154x0] 裁切警示 >>> 目標幾何面積無效 (低於 0 像素)，跳過物件邊界裁切程序
[09:10:38] | PROCESS      | COLOR-EXTR             | VALIDATE_ARGUMENTS | WARN     | [參數: roi_crop] 驗證警示 >>> 輸入影像為 None 或格式無效，跳過色彩特徵提取
[09:10:38] | PROCESS      | BODY-CROP              | VERIFY_CROP_DIMENSIONS | WARN     | [尺寸: 2379x0] 裁切警示 >>> 目標幾何面積無效 (低於 0 像素)，跳過物件邊界裁切程序
[09:10:38] | PROCESS      | COLOR-EXTR             | VALIDATE_ARGUMENTS | WARN     | [參數: roi_crop] 驗證警示 >>> 輸入影像為 None 或格式無效，跳過色彩特徵提取
[09:10:38] | PROCESS      | BODY-CROP              | VERIFY_CROP_DIMENSIONS | WARN     | [尺寸: 2505x0] 裁切警示 >>> 目標幾何面積無效 (低於 0 像素)，跳過物件邊界裁切程序
[09:10:38] | PROCESS      | COLOR-EXTR             | VALIDATE_ARGUMENTS | WARN     | [參數: roi_crop] 驗證警示 >>> 輸入影像為 None 或格式無效，跳過色彩特徵提取
[09:10:38] | PROCESS      | BODY-CROP              | VERIFY_CROP_DIMENSIONS | WARN     | [尺寸: 2396x0] 裁切警示 >>> 目標幾何面積無效 (低於 0 像素)，跳過物件邊界裁切程序
[09:10:38] | PROCESS      | COLOR-EXTR             | VALIDATE_ARGUMENTS | WARN     | [參數: roi_crop] 驗證警示 >>> 輸入影像為 None 或格式無效，跳過色彩特徵提取
[09:10:38] | PROCESS      | BODY-CROP              | VERIFY_CROP_DIMENSIONS | WARN     | [尺寸: 714x0] 裁切警示 >>> 目標幾何面積無效 (低於 0 像素)，跳過物件邊界裁切程序
[09:10:38] | PROCESS      | COLOR-EXTR             | VALIDATE_ARGUMENTS | WARN     | [參數: roi_crop] 驗證警示 >>> 輸入影像為 None 或格式無效，跳過色彩特徵提取
[09:10:39] | DB           | MARS_DB                | UPST_DATA     | SUCC     | [資料表: live_veh_recg] 寫入成功 >>> 共計更新 36 筆數據
[09:10:39] | DATABASE     | PIPE-VEH               | SYNC_INFER_DATABASE | SUCC     | [資料庫: MARS-DB] 寫入成功 >>> 共 36 筆車輛辨識數據「完全同步」至 live_veh_recg 資料表中
[09:10:39] | FRAME        | INFER_S25U_VEH_ROOF_20260921_180355.mp4-00120 | EXTRACT_SUCCESS | SUCC     | [時間: 18:03:57] 成功辨識 36 組主物件特徵
[09:10:40] | PROCESS      | BODY-CROP              | VERIFY_CROP_DIMENSIONS | WARN     | [尺寸: 1187x0] 裁切警示 >>> 目標幾何面積無效 (低於 0 像素)，跳過物件邊界裁切程序
[09:10:40] | PROCESS      | COLOR-EXTR             | VALIDATE_ARGUMENTS | WARN     | [參數: roi_crop] 驗證警示 >>> 輸入影像為 None 或格式無效，跳過色彩特徵提取
[09:10:40] | PROCESS      | BODY-CROP              | VERIFY_CROP_DIMENSIONS | WARN     | [尺寸: 2291x0] 裁切警示 >>> 目標幾何面積無效 (低於 0 像素)，跳過物件邊界裁切程序
[09:10:40] | PROCESS      | COLOR-EXTR             | VALIDATE_ARGUMENTS | WARN     | [參數: roi_crop] 驗證警示 >>> 輸入影像為 None 或格式無效，跳過色彩特徵提取
[09:10:40] | PROCESS      | BODY-CROP              | VERIFY_CROP_DIMENSIONS | WARN     | [尺寸: 2556x0] 裁切警示 >>> 目標幾何面積無效 (低於 0 像素)，跳過物件邊界裁切程序
[09:10:40] | PROCESS      | COLOR-EXTR             | VALIDATE_ARGUMENTS | WARN     | [參數: roi_crop] 驗證警示 >>> 輸入影像為 None 或格式無效，跳過色彩特徵提取
[09:10:40] | PROCESS      | BODY-CROP              | VERIFY_CROP_DIMENSIONS | WARN     | [尺寸: 2366x0] 裁切警示 >>> 目標幾何面積無效 (低於 0 像素)，跳過物件邊界裁切程序
[09:10:40] | PROCESS      | COLOR-EXTR             | VALIDATE_ARGUMENTS | WARN     | [參數: roi_crop] 驗證警示 >>> 輸入影像為 None 或格式無效，跳過色彩特徵提取
[09:10:40] | PROCESS      | BODY-CROP              | VERIFY_CROP_DIMENSIONS | WARN     | [尺寸: 696x0] 裁切警示 >>> 目標幾何面積無效 (低於 0 像素)，跳過物件邊界裁切程序
[09:10:40] | PROCESS      | COLOR-EXTR             | VALIDATE_ARGUMENTS | WARN     | [參數: roi_crop] 驗證警示 >>> 輸入影像為 None 或格式無效，跳過色彩特徵提取
[09:10:40] | PROCESS      | BODY-CROP              | VERIFY_CROP_DIMENSIONS | WARN     | [尺寸: 700x0] 裁切警示 >>> 目標幾何面積無效 (低於 0 像素)，跳過物件邊界裁切程序
[09:10:40] | PROCESS      | COLOR-EXTR             | VALIDATE_ARGUMENTS | WARN     | [參數: roi_crop] 驗證警示 >>> 輸入影像為 None 或格式無效，跳過色彩特徵提取
[09:10:40] | DB           | MARS_DB                | UPST_DATA     | SUCC     | [資料表: live_veh_recg] 寫入成功 >>> 共計更新 35 筆數據
[09:10:40] | DATABASE     | PIPE-VEH               | SYNC_INFER_DATABASE | SUCC     | [資料庫: MARS-DB] 寫入成功 >>> 共 35 筆車輛辨識數據「完全同步」至 live_veh_recg 資料表中
[09:10:40] | FRAME        | INFER_S25U_VEH_ROOF_20260921_180355.mp4-00130 | EXTRACT_SUCCESS | SUCC     | [時間: 18:03:57] 成功辨識 35 組主物件特徵
[09:10:42] | PROCESS      | BODY-CROP              | VERIFY_CROP_DIMENSIONS | WARN     | [尺寸: 690x0] 裁切警示 >>> 目標幾何面積無效 (低於 0 像素)，跳過物件邊界裁切程序
[09:10:42] | PROCESS      | COLOR-EXTR             | VALIDATE_ARGUMENTS | WARN     | [參數: roi_crop] 驗證警示 >>> 輸入影像為 None 或格式無效，跳過色彩特徵提取
[09:10:42] | PROCESS      | BODY-CROP              | VERIFY_CROP_DIMENSIONS | WARN     | [尺寸: 2325x0] 裁切警示 >>> 目標幾何面積無效 (低於 0 像素)，跳過物件邊界裁切程序
[09:10:42] | PROCESS      | COLOR-EXTR             | VALIDATE_ARGUMENTS | WARN     | [參數: roi_crop] 驗證警示 >>> 輸入影像為 None 或格式無效，跳過色彩特徵提取
[09:10:42] | PROCESS      | BODY-CROP              | VERIFY_CROP_DIMENSIONS | WARN     | [尺寸: 2548x0] 裁切警示 >>> 目標幾何面積無效 (低於 0 像素)，跳過物件邊界裁切程序
[09:10:42] | PROCESS      | COLOR-EXTR             | VALIDATE_ARGUMENTS | WARN     | [參數: roi_crop] 驗證警示 >>> 輸入影像為 None 或格式無效，跳過色彩特徵提取
[09:10:42] | PROCESS      | BODY-CROP              | VERIFY_CROP_DIMENSIONS | WARN     | [尺寸: 2409x0] 裁切警示 >>> 目標幾何面積無效 (低於 0 像素)，跳過物件邊界裁切程序
[09:10:42] | PROCESS      | COLOR-EXTR             | VALIDATE_ARGUMENTS | WARN     | [參數: roi_crop] 驗證警示 >>> 輸入影像為 None 或格式無效，跳過色彩特徵提取
[09:10:42] | PROCESS      | BODY-CROP              | VERIFY_CROP_DIMENSIONS | WARN     | [尺寸: 1028x0] 裁切警示 >>> 目標幾何面積無效 (低於 0 像素)，跳過物件邊界裁切程序
[09:10:42] | PROCESS      | COLOR-EXTR             | VALIDATE_ARGUMENTS | WARN     | [參數: roi_crop] 驗證警示 >>> 輸入影像為 None 或格式無效，跳過色彩特徵提取
[09:10:42] | PROCESS      | BODY-CROP              | VERIFY_CROP_DIMENSIONS | WARN     | [尺寸: 1977x0] 裁切警示 >>> 目標幾何面積無效 (低於 0 像素)，跳過物件邊界裁切程序
[09:10:42] | PROCESS      | COLOR-EXTR             | VALIDATE_ARGUMENTS | WARN     | [參數: roi_crop] 驗證警示 >>> 輸入影像為 None 或格式無效，跳過色彩特徵提取
[09:10:42] | DB           | MARS_DB                | UPST_DATA     | SUCC     | [資料表: live_veh_recg] 寫入成功 >>> 共計更新 37 筆數據
[09:10:42] | DATABASE     | PIPE-VEH               | SYNC_INFER_DATABASE | SUCC     | [資料庫: MARS-DB] 寫入成功 >>> 共 37 筆車輛辨識數據「完全同步」至 live_veh_recg 資料表中
[09:10:42] | FRAME        | INFER_S25U_VEH_ROOF_20260921_180355.mp4-00140 | EXTRACT_SUCCESS | SUCC     | [時間: 18:03:57] 成功辨識 37 組主物件特徵
[09:10:44] | PROCESS      | BODY-CROP              | VERIFY_CROP_DIMENSIONS | WARN     | [尺寸: 713x0] 裁切警示 >>> 目標幾何面積無效 (低於 0 像素)，跳過物件邊界裁切程序
[09:10:44] | PROCESS      | COLOR-EXTR             | VALIDATE_ARGUMENTS | WARN     | [參數: roi_crop] 驗證警示 >>> 輸入影像為 None 或格式無效，跳過色彩特徵提取
[09:10:44] | PROCESS      | BODY-CROP              | VERIFY_CROP_DIMENSIONS | WARN     | [尺寸: 1217x0] 裁切警示 >>> 目標幾何面積無效 (低於 0 像素)，跳過物件邊界裁切程序
[09:10:44] | PROCESS      | COLOR-EXTR             | VALIDATE_ARGUMENTS | WARN     | [參數: roi_crop] 驗證警示 >>> 輸入影像為 None 或格式無效，跳過色彩特徵提取
[09:10:44] | PROCESS      | BODY-CROP              | VERIFY_CROP_DIMENSIONS | WARN     | [尺寸: 2321x0] 裁切警示 >>> 目標幾何面積無效 (低於 0 像素)，跳過物件邊界裁切程序
[09:10:44] | PROCESS      | COLOR-EXTR             | VALIDATE_ARGUMENTS | WARN     | [參數: roi_crop] 驗證警示 >>> 輸入影像為 None 或格式無效，跳過色彩特徵提取
[09:10:44] | PROCESS      | BODY-CROP              | VERIFY_CROP_DIMENSIONS | WARN     | [尺寸: 2590x0] 裁切警示 >>> 目標幾何面積無效 (低於 0 像素)，跳過物件邊界裁切程序
[09:10:44] | PROCESS      | COLOR-EXTR             | VALIDATE_ARGUMENTS | WARN     | [參數: roi_crop] 驗證警示 >>> 輸入影像為 None 或格式無效，跳過色彩特徵提取
[09:10:44] | PROCESS      | BODY-CROP              | VERIFY_CROP_DIMENSIONS | WARN     | [尺寸: 2392x0] 裁切警示 >>> 目標幾何面積無效 (低於 0 像素)，跳過物件邊界裁切程序
[09:10:44] | PROCESS      | COLOR-EXTR             | VALIDATE_ARGUMENTS | WARN     | [參數: roi_crop] 驗證警示 >>> 輸入影像為 None 或格式無效，跳過色彩特徵提取
[09:10:44] | PROCESS      | BODY-CROP              | VERIFY_CROP_DIMENSIONS | WARN     | [尺寸: 692x0] 裁切警示 >>> 目標幾何面積無效 (低於 0 像素)，跳過物件邊界裁切程序
[09:10:44] | PROCESS      | COLOR-EXTR             | VALIDATE_ARGUMENTS | WARN     | [參數: roi_crop] 驗證警示 >>> 輸入影像為 None 或格式無效，跳過色彩特徵提取
[09:10:44] | PROCESS      | BODY-CROP              | VERIFY_CROP_DIMENSIONS | WARN     | [尺寸: 2214x0] 裁切警示 >>> 目標幾何面積無效 (低於 0 像素)，跳過物件邊界裁切程序
[09:10:44] | PROCESS      | COLOR-EXTR             | VALIDATE_ARGUMENTS | WARN     | [參數: roi_crop] 驗證警示 >>> 輸入影像為 None 或格式無效，跳過色彩特徵提取
[09:10:44] | PROCESS      | BODY-CROP              | VERIFY_CROP_DIMENSIONS | WARN     | [尺寸: 1972x0] 裁切警示 >>> 目標幾何面積無效 (低於 0 像素)，跳過物件邊界裁切程序
[09:10:44] | PROCESS      | COLOR-EXTR             | VALIDATE_ARGUMENTS | WARN     | [參數: roi_crop] 驗證警示 >>> 輸入影像為 None 或格式無效，跳過色彩特徵提取
[09:10:44] | DB           | MARS_DB                | UPST_DATA     | SUCC     | [資料表: live_veh_recg] 寫入成功 >>> 共計更新 43 筆數據
[09:10:44] | DATABASE     | PIPE-VEH               | SYNC_INFER_DATABASE | SUCC     | [資料庫: MARS-DB] 寫入成功 >>> 共 43 筆車輛辨識數據「完全同步」至 live_veh_recg 資料表中
[09:10:44] | FRAME        | INFER_S25U_VEH_ROOF_20260921_180355.mp4-00150 | EXTRACT_SUCCESS | SUCC     | [時間: 18:03:57] 成功辨識 43 組主物件特徵
[09:10:46] | PROCESS      | BODY-CROP              | VERIFY_CROP_DIMENSIONS | WARN     | [尺寸: 2244x0] 裁切警示 >>> 目標幾何面積無效 (低於 0 像素)，跳過物件邊界裁切程序
[09:10:46] | PROCESS      | COLOR-EXTR             | VALIDATE_ARGUMENTS | WARN     | [參數: roi_crop] 驗證警示 >>> 輸入影像為 None 或格式無效，跳過色彩特徵提取
[09:10:46] | PROCESS      | BODY-CROP              | VERIFY_CROP_DIMENSIONS | WARN     | [尺寸: 686x0] 裁切警示 >>> 目標幾何面積無效 (低於 0 像素)，跳過物件邊界裁切程序
[09:10:46] | PROCESS      | COLOR-EXTR             | VALIDATE_ARGUMENTS | WARN     | [參數: roi_crop] 驗證警示 >>> 輸入影像為 None 或格式無效，跳過色彩特徵提取
[09:10:46] | PROCESS      | BODY-CROP              | VERIFY_CROP_DIMENSIONS | WARN     | [尺寸: 2607x0] 裁切警示 >>> 目標幾何面積無效 (低於 0 像素)，跳過物件邊界裁切程序
[09:10:46] | PROCESS      | COLOR-EXTR             | VALIDATE_ARGUMENTS | WARN     | [參數: roi_crop] 驗證警示 >>> 輸入影像為 None 或格式無效，跳過色彩特徵提取
[09:10:46] | PROCESS      | BODY-CROP              | VERIFY_CROP_DIMENSIONS | WARN     | [尺寸: 2427x0] 裁切警示 >>> 目標幾何面積無效 (低於 0 像素)，跳過物件邊界裁切程序
[09:10:46] | PROCESS      | COLOR-EXTR             | VALIDATE_ARGUMENTS | WARN     | [參數: roi_crop] 驗證警示 >>> 輸入影像為 None 或格式無效，跳過色彩特徵提取
[09:10:46] | PROCESS      | BODY-CROP              | VERIFY_CROP_DIMENSIONS | WARN     | [尺寸: 690x0] 裁切警示 >>> 目標幾何面積無效 (低於 0 像素)，跳過物件邊界裁切程序
[09:10:46] | PROCESS      | COLOR-EXTR             | VALIDATE_ARGUMENTS | WARN     | [參數: roi_crop] 驗證警示 >>> 輸入影像為 None 或格式無效，跳過色彩特徵提取
[09:10:46] | PROCESS      | BODY-CROP              | VERIFY_CROP_DIMENSIONS | WARN     | [尺寸: 1276x0] 裁切警示 >>> 目標幾何面積無效 (低於 0 像素)，跳過物件邊界裁切程序
[09:10:46] | PROCESS      | COLOR-EXTR             | VALIDATE_ARGUMENTS | WARN     | [參數: roi_crop] 驗證警示 >>> 輸入影像為 None 或格式無效，跳過色彩特徵提取
[09:10:47] | DB           | MARS_DB                | UPST_DATA     | SUCC     | [資料表: live_veh_recg] 寫入成功 >>> 共計更新 40 筆數據
[09:10:47] | DATABASE     | PIPE-VEH               | SYNC_INFER_DATABASE | SUCC     | [資料庫: MARS-DB] 寫入成功 >>> 共 40 筆車輛辨識數據「完全同步」至 live_veh_recg 資料表中
[09:10:47] | FRAME        | INFER_S25U_VEH_ROOF_20260921_180355.mp4-00160 | EXTRACT_SUCCESS | SUCC     | [時間: 18:03:57] 成功辨識 40 組主物件特徵
[09:10:48] | PROCESS      | BODY-CROP              | VERIFY_CROP_DIMENSIONS | WARN     | [尺寸: 2326x0] 裁切警示 >>> 目標幾何面積無效 (低於 0 像素)，跳過物件邊界裁切程序
[09:10:48] | PROCESS      | COLOR-EXTR             | VALIDATE_ARGUMENTS | WARN     | [參數: roi_crop] 驗證警示 >>> 輸入影像為 None 或格式無效，跳過色彩特徵提取
[09:10:49] | PROCESS      | BODY-CROP              | VERIFY_CROP_DIMENSIONS | WARN     | [尺寸: 2577x0] 裁切警示 >>> 目標幾何面積無效 (低於 0 像素)，跳過物件邊界裁切程序
[09:10:49] | PROCESS      | COLOR-EXTR             | VALIDATE_ARGUMENTS | WARN     | [參數: roi_crop] 驗證警示 >>> 輸入影像為 None 或格式無效，跳過色彩特徵提取
[09:10:49] | PROCESS      | BODY-CROP              | VERIFY_CROP_DIMENSIONS | WARN     | [尺寸: 2472x0] 裁切警示 >>> 目標幾何面積無效 (低於 0 像素)，跳過物件邊界裁切程序
[09:10:49] | PROCESS      | COLOR-EXTR             | VALIDATE_ARGUMENTS | WARN     | [參數: roi_crop] 驗證警示 >>> 輸入影像為 None 或格式無效，跳過色彩特徵提取
[09:10:49] | PROCESS      | BODY-CROP              | VERIFY_CROP_DIMENSIONS | WARN     | [尺寸: 675x0] 裁切警示 >>> 目標幾何面積無效 (低於 0 像素)，跳過物件邊界裁切程序
[09:10:49] | PROCESS      | COLOR-EXTR             | VALIDATE_ARGUMENTS | WARN     | [參數: roi_crop] 驗證警示 >>> 輸入影像為 None 或格式無效，跳過色彩特徵提取
[09:10:49] | PROCESS      | BODY-CROP              | VERIFY_CROP_DIMENSIONS | WARN     | [尺寸: 684x0] 裁切警示 >>> 目標幾何面積無效 (低於 0 像素)，跳過物件邊界裁切程序
[09:10:49] | PROCESS      | COLOR-EXTR             | VALIDATE_ARGUMENTS | WARN     | [參數: roi_crop] 驗證警示 >>> 輸入影像為 None 或格式無效，跳過色彩特徵提取
[09:10:49] | PROCESS      | BODY-CROP              | VERIFY_CROP_DIMENSIONS | WARN     | [尺寸: 2206x0] 裁切警示 >>> 目標幾何面積無效 (低於 0 像素)，跳過物件邊界裁切程序
[09:10:49] | PROCESS      | COLOR-EXTR             | VALIDATE_ARGUMENTS | WARN     | [參數: roi_crop] 驗證警示 >>> 輸入影像為 None 或格式無效，跳過色彩特徵提取
[09:10:49] | PROCESS      | BODY-CROP              | VERIFY_CROP_DIMENSIONS | WARN     | [尺寸: 1276x0] 裁切警示 >>> 目標幾何面積無效 (低於 0 像素)，跳過物件邊界裁切程序
[09:10:49] | PROCESS      | COLOR-EXTR             | VALIDATE_ARGUMENTS | WARN     | [參數: roi_crop] 驗證警示 >>> 輸入影像為 None 或格式無效，跳過色彩特徵提取
[09:10:49] | PROCESS      | BODY-CROP              | VERIFY_CROP_DIMENSIONS | WARN     | [尺寸: 2276x0] 裁切警示 >>> 目標幾何面積無效 (低於 0 像素)，跳過物件邊界裁切程序
[09:10:49] | PROCESS      | COLOR-EXTR             | VALIDATE_ARGUMENTS | WARN     | [參數: roi_crop] 驗證警示 >>> 輸入影像為 None 或格式無效，跳過色彩特徵提取
[09:10:49] | DB           | MARS_DB                | UPST_DATA     | SUCC     | [資料表: live_veh_recg] 寫入成功 >>> 共計更新 43 筆數據
[09:10:49] | DATABASE     | PIPE-VEH               | SYNC_INFER_DATABASE | SUCC     | [資料庫: MARS-DB] 寫入成功 >>> 共 43 筆車輛辨識數據「完全同步」至 live_veh_recg 資料表中
[09:10:49] | FRAME        | INFER_S25U_VEH_ROOF_20260921_180355.mp4-00170 | EXTRACT_SUCCESS | SUCC     | [時間: 18:03:57] 成功辨識 43 組主物件特徵
[09:10:50] | PROCESS      | BODY-CROP              | VERIFY_CROP_DIMENSIONS | WARN     | [尺寸: 1207x0] 裁切警示 >>> 目標幾何面積無效 (低於 0 像素)，跳過物件邊界裁切程序
[09:10:50] | PROCESS      | COLOR-EXTR             | VALIDATE_ARGUMENTS | WARN     | [參數: roi_crop] 驗證警示 >>> 輸入影像為 None 或格式無效，跳過色彩特徵提取
[09:10:50] | PROCESS      | BODY-CROP              | VERIFY_CROP_DIMENSIONS | WARN     | [尺寸: 2307x0] 裁切警示 >>> 目標幾何面積無效 (低於 0 像素)，跳過物件邊界裁切程序
[09:10:50] | PROCESS      | COLOR-EXTR             | VALIDATE_ARGUMENTS | WARN     | [參數: roi_crop] 驗證警示 >>> 輸入影像為 None 或格式無效，跳過色彩特徵提取
[09:10:51] | PROCESS      | BODY-CROP              | VERIFY_CROP_DIMENSIONS | WARN     | [尺寸: 2620x0] 裁切警示 >>> 目標幾何面積無效 (低於 0 像素)，跳過物件邊界裁切程序
[09:10:51] | PROCESS      | COLOR-EXTR             | VALIDATE_ARGUMENTS | WARN     | [參數: roi_crop] 驗證警示 >>> 輸入影像為 None 或格式無效，跳過色彩特徵提取
[09:10:51] | PROCESS      | BODY-CROP              | VERIFY_CROP_DIMENSIONS | WARN     | [尺寸: 2414x0] 裁切警示 >>> 目標幾何面積無效 (低於 0 像素)，跳過物件邊界裁切程序
[09:10:51] | PROCESS      | COLOR-EXTR             | VALIDATE_ARGUMENTS | WARN     | [參數: roi_crop] 驗證警示 >>> 輸入影像為 None 或格式無效，跳過色彩特徵提取
[09:10:51] | PROCESS      | BODY-CROP              | VERIFY_CROP_DIMENSIONS | WARN     | [尺寸: 694x0] 裁切警示 >>> 目標幾何面積無效 (低於 0 像素)，跳過物件邊界裁切程序
[09:10:51] | PROCESS      | COLOR-EXTR             | VALIDATE_ARGUMENTS | WARN     | [參數: roi_crop] 驗證警示 >>> 輸入影像為 None 或格式無效，跳過色彩特徵提取
[09:10:51] | PROCESS      | BODY-CROP              | VERIFY_CROP_DIMENSIONS | WARN     | [尺寸: 1274x0] 裁切警示 >>> 目標幾何面積無效 (低於 0 像素)，跳過物件邊界裁切程序
[09:10:51] | PROCESS      | COLOR-EXTR             | VALIDATE_ARGUMENTS | WARN     | [參數: roi_crop] 驗證警示 >>> 輸入影像為 None 或格式無效，跳過色彩特徵提取
[09:10:51] | DB           | MARS_DB                | UPST_DATA     | SUCC     | [資料表: live_veh_recg] 寫入成功 >>> 共計更新 39 筆數據
[09:10:51] | DATABASE     | PIPE-VEH               | SYNC_INFER_DATABASE | SUCC     | [資料庫: MARS-DB] 寫入成功 >>> 共 39 筆車輛辨識數據「完全同步」至 live_veh_recg 資料表中
[09:10:51] | FRAME        | INFER_S25U_VEH_ROOF_20260921_180355.mp4-00180 | EXTRACT_SUCCESS | SUCC     | [時間: 18:03:58] 成功辨識 39 組主物件特徵
[09:10:52] | PROCESS      | BODY-CROP              | VERIFY_CROP_DIMENSIONS | WARN     | [尺寸: 2376x0] 裁切警示 >>> 目標幾何面積無效 (低於 0 像素)，跳過物件邊界裁切程序
[09:10:52] | PROCESS      | COLOR-EXTR             | VALIDATE_ARGUMENTS | WARN     | [參數: roi_crop] 驗證警示 >>> 輸入影像為 None 或格式無效，跳過色彩特徵提取
[09:10:52] | PROCESS      | BODY-CROP              | VERIFY_CROP_DIMENSIONS | WARN     | [尺寸: 1221x0] 裁切警示 >>> 目標幾何面積無效 (低於 0 像素)，跳過物件邊界裁切程序
[09:10:52] | PROCESS      | COLOR-EXTR             | VALIDATE_ARGUMENTS | WARN     | [參數: roi_crop] 驗證警示 >>> 輸入影像為 None 或格式無效，跳過色彩特徵提取
[09:10:52] | PROCESS      | BODY-CROP              | VERIFY_CROP_DIMENSIONS | WARN     | [尺寸: 2357x0] 裁切警示 >>> 目標幾何面積無效 (低於 0 像素)，跳過物件邊界裁切程序
[09:10:52] | PROCESS      | COLOR-EXTR             | VALIDATE_ARGUMENTS | WARN     | [參數: roi_crop] 驗證警示 >>> 輸入影像為 None 或格式無效，跳過色彩特徵提取
[09:10:53] | PROCESS      | BODY-CROP              | VERIFY_CROP_DIMENSIONS | WARN     | [尺寸: 2679x0] 裁切警示 >>> 目標幾何面積無效 (低於 0 像素)，跳過物件邊界裁切程序
[09:10:53] | PROCESS      | COLOR-EXTR             | VALIDATE_ARGUMENTS | WARN     | [參數: roi_crop] 驗證警示 >>> 輸入影像為 None 或格式無效，跳過色彩特徵提取
[09:10:53] | PROCESS      | BODY-CROP              | VERIFY_CROP_DIMENSIONS | WARN     | [尺寸: 2486x0] 裁切警示 >>> 目標幾何面積無效 (低於 0 像素)，跳過物件邊界裁切程序
[09:10:53] | PROCESS      | COLOR-EXTR             | VALIDATE_ARGUMENTS | WARN     | [參數: roi_crop] 驗證警示 >>> 輸入影像為 None 或格式無效，跳過色彩特徵提取
[09:10:53] | PROCESS      | BODY-CROP              | VERIFY_CROP_DIMENSIONS | WARN     | [尺寸: 586x0] 裁切警示 >>> 目標幾何面積無效 (低於 0 像素)，跳過物件邊界裁切程序
[09:10:53] | PROCESS      | COLOR-EXTR             | VALIDATE_ARGUMENTS | WARN     | [參數: roi_crop] 驗證警示 >>> 輸入影像為 None 或格式無效，跳過色彩特徵提取
[09:10:53] | PROCESS      | BODY-CROP              | VERIFY_CROP_DIMENSIONS | WARN     | [尺寸: 698x0] 裁切警示 >>> 目標幾何面積無效 (低於 0 像素)，跳過物件邊界裁切程序
[09:10:53] | PROCESS      | COLOR-EXTR             | VALIDATE_ARGUMENTS | WARN     | [參數: roi_crop] 驗證警示 >>> 輸入影像為 None 或格式無效，跳過色彩特徵提取
[09:10:54] | DB           | MARS_DB                | UPST_DATA     | SUCC     | [資料表: live_veh_recg] 寫入成功 >>> 共計更新 50 筆數據
[09:10:54] | DATABASE     | PIPE-VEH               | SYNC_INFER_DATABASE | SUCC     | [資料庫: MARS-DB] 寫入成功 >>> 共 50 筆車輛辨識數據「完全同步」至 live_veh_recg 資料表中
[09:10:54] | FRAME        | INFER_S25U_VEH_ROOF_20260921_180355.mp4-00190 | EXTRACT_SUCCESS | SUCC     | [時間: 18:03:58] 成功辨識 50 組主物件特徵
[09:10:55] | PROCESS      | BODY-CROP              | VERIFY_CROP_DIMENSIONS | WARN     | [尺寸: 1196x0] 裁切警示 >>> 目標幾何面積無效 (低於 0 像素)，跳過物件邊界裁切程序
[09:10:55] | PROCESS      | COLOR-EXTR             | VALIDATE_ARGUMENTS | WARN     | [參數: roi_crop] 驗證警示 >>> 輸入影像為 None 或格式無效，跳過色彩特徵提取
[09:10:55] | PROCESS      | BODY-CROP              | VERIFY_CROP_DIMENSIONS | WARN     | [尺寸: 2076x0] 裁切警示 >>> 目標幾何面積無效 (低於 0 像素)，跳過物件邊界裁切程序
[09:10:55] | PROCESS      | COLOR-EXTR             | VALIDATE_ARGUMENTS | WARN     | [參數: roi_crop] 驗證警示 >>> 輸入影像為 None 或格式無效，跳過色彩特徵提取
[09:10:56] | PROCESS      | BODY-CROP              | VERIFY_CROP_DIMENSIONS | WARN     | [尺寸: 2604x0] 裁切警示 >>> 目標幾何面積無效 (低於 0 像素)，跳過物件邊界裁切程序
[09:10:56] | PROCESS      | COLOR-EXTR             | VALIDATE_ARGUMENTS | WARN     | [參數: roi_crop] 驗證警示 >>> 輸入影像為 None 或格式無效，跳過色彩特徵提取
[09:10:56] | PROCESS      | BODY-CROP              | VERIFY_CROP_DIMENSIONS | WARN     | [尺寸: 2498x0] 裁切警示 >>> 目標幾何面積無效 (低於 0 像素)，跳過物件邊界裁切程序
[09:10:56] | PROCESS      | COLOR-EXTR             | VALIDATE_ARGUMENTS | WARN     | [參數: roi_crop] 驗證警示 >>> 輸入影像為 None 或格式無效，跳過色彩特徵提取
[09:10:56] | PROCESS      | BODY-CROP              | VERIFY_CROP_DIMENSIONS | WARN     | [尺寸: 574x0] 裁切警示 >>> 目標幾何面積無效 (低於 0 像素)，跳過物件邊界裁切程序
[09:10:56] | PROCESS      | COLOR-EXTR             | VALIDATE_ARGUMENTS | WARN     | [參數: roi_crop] 驗證警示 >>> 輸入影像為 None 或格式無效，跳過色彩特徵提取
[09:10:56] | PROCESS      | BODY-CROP              | VERIFY_CROP_DIMENSIONS | WARN     | [尺寸: 708x0] 裁切警示 >>> 目標幾何面積無效 (低於 0 像素)，跳過物件邊界裁切程序
[09:10:56] | PROCESS      | COLOR-EXTR             | VALIDATE_ARGUMENTS | WARN     | [參數: roi_crop] 驗證警示 >>> 輸入影像為 None 或格式無效，跳過色彩特徵提取
[09:10:56] | PROCESS      | BODY-CROP              | VERIFY_CROP_DIMENSIONS | WARN     | [尺寸: 1728x0] 裁切警示 >>> 目標幾何面積無效 (低於 0 像素)，跳過物件邊界裁切程序
[09:10:56] | PROCESS      | COLOR-EXTR             | VALIDATE_ARGUMENTS | WARN     | [參數: roi_crop] 驗證警示 >>> 輸入影像為 None 或格式無效，跳過色彩特徵提取
[09:10:56] | DB           | MARS_DB                | UPST_DATA     | SUCC     | [資料表: live_veh_recg] 寫入成功 >>> 共計更新 42 筆數據
[09:10:56] | DATABASE     | PIPE-VEH               | SYNC_INFER_DATABASE | SUCC     | [資料庫: MARS-DB] 寫入成功 >>> 共 42 筆車輛辨識數據「完全同步」至 live_veh_recg 資料表中
[09:10:56] | FRAME        | INFER_S25U_VEH_ROOF_20260921_180355.mp4-00200 | EXTRACT_SUCCESS | SUCC     | [時間: 18:03:58] 成功辨識 42 組主物件特徵
[09:10:58] | PROCESS      | BODY-CROP              | VERIFY_CROP_DIMENSIONS | WARN     | [尺寸: 2239x0] 裁切警示 >>> 目標幾何面積無效 (低於 0 像素)，跳過物件邊界裁切程序
[09:10:58] | PROCESS      | COLOR-EXTR             | VALIDATE_ARGUMENTS | WARN     | [參數: roi_crop] 驗證警示 >>> 輸入影像為 None 或格式無效，跳過色彩特徵提取
[09:10:58] | PROCESS      | BODY-CROP              | VERIFY_CROP_DIMENSIONS | WARN     | [尺寸: 1312x0] 裁切警示 >>> 目標幾何面積無效 (低於 0 像素)，跳過物件邊界裁切程序
[09:10:58] | PROCESS      | COLOR-EXTR             | VALIDATE_ARGUMENTS | WARN     | [參數: roi_crop] 驗證警示 >>> 輸入影像為 None 或格式無效，跳過色彩特徵提取
[09:10:58] | PROCESS      | BODY-CROP              | VERIFY_CROP_DIMENSIONS | WARN     | [尺寸: 1166x0] 裁切警示 >>> 目標幾何面積無效 (低於 0 像素)，跳過物件邊界裁切程序
[09:10:58] | PROCESS      | COLOR-EXTR             | VALIDATE_ARGUMENTS | WARN     | [參數: roi_crop] 驗證警示 >>> 輸入影像為 None 或格式無效，跳過色彩特徵提取
[09:10:58] | PROCESS      | BODY-CROP              | VERIFY_CROP_DIMENSIONS | WARN     | [尺寸: 2382x0] 裁切警示 >>> 目標幾何面積無效 (低於 0 像素)，跳過物件邊界裁切程序
[09:10:58] | PROCESS      | COLOR-EXTR             | VALIDATE_ARGUMENTS | WARN     | [參數: roi_crop] 驗證警示 >>> 輸入影像為 None 或格式無效，跳過色彩特徵提取
[09:10:58] | PROCESS      | BODY-CROP              | VERIFY_CROP_DIMENSIONS | WARN     | [尺寸: 2112x0] 裁切警示 >>> 目標幾何面積無效 (低於 0 像素)，跳過物件邊界裁切程序
[09:10:58] | PROCESS      | COLOR-EXTR             | VALIDATE_ARGUMENTS | WARN     | [參數: roi_crop] 驗證警示 >>> 輸入影像為 None 或格式無效，跳過色彩特徵提取
[09:10:58] | PROCESS      | BODY-CROP              | VERIFY_CROP_DIMENSIONS | WARN     | [尺寸: 692x0] 裁切警示 >>> 目標幾何面積無效 (低於 0 像素)，跳過物件邊界裁切程序
[09:10:58] | PROCESS      | COLOR-EXTR             | VALIDATE_ARGUMENTS | WARN     | [參數: roi_crop] 驗證警示 >>> 輸入影像為 None 或格式無效，跳過色彩特徵提取
[09:10:58] | PROCESS      | BODY-CROP              | VERIFY_CROP_DIMENSIONS | WARN     | [尺寸: 1275x0] 裁切警示 >>> 目標幾何面積無效 (低於 0 像素)，跳過物件邊界裁切程序
[09:10:58] | PROCESS      | COLOR-EXTR             | VALIDATE_ARGUMENTS | WARN     | [參數: roi_crop] 驗證警示 >>> 輸入影像為 None 或格式無效，跳過色彩特徵提取
[09:10:58] | PROCESS      | BODY-CROP              | VERIFY_CROP_DIMENSIONS | WARN     | [尺寸: 2464x0] 裁切警示 >>> 目標幾何面積無效 (低於 0 像素)，跳過物件邊界裁切程序
[09:10:58] | PROCESS      | COLOR-EXTR             | VALIDATE_ARGUMENTS | WARN     | [參數: roi_crop] 驗證警示 >>> 輸入影像為 None 或格式無效，跳過色彩特徵提取
[09:10:59] | DB           | MARS_DB                | UPST_DATA     | SUCC     | [資料表: live_veh_recg] 寫入成功 >>> 共計更新 45 筆數據
[09:10:59] | DATABASE     | PIPE-VEH               | SYNC_INFER_DATABASE | SUCC     | [資料庫: MARS-DB] 寫入成功 >>> 共 45 筆車輛辨識數據「完全同步」至 live_veh_recg 資料表中
[09:10:59] | FRAME        | INFER_S25U_VEH_ROOF_20260921_180355.mp4-00210 | EXTRACT_SUCCESS | SUCC     | [時間: 18:03:58] 成功辨識 45 組主物件特徵
[09:10:59] | PROCESS      | BODY-CROP              | VERIFY_CROP_DIMENSIONS | WARN     | [尺寸: 2133x0] 裁切警示 >>> 目標幾何面積無效 (低於 0 像素)，跳過物件邊界裁切程序
[09:10:59] | PROCESS      | COLOR-EXTR             | VALIDATE_ARGUMENTS | WARN     | [參數: roi_crop] 驗證警示 >>> 輸入影像為 None 或格式無效，跳過色彩特徵提取
[09:11:00] | PROCESS      | BODY-CROP              | VERIFY_CROP_DIMENSIONS | WARN     | [尺寸: 1206x0] 裁切警示 >>> 目標幾何面積無效 (低於 0 像素)，跳過物件邊界裁切程序
[09:11:00] | PROCESS      | COLOR-EXTR             | VALIDATE_ARGUMENTS | WARN     | [參數: roi_crop] 驗證警示 >>> 輸入影像為 None 或格式無效，跳過色彩特徵提取
[09:11:00] | PROCESS      | BODY-CROP              | VERIFY_CROP_DIMENSIONS | WARN     | [尺寸: 2340x0] 裁切警示 >>> 目標幾何面積無效 (低於 0 像素)，跳過物件邊界裁切程序
[09:11:00] | PROCESS      | COLOR-EXTR             | VALIDATE_ARGUMENTS | WARN     | [參數: roi_crop] 驗證警示 >>> 輸入影像為 None 或格式無效，跳過色彩特徵提取
[09:11:00] | PROCESS      | BODY-CROP              | VERIFY_CROP_DIMENSIONS | WARN     | [尺寸: 2511x0] 裁切警示 >>> 目標幾何面積無效 (低於 0 像素)，跳過物件邊界裁切程序
[09:11:00] | PROCESS      | COLOR-EXTR             | VALIDATE_ARGUMENTS | WARN     | [參數: roi_crop] 驗證警示 >>> 輸入影像為 None 或格式無效，跳過色彩特徵提取
[09:11:00] | PROCESS      | BODY-CROP              | VERIFY_CROP_DIMENSIONS | WARN     | [尺寸: 2166x0] 裁切警示 >>> 目標幾何面積無效 (低於 0 像素)，跳過物件邊界裁切程序
[09:11:00] | PROCESS      | COLOR-EXTR             | VALIDATE_ARGUMENTS | WARN     | [參數: roi_crop] 驗證警示 >>> 輸入影像為 None 或格式無效，跳過色彩特徵提取
[09:11:01] | PROCESS      | BODY-CROP              | VERIFY_CROP_DIMENSIONS | WARN     | [尺寸: 682x0] 裁切警示 >>> 目標幾何面積無效 (低於 0 像素)，跳過物件邊界裁切程序
[09:11:01] | PROCESS      | COLOR-EXTR             | VALIDATE_ARGUMENTS | WARN     | [參數: roi_crop] 驗證警示 >>> 輸入影像為 None 或格式無效，跳過色彩特徵提取
[09:11:01] | PROCESS      | BODY-CROP              | VERIFY_CROP_DIMENSIONS | WARN     | [尺寸: 722x0] 裁切警示 >>> 目標幾何面積無效 (低於 0 像素)，跳過物件邊界裁切程序
[09:11:01] | PROCESS      | COLOR-EXTR             | VALIDATE_ARGUMENTS | WARN     | [參數: roi_crop] 驗證警示 >>> 輸入影像為 None 或格式無效，跳過色彩特徵提取
[09:11:01] | PROCESS      | BODY-CROP              | VERIFY_CROP_DIMENSIONS | WARN     | [尺寸: 1916x0] 裁切警示 >>> 目標幾何面積無效 (低於 0 像素)，跳過物件邊界裁切程序
[09:11:01] | PROCESS      | COLOR-EXTR             | VALIDATE_ARGUMENTS | WARN     | [參數: roi_crop] 驗證警示 >>> 輸入影像為 None 或格式無效，跳過色彩特徵提取
[09:11:01] | DB           | MARS_DB                | UPST_DATA     | SUCC     | [資料表: live_veh_recg] 寫入成功 >>> 共計更新 45 筆數據
[09:11:01] | DATABASE     | PIPE-VEH               | SYNC_INFER_DATABASE | SUCC     | [資料庫: MARS-DB] 寫入成功 >>> 共 45 筆車輛辨識數據「完全同步」至 live_veh_recg 資料表中
[09:11:01] | FRAME        | INFER_S25U_VEH_ROOF_20260921_180355.mp4-00220 | EXTRACT_SUCCESS | SUCC     | [時間: 18:03:58] 成功辨識 45 組主物件特徵
[09:11:01] | PROCESS      | BODY-CROP              | VERIFY_CROP_DIMENSIONS | WARN     | [尺寸: 1500x0] 裁切警示 >>> 目標幾何面積無效 (低於 0 像素)，跳過物件邊界裁切程序
[09:11:01] | PROCESS      | COLOR-EXTR             | VALIDATE_ARGUMENTS | WARN     | [參數: roi_crop] 驗證警示 >>> 輸入影像為 None 或格式無效，跳過色彩特徵提取
[09:11:03] | PROCESS      | BODY-CROP              | VERIFY_CROP_DIMENSIONS | WARN     | [尺寸: 1216x0] 裁切警示 >>> 目標幾何面積無效 (低於 0 像素)，跳過物件邊界裁切程序
[09:11:03] | PROCESS      | COLOR-EXTR             | VALIDATE_ARGUMENTS | WARN     | [參數: roi_crop] 驗證警示 >>> 輸入影像為 None 或格式無效，跳過色彩特徵提取
[09:11:03] | PROCESS      | BODY-CROP              | VERIFY_CROP_DIMENSIONS | WARN     | [尺寸: 2331x0] 裁切警示 >>> 目標幾何面積無效 (低於 0 像素)，跳過物件邊界裁切程序
[09:11:03] | PROCESS      | COLOR-EXTR             | VALIDATE_ARGUMENTS | WARN     | [參數: roi_crop] 驗證警示 >>> 輸入影像為 None 或格式無效，跳過色彩特徵提取
[09:11:03] | PROCESS      | BODY-CROP              | VERIFY_CROP_DIMENSIONS | WARN     | [尺寸: 2190x0] 裁切警示 >>> 目標幾何面積無效 (低於 0 像素)，跳過物件邊界裁切程序
[09:11:03] | PROCESS      | COLOR-EXTR             | VALIDATE_ARGUMENTS | WARN     | [參數: roi_crop] 驗證警示 >>> 輸入影像為 None 或格式無效，跳過色彩特徵提取
[09:11:03] | PROCESS      | BODY-CROP              | VERIFY_CROP_DIMENSIONS | WARN     | [尺寸: 996x0] 裁切警示 >>> 目標幾何面積無效 (低於 0 像素)，跳過物件邊界裁切程序
[09:11:03] | PROCESS      | COLOR-EXTR             | VALIDATE_ARGUMENTS | WARN     | [參數: roi_crop] 驗證警示 >>> 輸入影像為 None 或格式無效，跳過色彩特徵提取
[09:11:03] | PROCESS      | BODY-CROP              | VERIFY_CROP_DIMENSIONS | WARN     | [尺寸: 663x0] 裁切警示 >>> 目標幾何面積無效 (低於 0 像素)，跳過物件邊界裁切程序
[09:11:03] | PROCESS      | COLOR-EXTR             | VALIDATE_ARGUMENTS | WARN     | [參數: roi_crop] 驗證警示 >>> 輸入影像為 None 或格式無效，跳過色彩特徵提取
[09:11:04] | DB           | MARS_DB                | UPST_DATA     | SUCC     | [資料表: live_veh_recg] 寫入成功 >>> 共計更新 49 筆數據
[09:11:04] | DATABASE     | PIPE-VEH               | SYNC_INFER_DATABASE | SUCC     | [資料庫: MARS-DB] 寫入成功 >>> 共 49 筆車輛辨識數據「完全同步」至 live_veh_recg 資料表中
[09:11:04] | FRAME        | INFER_S25U_VEH_ROOF_20260921_180355.mp4-00230 | EXTRACT_SUCCESS | SUCC     | [時間: 18:03:58] 成功辨識 49 組主物件特徵
[09:11:04] | PROCESS      | BODY-CROP              | VERIFY_CROP_DIMENSIONS | WARN     | [尺寸: 1450x0] 裁切警示 >>> 目標幾何面積無效 (低於 0 像素)，跳過物件邊界裁切程序
[09:11:04] | PROCESS      | COLOR-EXTR             | VALIDATE_ARGUMENTS | WARN     | [參數: roi_crop] 驗證警示 >>> 輸入影像為 None 或格式無效，跳過色彩特徵提取
[09:11:05] | PROCESS      | BODY-CROP              | VERIFY_CROP_DIMENSIONS | WARN     | [尺寸: 1148x0] 裁切警示 >>> 目標幾何面積無效 (低於 0 像素)，跳過物件邊界裁切程序
[09:11:05] | PROCESS      | COLOR-EXTR             | VALIDATE_ARGUMENTS | WARN     | [參數: roi_crop] 驗證警示 >>> 輸入影像為 None 或格式無效，跳過色彩特徵提取
[09:11:05] | PROCESS      | BODY-CROP              | VERIFY_CROP_DIMENSIONS | WARN     | [尺寸: 2152x0] 裁切警示 >>> 目標幾何面積無效 (低於 0 像素)，跳過物件邊界裁切程序
[09:11:05] | PROCESS      | COLOR-EXTR             | VALIDATE_ARGUMENTS | WARN     | [參數: roi_crop] 驗證警示 >>> 輸入影像為 None 或格式無效，跳過色彩特徵提取
[09:11:05] | PROCESS      | BODY-CROP              | VERIFY_CROP_DIMENSIONS | WARN     | [尺寸: 2220x0] 裁切警示 >>> 目標幾何面積無效 (低於 0 像素)，跳過物件邊界裁切程序
[09:11:05] | PROCESS      | COLOR-EXTR             | VALIDATE_ARGUMENTS | WARN     | [參數: roi_crop] 驗證警示 >>> 輸入影像為 None 或格式無效，跳過色彩特徵提取
[09:11:05] | PROCESS      | BODY-CROP              | VERIFY_CROP_DIMENSIONS | WARN     | [尺寸: 2331x0] 裁切警示 >>> 目標幾何面積無效 (低於 0 像素)，跳過物件邊界裁切程序
[09:11:05] | PROCESS      | COLOR-EXTR             | VALIDATE_ARGUMENTS | WARN     | [參數: roi_crop] 驗證警示 >>> 輸入影像為 None 或格式無效，跳過色彩特徵提取
[09:11:05] | PROCESS      | BODY-CROP              | VERIFY_CROP_DIMENSIONS | WARN     | [尺寸: 1508x0] 裁切警示 >>> 目標幾何面積無效 (低於 0 像素)，跳過物件邊界裁切程序
[09:11:05] | PROCESS      | COLOR-EXTR             | VALIDATE_ARGUMENTS | WARN     | [參數: roi_crop] 驗證警示 >>> 輸入影像為 None 或格式無效，跳過色彩特徵提取
[09:11:06] | PROCESS      | BODY-CROP              | VERIFY_CROP_DIMENSIONS | WARN     | [尺寸: 670x0] 裁切警示 >>> 目標幾何面積無效 (低於 0 像素)，跳過物件邊界裁切程序
[09:11:06] | PROCESS      | COLOR-EXTR             | VALIDATE_ARGUMENTS | WARN     | [參數: roi_crop] 驗證警示 >>> 輸入影像為 None 或格式無效，跳過色彩特徵提取
[09:11:06] | DB           | MARS_DB                | UPST_DATA     | SUCC     | [資料表: live_veh_recg] 寫入成功 >>> 共計更新 52 筆數據
[09:11:06] | DATABASE     | PIPE-VEH               | SYNC_INFER_DATABASE | SUCC     | [資料庫: MARS-DB] 寫入成功 >>> 共 52 筆車輛辨識數據「完全同步」至 live_veh_recg 資料表中
[09:11:06] | FRAME        | INFER_S25U_VEH_ROOF_20260921_180355.mp4-00240 | EXTRACT_SUCCESS | SUCC     | [時間: 18:03:59] 成功辨識 52 組主物件特徵
[09:11:06] | PROCESS      | BODY-CROP              | VERIFY_CROP_DIMENSIONS | WARN     | [尺寸: 1536x0] 裁切警示 >>> 目標幾何面積無效 (低於 0 像素)，跳過物件邊界裁切程序
[09:11:06] | PROCESS      | COLOR-EXTR             | VALIDATE_ARGUMENTS | WARN     | [參數: roi_crop] 驗證警示 >>> 輸入影像為 None 或格式無效，跳過色彩特徵提取
[09:11:08] | PROCESS      | BODY-CROP              | VERIFY_CROP_DIMENSIONS | WARN     | [尺寸: 2129x0] 裁切警示 >>> 目標幾何面積無效 (低於 0 像素)，跳過物件邊界裁切程序
[09:11:08] | PROCESS      | COLOR-EXTR             | VALIDATE_ARGUMENTS | WARN     | [參數: roi_crop] 驗證警示 >>> 輸入影像為 None 或格式無效，跳過色彩特徵提取
[09:11:08] | PROCESS      | BODY-CROP              | VERIFY_CROP_DIMENSIONS | WARN     | [尺寸: 2268x0] 裁切警示 >>> 目標幾何面積無效 (低於 0 像素)，跳過物件邊界裁切程序
[09:11:08] | PROCESS      | COLOR-EXTR             | VALIDATE_ARGUMENTS | WARN     | [參數: roi_crop] 驗證警示 >>> 輸入影像為 None 或格式無效，跳過色彩特徵提取
[09:11:08] | PROCESS      | BODY-CROP              | VERIFY_CROP_DIMENSIONS | WARN     | [尺寸: 2067x0] 裁切警示 >>> 目標幾何面積無效 (低於 0 像素)，跳過物件邊界裁切程序
[09:11:08] | PROCESS      | COLOR-EXTR             | VALIDATE_ARGUMENTS | WARN     | [參數: roi_crop] 驗證警示 >>> 輸入影像為 None 或格式無效，跳過色彩特徵提取
[09:11:08] | PROCESS      | BODY-CROP              | VERIFY_CROP_DIMENSIONS | WARN     | [尺寸: 764x0] 裁切警示 >>> 目標幾何面積無效 (低於 0 像素)，跳過物件邊界裁切程序
[09:11:08] | PROCESS      | COLOR-EXTR             | VALIDATE_ARGUMENTS | WARN     | [參數: roi_crop] 驗證警示 >>> 輸入影像為 None 或格式無效，跳過色彩特徵提取
[09:11:08] | PROCESS      | BODY-CROP              | VERIFY_CROP_DIMENSIONS | WARN     | [尺寸: 956x0] 裁切警示 >>> 目標幾何面積無效 (低於 0 像素)，跳過物件邊界裁切程序
[09:11:08] | PROCESS      | COLOR-EXTR             | VALIDATE_ARGUMENTS | WARN     | [參數: roi_crop] 驗證警示 >>> 輸入影像為 None 或格式無效，跳過色彩特徵提取
[09:11:09] | DB           | MARS_DB                | UPST_DATA     | SUCC     | [資料表: live_veh_recg] 寫入成功 >>> 共計更新 47 筆數據
[09:11:09] | DATABASE     | PIPE-VEH               | SYNC_INFER_DATABASE | SUCC     | [資料庫: MARS-DB] 寫入成功 >>> 共 47 筆車輛辨識數據「完全同步」至 live_veh_recg 資料表中
[09:11:09] | FRAME        | INFER_S25U_VEH_ROOF_20260921_180355.mp4-00250 | EXTRACT_SUCCESS | SUCC     | [時間: 18:03:59] 成功辨識 47 組主物件特徵
[09:11:09] | MODEL        | YOLO-I-LIC             | INFERENCE_EXCEPTION | FAIL     | [任務: 物件辨識任務] 運行失敗 >>> 非預期系統異常，堆疊資訊如下: 
Traceback (most recent call last):
  File "C:\Users\magiceason\Desktop\MARS_Project\src\vis_recg\obj_detect.py", line 123, in __call__
    results = model.predict(
              ^^^^^^^^^^^^^^
  File "C:\Users\magiceason\Desktop\MARS_Project\venv\Lib\site-packages\ultralytics\engine\model.py", line 541, in predict
    return self.predictor.predict_cli(source=source) if is_cli else self.predictor(source=source, stream=stream)
                                                                    ^^^^^^^^^^^^^^^^^^^^^^^^^^^^^^^^^^^^^^^^^^^^
  File "C:\Users\magiceason\Desktop\MARS_Project\venv\Lib\site-packages\ultralytics\engine\predictor.py", line 229, in __call__
    return list(self.stream_inference(source, model, *args, **kwargs))  # merge list of Results into one
           ^^^^^^^^^^^^^^^^^^^^^^^^^^^^^^^^^^^^^^^^^^^^^^^^^^^^^^^^^^^
  File "C:\Users\magiceason\Desktop\MARS_Project\venv\Lib\site-packages\torch\utils\_contextlib.py", line 36, in generator_context
    response = gen.send(None)
               ^^^^^^^^^^^^^^
  File "C:\Users\magiceason\Desktop\MARS_Project\venv\Lib\site-packages\ultralytics\engine\predictor.py", line 334, in stream_inference
    im = self.preprocess(im0s)
         ^^^^^^^^^^^^^^^^^^^^^
  File "C:\Users\magiceason\Desktop\MARS_Project\venv\Lib\site-packages\ultralytics\engine\predictor.py", line 166, in preprocess
    im = np.stack(self.pre_transform(im))
                  ^^^^^^^^^^^^^^^^^^^^^^
  File "C:\Users\magiceason\Desktop\MARS_Project\venv\Lib\site-packages\ultralytics\engine\predictor.py", line 205, in pre_transform
    return [letterbox(image=x) for x in im]
            ^^^^^^^^^^^^^^^^^^
  File "C:\Users\magiceason\Desktop\MARS_Project\venv\Lib\site-packages\ultralytics\data\augment.py", line 1692, in __call__
    labels = self.apply_image(labels, params)
             ^^^^^^^^^^^^^^^^^^^^^^^^^^^^^^^^
  File "C:\Users\magiceason\Desktop\MARS_Project\venv\Lib\site-packages\ultralytics\data\augment.py", line 1764, in apply_image
    img = cv2.resize(img, new_unpad, interpolation=self.interpolation)
          ^^^^^^^^^^^^^^^^^^^^^^^^^^^^^^^^^^^^^^^^^^^^^^^^^^^^^^^^^^^^
cv2.error: OpenCV(4.10.0) D:\a\opencv-python\opencv-python\opencv\modules\imgproc\src\resize.cpp:4155: error: (-215:Assertion failed) inv_scale_x > 0 in function 'cv::resize'


[09:11:09] | MODEL        | YOLO-I-BRAND           | INFERENCE_EXCEPTION | FAIL     | [任務: 物件辨識任務] 運行失敗 >>> 非預期系統異常，堆疊資訊如下: 
Traceback (most recent call last):
  File "C:\Users\magiceason\Desktop\MARS_Project\src\vis_recg\obj_detect.py", line 123, in __call__
    results = model.predict(
              ^^^^^^^^^^^^^^
  File "C:\Users\magiceason\Desktop\MARS_Project\venv\Lib\site-packages\ultralytics\engine\model.py", line 541, in predict
    return self.predictor.predict_cli(source=source) if is_cli else self.predictor(source=source, stream=stream)
                                                                    ^^^^^^^^^^^^^^^^^^^^^^^^^^^^^^^^^^^^^^^^^^^^
  File "C:\Users\magiceason\Desktop\MARS_Project\venv\Lib\site-packages\ultralytics\engine\predictor.py", line 229, in __call__
    return list(self.stream_inference(source, model, *args, **kwargs))  # merge list of Results into one
           ^^^^^^^^^^^^^^^^^^^^^^^^^^^^^^^^^^^^^^^^^^^^^^^^^^^^^^^^^^^
  File "C:\Users\magiceason\Desktop\MARS_Project\venv\Lib\site-packages\torch\utils\_contextlib.py", line 36, in generator_context
    response = gen.send(None)
               ^^^^^^^^^^^^^^
  File "C:\Users\magiceason\Desktop\MARS_Project\venv\Lib\site-packages\ultralytics\engine\predictor.py", line 334, in stream_inference
    im = self.preprocess(im0s)
         ^^^^^^^^^^^^^^^^^^^^^
  File "C:\Users\magiceason\Desktop\MARS_Project\venv\Lib\site-packages\ultralytics\engine\predictor.py", line 166, in preprocess
    im = np.stack(self.pre_transform(im))
                  ^^^^^^^^^^^^^^^^^^^^^^
  File "C:\Users\magiceason\Desktop\MARS_Project\venv\Lib\site-packages\ultralytics\engine\predictor.py", line 205, in pre_transform
    return [letterbox(image=x) for x in im]
            ^^^^^^^^^^^^^^^^^^
  File "C:\Users\magiceason\Desktop\MARS_Project\venv\Lib\site-packages\ultralytics\data\augment.py", line 1692, in __call__
    labels = self.apply_image(labels, params)
             ^^^^^^^^^^^^^^^^^^^^^^^^^^^^^^^^
  File "C:\Users\magiceason\Desktop\MARS_Project\venv\Lib\site-packages\ultralytics\data\augment.py", line 1764, in apply_image
    img = cv2.resize(img, new_unpad, interpolation=self.interpolation)
          ^^^^^^^^^^^^^^^^^^^^^^^^^^^^^^^^^^^^^^^^^^^^^^^^^^^^^^^^^^^^
cv2.error: OpenCV(4.10.0) D:\a\opencv-python\opencv-python\opencv\modules\imgproc\src\resize.cpp:4155: error: (-215:Assertion failed) inv_scale_x > 0 in function 'cv::resize'


[09:11:10] | PROCESS      | BODY-CROP              | VERIFY_CROP_DIMENSIONS | WARN     | [尺寸: 1170x0] 裁切警示 >>> 目標幾何面積無效 (低於 0 像素)，跳過物件邊界裁切程序
[09:11:10] | PROCESS      | COLOR-EXTR             | VALIDATE_ARGUMENTS | WARN     | [參數: roi_crop] 驗證警示 >>> 輸入影像為 None 或格式無效，跳過色彩特徵提取
[09:11:10] | PROCESS      | BODY-CROP              | VERIFY_CROP_DIMENSIONS | WARN     | [尺寸: 2193x0] 裁切警示 >>> 目標幾何面積無效 (低於 0 像素)，跳過物件邊界裁切程序
[09:11:10] | PROCESS      | COLOR-EXTR             | VALIDATE_ARGUMENTS | WARN     | [參數: roi_crop] 驗證警示 >>> 輸入影像為 None 或格式無效，跳過色彩特徵提取
[09:11:10] | PROCESS      | BODY-CROP              | VERIFY_CROP_DIMENSIONS | WARN     | [尺寸: 2391x0] 裁切警示 >>> 目標幾何面積無效 (低於 0 像素)，跳過物件邊界裁切程序
[09:11:10] | PROCESS      | COLOR-EXTR             | VALIDATE_ARGUMENTS | WARN     | [參數: roi_crop] 驗證警示 >>> 輸入影像為 None 或格式無效，跳過色彩特徵提取
[09:11:10] | PROCESS      | BODY-CROP              | VERIFY_CROP_DIMENSIONS | WARN     | [尺寸: 2121x0] 裁切警示 >>> 目標幾何面積無效 (低於 0 像素)，跳過物件邊界裁切程序
[09:11:10] | PROCESS      | COLOR-EXTR             | VALIDATE_ARGUMENTS | WARN     | [參數: roi_crop] 驗證警示 >>> 輸入影像為 None 或格式無效，跳過色彩特徵提取
[09:11:10] | PROCESS      | BODY-CROP              | VERIFY_CROP_DIMENSIONS | WARN     | [尺寸: 670x0] 裁切警示 >>> 目標幾何面積無效 (低於 0 像素)，跳過物件邊界裁切程序
[09:11:10] | PROCESS      | COLOR-EXTR             | VALIDATE_ARGUMENTS | WARN     | [參數: roi_crop] 驗證警示 >>> 輸入影像為 None 或格式無效，跳過色彩特徵提取
[09:11:11] | PROCESS      | BODY-CROP              | VERIFY_CROP_DIMENSIONS | WARN     | [尺寸: 1971x0] 裁切警示 >>> 目標幾何面積無效 (低於 0 像素)，跳過物件邊界裁切程序
[09:11:11] | PROCESS      | COLOR-EXTR             | VALIDATE_ARGUMENTS | WARN     | [參數: roi_crop] 驗證警示 >>> 輸入影像為 None 或格式無效，跳過色彩特徵提取
[09:11:11] | DB           | MARS_DB                | UPST_DATA     | SUCC     | [資料表: live_veh_recg] 寫入成功 >>> 共計更新 41 筆數據
[09:11:11] | DATABASE     | PIPE-VEH               | SYNC_INFER_DATABASE | SUCC     | [資料庫: MARS-DB] 寫入成功 >>> 共 41 筆車輛辨識數據「完全同步」至 live_veh_recg 資料表中
[09:11:11] | FRAME        | INFER_S25U_VEH_ROOF_20260921_180355.mp4-00260 | EXTRACT_SUCCESS | SUCC     | [時間: 18:03:59] 成功辨識 41 組主物件特徵
[09:11:12] | PROCESS      | BODY-CROP              | VERIFY_CROP_DIMENSIONS | WARN     | [尺寸: 2434x0] 裁切警示 >>> 目標幾何面積無效 (低於 0 像素)，跳過物件邊界裁切程序
[09:11:12] | PROCESS      | COLOR-EXTR             | VALIDATE_ARGUMENTS | WARN     | [參數: roi_crop] 驗證警示 >>> 輸入影像為 None 或格式無效，跳過色彩特徵提取
[09:11:12] | PROCESS      | BODY-CROP              | VERIFY_CROP_DIMENSIONS | WARN     | [尺寸: 1821x0] 裁切警示 >>> 目標幾何面積無效 (低於 0 像素)，跳過物件邊界裁切程序
[09:11:12] | PROCESS      | COLOR-EXTR             | VALIDATE_ARGUMENTS | WARN     | [參數: roi_crop] 驗證警示 >>> 輸入影像為 None 或格式無效，跳過色彩特徵提取
[09:11:12] | PROCESS      | BODY-CROP              | VERIFY_CROP_DIMENSIONS | WARN     | [尺寸: 720x0] 裁切警示 >>> 目標幾何面積無效 (低於 0 像素)，跳過物件邊界裁切程序
[09:11:12] | PROCESS      | COLOR-EXTR             | VALIDATE_ARGUMENTS | WARN     | [參數: roi_crop] 驗證警示 >>> 輸入影像為 None 或格式無效，跳過色彩特徵提取
[09:11:12] | PROCESS      | BODY-CROP              | VERIFY_CROP_DIMENSIONS | WARN     | [尺寸: 678x0] 裁切警示 >>> 目標幾何面積無效 (低於 0 像素)，跳過物件邊界裁切程序
[09:11:12] | PROCESS      | COLOR-EXTR             | VALIDATE_ARGUMENTS | WARN     | [參數: roi_crop] 驗證警示 >>> 輸入影像為 None 或格式無效，跳過色彩特徵提取
[09:11:12] | PROCESS      | BODY-CROP              | VERIFY_CROP_DIMENSIONS | WARN     | [尺寸: 1267x0] 裁切警示 >>> 目標幾何面積無效 (低於 0 像素)，跳過物件邊界裁切程序
[09:11:12] | PROCESS      | COLOR-EXTR             | VALIDATE_ARGUMENTS | WARN     | [參數: roi_crop] 驗證警示 >>> 輸入影像為 None 或格式無效，跳過色彩特徵提取
[09:11:12] | PROCESS      | BODY-CROP              | VERIFY_CROP_DIMENSIONS | WARN     | [尺寸: 2187x0] 裁切警示 >>> 目標幾何面積無效 (低於 0 像素)，跳過物件邊界裁切程序
[09:11:12] | PROCESS      | COLOR-EXTR             | VALIDATE_ARGUMENTS | WARN     | [參數: roi_crop] 驗證警示 >>> 輸入影像為 None 或格式無效，跳過色彩特徵提取
[09:11:13] | DB           | MARS_DB                | UPST_DATA     | SUCC     | [資料表: live_veh_recg] 寫入成功 >>> 共計更新 38 筆數據
[09:11:13] | DATABASE     | PIPE-VEH               | SYNC_INFER_DATABASE | SUCC     | [資料庫: MARS-DB] 寫入成功 >>> 共 38 筆車輛辨識數據「完全同步」至 live_veh_recg 資料表中
[09:11:13] | FRAME        | INFER_S25U_VEH_ROOF_20260921_180355.mp4-00270 | EXTRACT_SUCCESS | SUCC     | [時間: 18:03:59] 成功辨識 38 組主物件特徵
[09:11:13] | PROCESS      | BODY-CROP              | VERIFY_CROP_DIMENSIONS | WARN     | [尺寸: 1947x0] 裁切警示 >>> 目標幾何面積無效 (低於 0 像素)，跳過物件邊界裁切程序
[09:11:13] | PROCESS      | COLOR-EXTR             | VALIDATE_ARGUMENTS | WARN     | [參數: roi_crop] 驗證警示 >>> 輸入影像為 None 或格式無效，跳過色彩特徵提取
[09:11:14] | PROCESS      | BODY-CROP              | VERIFY_CROP_DIMENSIONS | WARN     | [尺寸: 1112x0] 裁切警示 >>> 目標幾何面積無效 (低於 0 像素)，跳過物件邊界裁切程序
[09:11:14] | PROCESS      | COLOR-EXTR             | VALIDATE_ARGUMENTS | WARN     | [參數: roi_crop] 驗證警示 >>> 輸入影像為 None 或格式無效，跳過色彩特徵提取
[09:11:14] | PROCESS      | BODY-CROP              | VERIFY_CROP_DIMENSIONS | WARN     | [尺寸: 2492x0] 裁切警示 >>> 目標幾何面積無效 (低於 0 像素)，跳過物件邊界裁切程序
[09:11:14] | PROCESS      | COLOR-EXTR             | VALIDATE_ARGUMENTS | WARN     | [參數: roi_crop] 驗證警示 >>> 輸入影像為 None 或格式無效，跳過色彩特徵提取
[09:11:14] | PROCESS      | BODY-CROP              | VERIFY_CROP_DIMENSIONS | WARN     | [尺寸: 2140x0] 裁切警示 >>> 目標幾何面積無效 (低於 0 像素)，跳過物件邊界裁切程序
[09:11:14] | PROCESS      | COLOR-EXTR             | VALIDATE_ARGUMENTS | WARN     | [參數: roi_crop] 驗證警示 >>> 輸入影像為 None 或格式無效，跳過色彩特徵提取
[09:11:14] | PROCESS      | BODY-CROP              | VERIFY_CROP_DIMENSIONS | WARN     | [尺寸: 639x0] 裁切警示 >>> 目標幾何面積無效 (低於 0 像素)，跳過物件邊界裁切程序
[09:11:14] | PROCESS      | COLOR-EXTR             | VALIDATE_ARGUMENTS | WARN     | [參數: roi_crop] 驗證警示 >>> 輸入影像為 None 或格式無效，跳過色彩特徵提取
[09:11:14] | PROCESS      | BODY-CROP              | VERIFY_CROP_DIMENSIONS | WARN     | [尺寸: 723x0] 裁切警示 >>> 目標幾何面積無效 (低於 0 像素)，跳過物件邊界裁切程序
[09:11:14] | PROCESS      | COLOR-EXTR             | VALIDATE_ARGUMENTS | WARN     | [參數: roi_crop] 驗證警示 >>> 輸入影像為 None 或格式無效，跳過色彩特徵提取
[09:11:15] | PROCESS      | BODY-CROP              | VERIFY_CROP_DIMENSIONS | WARN     | [尺寸: 2049x0] 裁切警示 >>> 目標幾何面積無效 (低於 0 像素)，跳過物件邊界裁切程序
[09:11:15] | PROCESS      | COLOR-EXTR             | VALIDATE_ARGUMENTS | WARN     | [參數: roi_crop] 驗證警示 >>> 輸入影像為 None 或格式無效，跳過色彩特徵提取
[09:11:15] | DB           | MARS_DB                | UPST_DATA     | SUCC     | [資料表: live_veh_recg] 寫入成功 >>> 共計更新 44 筆數據
[09:11:15] | DATABASE     | PIPE-VEH               | SYNC_INFER_DATABASE | SUCC     | [資料庫: MARS-DB] 寫入成功 >>> 共 44 筆車輛辨識數據「完全同步」至 live_veh_recg 資料表中
[09:11:15] | FRAME        | INFER_S25U_VEH_ROOF_20260921_180355.mp4-00280 | EXTRACT_SUCCESS | SUCC     | [時間: 18:03:59] 成功辨識 44 組主物件特徵
[09:11:15] | PROCESS      | BODY-CROP              | VERIFY_CROP_DIMENSIONS | WARN     | [尺寸: 1378x0] 裁切警示 >>> 目標幾何面積無效 (低於 0 像素)，跳過物件邊界裁切程序
[09:11:15] | PROCESS      | COLOR-EXTR             | VALIDATE_ARGUMENTS | WARN     | [參數: roi_crop] 驗證警示 >>> 輸入影像為 None 或格式無效，跳過色彩特徵提取
[09:11:16] | PROCESS      | BODY-CROP              | VERIFY_CROP_DIMENSIONS | WARN     | [尺寸: 2592x0] 裁切警示 >>> 目標幾何面積無效 (低於 0 像素)，跳過物件邊界裁切程序
[09:11:16] | PROCESS      | COLOR-EXTR             | VALIDATE_ARGUMENTS | WARN     | [參數: roi_crop] 驗證警示 >>> 輸入影像為 None 或格式無效，跳過色彩特徵提取
[09:11:17] | PROCESS      | BODY-CROP              | VERIFY_CROP_DIMENSIONS | WARN     | [尺寸: 1144x0] 裁切警示 >>> 目標幾何面積無效 (低於 0 像素)，跳過物件邊界裁切程序
[09:11:17] | PROCESS      | COLOR-EXTR             | VALIDATE_ARGUMENTS | WARN     | [參數: roi_crop] 驗證警示 >>> 輸入影像為 None 或格式無效，跳過色彩特徵提取
[09:11:17] | PROCESS      | BODY-CROP              | VERIFY_CROP_DIMENSIONS | WARN     | [尺寸: 2127x0] 裁切警示 >>> 目標幾何面積無效 (低於 0 像素)，跳過物件邊界裁切程序
[09:11:17] | PROCESS      | COLOR-EXTR             | VALIDATE_ARGUMENTS | WARN     | [參數: roi_crop] 驗證警示 >>> 輸入影像為 None 或格式無效，跳過色彩特徵提取
[09:11:17] | PROCESS      | BODY-CROP              | VERIFY_CROP_DIMENSIONS | WARN     | [尺寸: 646x0] 裁切警示 >>> 目標幾何面積無效 (低於 0 像素)，跳過物件邊界裁切程序
[09:11:17] | PROCESS      | COLOR-EXTR             | VALIDATE_ARGUMENTS | WARN     | [參數: roi_crop] 驗證警示 >>> 輸入影像為 None 或格式無效，跳過色彩特徵提取
[09:11:17] | PROCESS      | BODY-CROP              | VERIFY_CROP_DIMENSIONS | WARN     | [尺寸: 706x0] 裁切警示 >>> 目標幾何面積無效 (低於 0 像素)，跳過物件邊界裁切程序
[09:11:17] | PROCESS      | COLOR-EXTR             | VALIDATE_ARGUMENTS | WARN     | [參數: roi_crop] 驗證警示 >>> 輸入影像為 None 或格式無效，跳過色彩特徵提取
[09:11:17] | PROCESS      | BODY-CROP              | VERIFY_CROP_DIMENSIONS | WARN     | [尺寸: 2012x0] 裁切警示 >>> 目標幾何面積無效 (低於 0 像素)，跳過物件邊界裁切程序
[09:11:17] | PROCESS      | COLOR-EXTR             | VALIDATE_ARGUMENTS | WARN     | [參數: roi_crop] 驗證警示 >>> 輸入影像為 None 或格式無效，跳過色彩特徵提取
[09:11:17] | DB           | MARS_DB                | UPST_DATA     | SUCC     | [資料表: live_veh_recg] 寫入成功 >>> 共計更新 43 筆數據
[09:11:17] | DATABASE     | PIPE-VEH               | SYNC_INFER_DATABASE | SUCC     | [資料庫: MARS-DB] 寫入成功 >>> 共 43 筆車輛辨識數據「完全同步」至 live_veh_recg 資料表中
[09:11:17] | FRAME        | INFER_S25U_VEH_ROOF_20260921_180355.mp4-00290 | EXTRACT_SUCCESS | SUCC     | [時間: 18:03:59] 成功辨識 43 組主物件特徵
[09:11:18] | PROCESS      | BODY-CROP              | VERIFY_CROP_DIMENSIONS | WARN     | [尺寸: 1405x0] 裁切警示 >>> 目標幾何面積無效 (低於 0 像素)，跳過物件邊界裁切程序
[09:11:18] | PROCESS      | COLOR-EXTR             | VALIDATE_ARGUMENTS | WARN     | [參數: roi_crop] 驗證警示 >>> 輸入影像為 None 或格式無效，跳過色彩特徵提取
[09:11:19] | PROCESS      | BODY-CROP              | VERIFY_CROP_DIMENSIONS | WARN     | [尺寸: 1090x0] 裁切警示 >>> 目標幾何面積無效 (低於 0 像素)，跳過物件邊界裁切程序
[09:11:19] | PROCESS      | COLOR-EXTR             | VALIDATE_ARGUMENTS | WARN     | [參數: roi_crop] 驗證警示 >>> 輸入影像為 None 或格式無效，跳過色彩特徵提取
[09:11:19] | PROCESS      | BODY-CROP              | VERIFY_CROP_DIMENSIONS | WARN     | [尺寸: 2228x0] 裁切警示 >>> 目標幾何面積無效 (低於 0 像素)，跳過物件邊界裁切程序
[09:11:19] | PROCESS      | COLOR-EXTR             | VALIDATE_ARGUMENTS | WARN     | [參數: roi_crop] 驗證警示 >>> 輸入影像為 None 或格式無效，跳過色彩特徵提取
[09:11:19] | PROCESS      | BODY-CROP              | VERIFY_CROP_DIMENSIONS | WARN     | [尺寸: 2336x0] 裁切警示 >>> 目標幾何面積無效 (低於 0 像素)，跳過物件邊界裁切程序
[09:11:19] | PROCESS      | COLOR-EXTR             | VALIDATE_ARGUMENTS | WARN     | [參數: roi_crop] 驗證警示 >>> 輸入影像為 None 或格式無效，跳過色彩特徵提取
[09:11:19] | PROCESS      | BODY-CROP              | VERIFY_CROP_DIMENSIONS | WARN     | [尺寸: 2031x0] 裁切警示 >>> 目標幾何面積無效 (低於 0 像素)，跳過物件邊界裁切程序
[09:11:19] | PROCESS      | COLOR-EXTR             | VALIDATE_ARGUMENTS | WARN     | [參數: roi_crop] 驗證警示 >>> 輸入影像為 None 或格式無效，跳過色彩特徵提取
[09:11:19] | PROCESS      | BODY-CROP              | VERIFY_CROP_DIMENSIONS | WARN     | [尺寸: 647x0] 裁切警示 >>> 目標幾何面積無效 (低於 0 像素)，跳過物件邊界裁切程序
[09:11:19] | PROCESS      | COLOR-EXTR             | VALIDATE_ARGUMENTS | WARN     | [參數: roi_crop] 驗證警示 >>> 輸入影像為 None 或格式無效，跳過色彩特徵提取
[09:11:19] | PROCESS      | BODY-CROP              | VERIFY_CROP_DIMENSIONS | WARN     | [尺寸: 717x0] 裁切警示 >>> 目標幾何面積無效 (低於 0 像素)，跳過物件邊界裁切程序
[09:11:19] | PROCESS      | COLOR-EXTR             | VALIDATE_ARGUMENTS | WARN     | [參數: roi_crop] 驗證警示 >>> 輸入影像為 None 或格式無效，跳過色彩特徵提取
[09:11:19] | PROCESS      | BODY-CROP              | VERIFY_CROP_DIMENSIONS | WARN     | [尺寸: 1436x0] 裁切警示 >>> 目標幾何面積無效 (低於 0 像素)，跳過物件邊界裁切程序
[09:11:19] | PROCESS      | COLOR-EXTR             | VALIDATE_ARGUMENTS | WARN     | [參數: roi_crop] 驗證警示 >>> 輸入影像為 None 或格式無效，跳過色彩特徵提取
[09:11:20] | DB           | MARS_DB                | UPST_DATA     | SUCC     | [資料表: live_veh_recg] 寫入成功 >>> 共計更新 44 筆數據
[09:11:20] | DATABASE     | PIPE-VEH               | SYNC_INFER_DATABASE | SUCC     | [資料庫: MARS-DB] 寫入成功 >>> 共 44 筆車輛辨識數據「完全同步」至 live_veh_recg 資料表中
[09:11:20] | FRAME        | INFER_S25U_VEH_ROOF_20260921_180355.mp4-00300 | EXTRACT_SUCCESS | SUCC     | [時間: 18:04:00] 成功辨識 44 組主物件特徵
[09:11:20] | PROCESS      | BODY-CROP              | VERIFY_CROP_DIMENSIONS | WARN     | [尺寸: 1407x0] 裁切警示 >>> 目標幾何面積無效 (低於 0 像素)，跳過物件邊界裁切程序
[09:11:20] | PROCESS      | COLOR-EXTR             | VALIDATE_ARGUMENTS | WARN     | [參數: roi_crop] 驗證警示 >>> 輸入影像為 None 或格式無效，跳過色彩特徵提取
[09:11:21] | PROCESS      | BODY-CROP              | VERIFY_CROP_DIMENSIONS | WARN     | [尺寸: 1136x0] 裁切警示 >>> 目標幾何面積無效 (低於 0 像素)，跳過物件邊界裁切程序
[09:11:21] | PROCESS      | COLOR-EXTR             | VALIDATE_ARGUMENTS | WARN     | [參數: roi_crop] 驗證警示 >>> 輸入影像為 None 或格式無效，跳過色彩特徵提取
[09:11:21] | PROCESS      | BODY-CROP              | VERIFY_CROP_DIMENSIONS | WARN     | [尺寸: 2455x0] 裁切警示 >>> 目標幾何面積無效 (低於 0 像素)，跳過物件邊界裁切程序
[09:11:21] | PROCESS      | COLOR-EXTR             | VALIDATE_ARGUMENTS | WARN     | [參數: roi_crop] 驗證警示 >>> 輸入影像為 None 或格式無效，跳過色彩特徵提取
[09:11:21] | PROCESS      | BODY-CROP              | VERIFY_CROP_DIMENSIONS | WARN     | [尺寸: 2271x0] 裁切警示 >>> 目標幾何面積無效 (低於 0 像素)，跳過物件邊界裁切程序
[09:11:21] | PROCESS      | COLOR-EXTR             | VALIDATE_ARGUMENTS | WARN     | [參數: roi_crop] 驗證警示 >>> 輸入影像為 None 或格式無效，跳過色彩特徵提取
[09:11:21] | PROCESS      | BODY-CROP              | VERIFY_CROP_DIMENSIONS | WARN     | [尺寸: 659x0] 裁切警示 >>> 目標幾何面積無效 (低於 0 像素)，跳過物件邊界裁切程序
[09:11:21] | PROCESS      | COLOR-EXTR             | VALIDATE_ARGUMENTS | WARN     | [參數: roi_crop] 驗證警示 >>> 輸入影像為 None 或格式無效，跳過色彩特徵提取
[09:11:21] | PROCESS      | BODY-CROP              | VERIFY_CROP_DIMENSIONS | WARN     | [尺寸: 1300x0] 裁切警示 >>> 目標幾何面積無效 (低於 0 像素)，跳過物件邊界裁切程序
[09:11:21] | PROCESS      | COLOR-EXTR             | VALIDATE_ARGUMENTS | WARN     | [參數: roi_crop] 驗證警示 >>> 輸入影像為 None 或格式無效，跳過色彩特徵提取
[09:11:21] | PROCESS      | BODY-CROP              | VERIFY_CROP_DIMENSIONS | WARN     | [尺寸: 686x0] 裁切警示 >>> 目標幾何面積無效 (低於 0 像素)，跳過物件邊界裁切程序
[09:11:21] | PROCESS      | COLOR-EXTR             | VALIDATE_ARGUMENTS | WARN     | [參數: roi_crop] 驗證警示 >>> 輸入影像為 None 或格式無效，跳過色彩特徵提取
[09:11:22] | PROCESS      | BODY-CROP              | VERIFY_CROP_DIMENSIONS | WARN     | [尺寸: 1062x0] 裁切警示 >>> 目標幾何面積無效 (低於 0 像素)，跳過物件邊界裁切程序
[09:11:22] | PROCESS      | COLOR-EXTR             | VALIDATE_ARGUMENTS | WARN     | [參數: roi_crop] 驗證警示 >>> 輸入影像為 None 或格式無效，跳過色彩特徵提取
[09:11:22] | PROCESS      | BODY-CROP              | VERIFY_CROP_DIMENSIONS | WARN     | [尺寸: 1448x0] 裁切警示 >>> 目標幾何面積無效 (低於 0 像素)，跳過物件邊界裁切程序
[09:11:22] | PROCESS      | COLOR-EXTR             | VALIDATE_ARGUMENTS | WARN     | [參數: roi_crop] 驗證警示 >>> 輸入影像為 None 或格式無效，跳過色彩特徵提取
[09:11:22] | DB           | MARS_DB                | UPST_DATA     | SUCC     | [資料表: live_veh_recg] 寫入成功 >>> 共計更新 45 筆數據
[09:11:22] | DATABASE     | PIPE-VEH               | SYNC_INFER_DATABASE | SUCC     | [資料庫: MARS-DB] 寫入成功 >>> 共 45 筆車輛辨識數據「完全同步」至 live_veh_recg 資料表中
[09:11:22] | FRAME        | INFER_S25U_VEH_ROOF_20260921_180355.mp4-00310 | EXTRACT_SUCCESS | SUCC     | [時間: 18:04:00] 成功辨識 45 組主物件特徵
[09:11:24] | PROCESS      | BODY-CROP              | VERIFY_CROP_DIMENSIONS | WARN     | [尺寸: 691x0] 裁切警示 >>> 目標幾何面積無效 (低於 0 像素)，跳過物件邊界裁切程序
[09:11:24] | PROCESS      | COLOR-EXTR             | VALIDATE_ARGUMENTS | WARN     | [參數: roi_crop] 驗證警示 >>> 輸入影像為 None 或格式無效，跳過色彩特徵提取
[09:11:24] | PROCESS      | BODY-CROP              | VERIFY_CROP_DIMENSIONS | WARN     | [尺寸: 2187x0] 裁切警示 >>> 目標幾何面積無效 (低於 0 像素)，跳過物件邊界裁切程序
[09:11:24] | PROCESS      | COLOR-EXTR             | VALIDATE_ARGUMENTS | WARN     | [參數: roi_crop] 驗證警示 >>> 輸入影像為 None 或格式無效，跳過色彩特徵提取
[09:11:24] | PROCESS      | BODY-CROP              | VERIFY_CROP_DIMENSIONS | WARN     | [尺寸: 2235x0] 裁切警示 >>> 目標幾何面積無效 (低於 0 像素)，跳過物件邊界裁切程序
[09:11:24] | PROCESS      | COLOR-EXTR             | VALIDATE_ARGUMENTS | WARN     | [參數: roi_crop] 驗證警示 >>> 輸入影像為 None 或格式無效，跳過色彩特徵提取
[09:11:24] | PROCESS      | BODY-CROP              | VERIFY_CROP_DIMENSIONS | WARN     | [尺寸: 2019x0] 裁切警示 >>> 目標幾何面積無效 (低於 0 像素)，跳過物件邊界裁切程序
[09:11:24] | PROCESS      | COLOR-EXTR             | VALIDATE_ARGUMENTS | WARN     | [參數: roi_crop] 驗證警示 >>> 輸入影像為 None 或格式無效，跳過色彩特徵提取
[09:11:24] | PROCESS      | BODY-CROP              | VERIFY_CROP_DIMENSIONS | WARN     | [尺寸: 1012x0] 裁切警示 >>> 目標幾何面積無效 (低於 0 像素)，跳過物件邊界裁切程序
[09:11:24] | PROCESS      | COLOR-EXTR             | VALIDATE_ARGUMENTS | WARN     | [參數: roi_crop] 驗證警示 >>> 輸入影像為 None 或格式無效，跳過色彩特徵提取
[09:11:24] | PROCESS      | BODY-CROP              | VERIFY_CROP_DIMENSIONS | WARN     | [尺寸: 1086x0] 裁切警示 >>> 目標幾何面積無效 (低於 0 像素)，跳過物件邊界裁切程序
[09:11:24] | PROCESS      | COLOR-EXTR             | VALIDATE_ARGUMENTS | WARN     | [參數: roi_crop] 驗證警示 >>> 輸入影像為 None 或格式無效，跳過色彩特徵提取
[09:11:24] | PROCESS      | BODY-CROP              | VERIFY_CROP_DIMENSIONS | WARN     | [尺寸: 1454x0] 裁切警示 >>> 目標幾何面積無效 (低於 0 像素)，跳過物件邊界裁切程序
[09:11:24] | PROCESS      | COLOR-EXTR             | VALIDATE_ARGUMENTS | WARN     | [參數: roi_crop] 驗證警示 >>> 輸入影像為 None 或格式無效，跳過色彩特徵提取
[09:11:24] | DB           | MARS_DB                | UPST_DATA     | SUCC     | [資料表: live_veh_recg] 寫入成功 >>> 共計更新 44 筆數據
[09:11:24] | DATABASE     | PIPE-VEH               | SYNC_INFER_DATABASE | SUCC     | [資料庫: MARS-DB] 寫入成功 >>> 共 44 筆車輛辨識數據「完全同步」至 live_veh_recg 資料表中
[09:11:24] | FRAME        | INFER_S25U_VEH_ROOF_20260921_180355.mp4-00320 | EXTRACT_SUCCESS | SUCC     | [時間: 18:04:00] 成功辨識 44 組主物件特徵
[09:11:26] | PROCESS      | BODY-CROP              | VERIFY_CROP_DIMENSIONS | WARN     | [尺寸: 1156x0] 裁切警示 >>> 目標幾何面積無效 (低於 0 像素)，跳過物件邊界裁切程序
[09:11:26] | PROCESS      | COLOR-EXTR             | VALIDATE_ARGUMENTS | WARN     | [參數: roi_crop] 驗證警示 >>> 輸入影像為 None 或格式無效，跳過色彩特徵提取
[09:11:26] | PROCESS      | BODY-CROP              | VERIFY_CROP_DIMENSIONS | WARN     | [尺寸: 2508x0] 裁切警示 >>> 目標幾何面積無效 (低於 0 像素)，跳過物件邊界裁切程序
[09:11:26] | PROCESS      | COLOR-EXTR             | VALIDATE_ARGUMENTS | WARN     | [參數: roi_crop] 驗證警示 >>> 輸入影像為 None 或格式無效，跳過色彩特徵提取
[09:11:26] | PROCESS      | BODY-CROP              | VERIFY_CROP_DIMENSIONS | WARN     | [尺寸: 2200x0] 裁切警示 >>> 目標幾何面積無效 (低於 0 像素)，跳過物件邊界裁切程序
[09:11:26] | PROCESS      | COLOR-EXTR             | VALIDATE_ARGUMENTS | WARN     | [參數: roi_crop] 驗證警示 >>> 輸入影像為 None 或格式無效，跳過色彩特徵提取
[09:11:26] | PROCESS      | BODY-CROP              | VERIFY_CROP_DIMENSIONS | WARN     | [尺寸: 1500x0] 裁切警示 >>> 目標幾何面積無效 (低於 0 像素)，跳過物件邊界裁切程序
[09:11:26] | PROCESS      | COLOR-EXTR             | VALIDATE_ARGUMENTS | WARN     | [參數: roi_crop] 驗證警示 >>> 輸入影像為 None 或格式無效，跳過色彩特徵提取
[09:11:26] | PROCESS      | BODY-CROP              | VERIFY_CROP_DIMENSIONS | WARN     | [尺寸: 662x0] 裁切警示 >>> 目標幾何面積無效 (低於 0 像素)，跳過物件邊界裁切程序
[09:11:26] | PROCESS      | COLOR-EXTR             | VALIDATE_ARGUMENTS | WARN     | [參數: roi_crop] 驗證警示 >>> 輸入影像為 None 或格式無效，跳過色彩特徵提取
[09:11:26] | PROCESS      | BODY-CROP              | VERIFY_CROP_DIMENSIONS | WARN     | [尺寸: 658x0] 裁切警示 >>> 目標幾何面積無效 (低於 0 像素)，跳過物件邊界裁切程序
[09:11:26] | PROCESS      | COLOR-EXTR             | VALIDATE_ARGUMENTS | WARN     | [參數: roi_crop] 驗證警示 >>> 輸入影像為 None 或格式無效，跳過色彩特徵提取
[09:11:26] | DB           | MARS_DB                | UPST_DATA     | SUCC     | [資料表: live_veh_recg] 寫入成功 >>> 共計更新 41 筆數據
[09:11:26] | DATABASE     | PIPE-VEH               | SYNC_INFER_DATABASE | SUCC     | [資料庫: MARS-DB] 寫入成功 >>> 共 41 筆車輛辨識數據「完全同步」至 live_veh_recg 資料表中
[09:11:26] | FRAME        | INFER_S25U_VEH_ROOF_20260921_180355.mp4-00330 | EXTRACT_SUCCESS | SUCC     | [時間: 18:04:00] 成功辨識 41 組主物件特徵
[09:11:28] | PROCESS      | BODY-CROP              | VERIFY_CROP_DIMENSIONS | WARN     | [尺寸: 694x0] 裁切警示 >>> 目標幾何面積無效 (低於 0 像素)，跳過物件邊界裁切程序
[09:11:28] | PROCESS      | COLOR-EXTR             | VALIDATE_ARGUMENTS | WARN     | [參數: roi_crop] 驗證警示 >>> 輸入影像為 None 或格式無效，跳過色彩特徵提取
[09:11:28] | PROCESS      | BODY-CROP              | VERIFY_CROP_DIMENSIONS | WARN     | [尺寸: 1165x0] 裁切警示 >>> 目標幾何面積無效 (低於 0 像素)，跳過物件邊界裁切程序
[09:11:28] | PROCESS      | COLOR-EXTR             | VALIDATE_ARGUMENTS | WARN     | [參數: roi_crop] 驗證警示 >>> 輸入影像為 None 或格式無效，跳過色彩特徵提取
[09:11:28] | PROCESS      | BODY-CROP              | VERIFY_CROP_DIMENSIONS | WARN     | [尺寸: 2433x0] 裁切警示 >>> 目標幾何面積無效 (低於 0 像素)，跳過物件邊界裁切程序
[09:11:28] | PROCESS      | COLOR-EXTR             | VALIDATE_ARGUMENTS | WARN     | [參數: roi_crop] 驗證警示 >>> 輸入影像為 None 或格式無效，跳過色彩特徵提取
[09:11:28] | PROCESS      | BODY-CROP              | VERIFY_CROP_DIMENSIONS | WARN     | [尺寸: 2192x0] 裁切警示 >>> 目標幾何面積無效 (低於 0 像素)，跳過物件邊界裁切程序
[09:11:28] | PROCESS      | COLOR-EXTR             | VALIDATE_ARGUMENTS | WARN     | [參數: roi_crop] 驗證警示 >>> 輸入影像為 None 或格式無效，跳過色彩特徵提取
[09:11:28] | PROCESS      | BODY-CROP              | VERIFY_CROP_DIMENSIONS | WARN     | [尺寸: 1972x0] 裁切警示 >>> 目標幾何面積無效 (低於 0 像素)，跳過物件邊界裁切程序
[09:11:28] | PROCESS      | COLOR-EXTR             | VALIDATE_ARGUMENTS | WARN     | [參數: roi_crop] 驗證警示 >>> 輸入影像為 None 或格式無效，跳過色彩特徵提取
[09:11:28] | PROCESS      | BODY-CROP              | VERIFY_CROP_DIMENSIONS | WARN     | [尺寸: 998x0] 裁切警示 >>> 目標幾何面積無效 (低於 0 像素)，跳過物件邊界裁切程序
[09:11:28] | PROCESS      | COLOR-EXTR             | VALIDATE_ARGUMENTS | WARN     | [參數: roi_crop] 驗證警示 >>> 輸入影像為 None 或格式無效，跳過色彩特徵提取
[09:11:29] | PROCESS      | BODY-CROP              | VERIFY_CROP_DIMENSIONS | WARN     | [尺寸: 1452x0] 裁切警示 >>> 目標幾何面積無效 (低於 0 像素)，跳過物件邊界裁切程序
[09:11:29] | PROCESS      | COLOR-EXTR             | VALIDATE_ARGUMENTS | WARN     | [參數: roi_crop] 驗證警示 >>> 輸入影像為 None 或格式無效，跳過色彩特徵提取
[09:11:29] | DB           | MARS_DB                | UPST_DATA     | SUCC     | [資料表: live_veh_recg] 寫入成功 >>> 共計更新 44 筆數據
[09:11:29] | DATABASE     | PIPE-VEH               | SYNC_INFER_DATABASE | SUCC     | [資料庫: MARS-DB] 寫入成功 >>> 共 44 筆車輛辨識數據「完全同步」至 live_veh_recg 資料表中
[09:11:29] | FRAME        | INFER_S25U_VEH_ROOF_20260921_180355.mp4-00340 | EXTRACT_SUCCESS | SUCC     | [時間: 18:04:00] 成功辨識 44 組主物件特徵
[09:11:31] | PROCESS      | BODY-CROP              | VERIFY_CROP_DIMENSIONS | WARN     | [尺寸: 2095x0] 裁切警示 >>> 目標幾何面積無效 (低於 0 像素)，跳過物件邊界裁切程序
[09:11:31] | PROCESS      | COLOR-EXTR             | VALIDATE_ARGUMENTS | WARN     | [參數: roi_crop] 驗證警示 >>> 輸入影像為 None 或格式無效，跳過色彩特徵提取
[09:11:31] | PROCESS      | BODY-CROP              | VERIFY_CROP_DIMENSIONS | WARN     | [尺寸: 2170x0] 裁切警示 >>> 目標幾何面積無效 (低於 0 像素)，跳過物件邊界裁切程序
[09:11:31] | PROCESS      | COLOR-EXTR             | VALIDATE_ARGUMENTS | WARN     | [參數: roi_crop] 驗證警示 >>> 輸入影像為 None 或格式無效，跳過色彩特徵提取
[09:11:31] | PROCESS      | BODY-CROP              | VERIFY_CROP_DIMENSIONS | WARN     | [尺寸: 1940x0] 裁切警示 >>> 目標幾何面積無效 (低於 0 像素)，跳過物件邊界裁切程序
[09:11:31] | PROCESS      | COLOR-EXTR             | VALIDATE_ARGUMENTS | WARN     | [參數: roi_crop] 驗證警示 >>> 輸入影像為 None 或格式無效，跳過色彩特徵提取
[09:11:31] | PROCESS      | BODY-CROP              | VERIFY_CROP_DIMENSIONS | WARN     | [尺寸: 639x0] 裁切警示 >>> 目標幾何面積無效 (低於 0 像素)，跳過物件邊界裁切程序
[09:11:31] | PROCESS      | COLOR-EXTR             | VALIDATE_ARGUMENTS | WARN     | [參數: roi_crop] 驗證警示 >>> 輸入影像為 None 或格式無效，跳過色彩特徵提取
[09:11:31] | PROCESS      | BODY-CROP              | VERIFY_CROP_DIMENSIONS | WARN     | [尺寸: 676x0] 裁切警示 >>> 目標幾何面積無效 (低於 0 像素)，跳過物件邊界裁切程序
[09:11:31] | PROCESS      | COLOR-EXTR             | VALIDATE_ARGUMENTS | WARN     | [參數: roi_crop] 驗證警示 >>> 輸入影像為 None 或格式無效，跳過色彩特徵提取
[09:11:31] | PROCESS      | BODY-CROP              | VERIFY_CROP_DIMENSIONS | WARN     | [尺寸: 2019x0] 裁切警示 >>> 目標幾何面積無效 (低於 0 像素)，跳過物件邊界裁切程序
[09:11:31] | PROCESS      | COLOR-EXTR             | VALIDATE_ARGUMENTS | WARN     | [參數: roi_crop] 驗證警示 >>> 輸入影像為 None 或格式無效，跳過色彩特徵提取
[09:11:31] | PROCESS      | BODY-CROP              | VERIFY_CROP_DIMENSIONS | WARN     | [尺寸: 1456x0] 裁切警示 >>> 目標幾何面積無效 (低於 0 像素)，跳過物件邊界裁切程序
[09:11:31] | PROCESS      | COLOR-EXTR             | VALIDATE_ARGUMENTS | WARN     | [參數: roi_crop] 驗證警示 >>> 輸入影像為 None 或格式無效，跳過色彩特徵提取
[09:11:31] | DB           | MARS_DB                | UPST_DATA     | SUCC     | [資料表: live_veh_recg] 寫入成功 >>> 共計更新 45 筆數據
[09:11:31] | DATABASE     | PIPE-VEH               | SYNC_INFER_DATABASE | SUCC     | [資料庫: MARS-DB] 寫入成功 >>> 共 45 筆車輛辨識數據「完全同步」至 live_veh_recg 資料表中
[09:11:31] | FRAME        | INFER_S25U_VEH_ROOF_20260921_180355.mp4-00350 | EXTRACT_SUCCESS | SUCC     | [時間: 18:04:00] 成功辨識 45 組主物件特徵
[09:11:33] | PROCESS      | BODY-CROP              | VERIFY_CROP_DIMENSIONS | WARN     | [尺寸: 1119x0] 裁切警示 >>> 目標幾何面積無效 (低於 0 像素)，跳過物件邊界裁切程序
[09:11:33] | PROCESS      | COLOR-EXTR             | VALIDATE_ARGUMENTS | WARN     | [參數: roi_crop] 驗證警示 >>> 輸入影像為 None 或格式無效，跳過色彩特徵提取
[09:11:33] | PROCESS      | BODY-CROP              | VERIFY_CROP_DIMENSIONS | WARN     | [尺寸: 2353x0] 裁切警示 >>> 目標幾何面積無效 (低於 0 像素)，跳過物件邊界裁切程序
[09:11:33] | PROCESS      | COLOR-EXTR             | VALIDATE_ARGUMENTS | WARN     | [參數: roi_crop] 驗證警示 >>> 輸入影像為 None 或格式無效，跳過色彩特徵提取
[09:11:33] | PROCESS      | BODY-CROP              | VERIFY_CROP_DIMENSIONS | WARN     | [尺寸: 2266x0] 裁切警示 >>> 目標幾何面積無效 (低於 0 像素)，跳過物件邊界裁切程序
[09:11:33] | PROCESS      | COLOR-EXTR             | VALIDATE_ARGUMENTS | WARN     | [參數: roi_crop] 驗證警示 >>> 輸入影像為 None 或格式無效，跳過色彩特徵提取
[09:11:33] | PROCESS      | BODY-CROP              | VERIFY_CROP_DIMENSIONS | WARN     | [尺寸: 1953x0] 裁切警示 >>> 目標幾何面積無效 (低於 0 像素)，跳過物件邊界裁切程序
[09:11:33] | PROCESS      | COLOR-EXTR             | VALIDATE_ARGUMENTS | WARN     | [參數: roi_crop] 驗證警示 >>> 輸入影像為 None 或格式無效，跳過色彩特徵提取
[09:11:33] | PROCESS      | BODY-CROP              | VERIFY_CROP_DIMENSIONS | WARN     | [尺寸: 663x0] 裁切警示 >>> 目標幾何面積無效 (低於 0 像素)，跳過物件邊界裁切程序
[09:11:33] | PROCESS      | COLOR-EXTR             | VALIDATE_ARGUMENTS | WARN     | [參數: roi_crop] 驗證警示 >>> 輸入影像為 None 或格式無效，跳過色彩特徵提取
[09:11:33] | PROCESS      | BODY-CROP              | VERIFY_CROP_DIMENSIONS | WARN     | [尺寸: 674x0] 裁切警示 >>> 目標幾何面積無效 (低於 0 像素)，跳過物件邊界裁切程序
[09:11:33] | PROCESS      | COLOR-EXTR             | VALIDATE_ARGUMENTS | WARN     | [參數: roi_crop] 驗證警示 >>> 輸入影像為 None 或格式無效，跳過色彩特徵提取
[09:11:33] | PROCESS      | BODY-CROP              | VERIFY_CROP_DIMENSIONS | WARN     | [尺寸: 2022x0] 裁切警示 >>> 目標幾何面積無效 (低於 0 像素)，跳過物件邊界裁切程序
[09:11:33] | PROCESS      | COLOR-EXTR             | VALIDATE_ARGUMENTS | WARN     | [參數: roi_crop] 驗證警示 >>> 輸入影像為 None 或格式無效，跳過色彩特徵提取
[09:11:33] | PROCESS      | BODY-CROP              | VERIFY_CROP_DIMENSIONS | WARN     | [尺寸: 1461x0] 裁切警示 >>> 目標幾何面積無效 (低於 0 像素)，跳過物件邊界裁切程序
[09:11:33] | PROCESS      | COLOR-EXTR             | VALIDATE_ARGUMENTS | WARN     | [參數: roi_crop] 驗證警示 >>> 輸入影像為 None 或格式無效，跳過色彩特徵提取
[09:11:33] | DB           | MARS_DB                | UPST_DATA     | SUCC     | [資料表: live_veh_recg] 寫入成功 >>> 共計更新 42 筆數據
[09:11:33] | DATABASE     | PIPE-VEH               | SYNC_INFER_DATABASE | SUCC     | [資料庫: MARS-DB] 寫入成功 >>> 共 42 筆車輛辨識數據「完全同步」至 live_veh_recg 資料表中
[09:11:33] | FRAME        | INFER_S25U_VEH_ROOF_20260921_180355.mp4-00360 | EXTRACT_SUCCESS | SUCC     | [時間: 18:04:01] 成功辨識 42 組主物件特徵
[09:11:35] | PROCESS      | BODY-CROP              | VERIFY_CROP_DIMENSIONS | WARN     | [尺寸: 1164x0] 裁切警示 >>> 目標幾何面積無效 (低於 0 像素)，跳過物件邊界裁切程序
[09:11:35] | PROCESS      | COLOR-EXTR             | VALIDATE_ARGUMENTS | WARN     | [參數: roi_crop] 驗證警示 >>> 輸入影像為 None 或格式無效，跳過色彩特徵提取
[09:11:35] | PROCESS      | BODY-CROP              | VERIFY_CROP_DIMENSIONS | WARN     | [尺寸: 2325x0] 裁切警示 >>> 目標幾何面積無效 (低於 0 像素)，跳過物件邊界裁切程序
[09:11:35] | PROCESS      | COLOR-EXTR             | VALIDATE_ARGUMENTS | WARN     | [參數: roi_crop] 驗證警示 >>> 輸入影像為 None 或格式無效，跳過色彩特徵提取
[09:11:35] | PROCESS      | BODY-CROP              | VERIFY_CROP_DIMENSIONS | WARN     | [尺寸: 2016x0] 裁切警示 >>> 目標幾何面積無效 (低於 0 像素)，跳過物件邊界裁切程序
[09:11:35] | PROCESS      | COLOR-EXTR             | VALIDATE_ARGUMENTS | WARN     | [參數: roi_crop] 驗證警示 >>> 輸入影像為 None 或格式無效，跳過色彩特徵提取
[09:11:35] | PROCESS      | BODY-CROP              | VERIFY_CROP_DIMENSIONS | WARN     | [尺寸: 655x0] 裁切警示 >>> 目標幾何面積無效 (低於 0 像素)，跳過物件邊界裁切程序
[09:11:35] | PROCESS      | COLOR-EXTR             | VALIDATE_ARGUMENTS | WARN     | [參數: roi_crop] 驗證警示 >>> 輸入影像為 None 或格式無效，跳過色彩特徵提取
[09:11:35] | PROCESS      | BODY-CROP              | VERIFY_CROP_DIMENSIONS | WARN     | [尺寸: 1022x0] 裁切警示 >>> 目標幾何面積無效 (低於 0 像素)，跳過物件邊界裁切程序
[09:11:35] | PROCESS      | COLOR-EXTR             | VALIDATE_ARGUMENTS | WARN     | [參數: roi_crop] 驗證警示 >>> 輸入影像為 None 或格式無效，跳過色彩特徵提取
[09:11:36] | PROCESS      | BODY-CROP              | VERIFY_CROP_DIMENSIONS | WARN     | [尺寸: 1452x0] 裁切警示 >>> 目標幾何面積無效 (低於 0 像素)，跳過物件邊界裁切程序
[09:11:36] | PROCESS      | COLOR-EXTR             | VALIDATE_ARGUMENTS | WARN     | [參數: roi_crop] 驗證警示 >>> 輸入影像為 None 或格式無效，跳過色彩特徵提取
[09:11:36] | DB           | MARS_DB                | UPST_DATA     | SUCC     | [資料表: live_veh_recg] 寫入成功 >>> 共計更新 45 筆數據
[09:11:36] | DATABASE     | PIPE-VEH               | SYNC_INFER_DATABASE | SUCC     | [資料庫: MARS-DB] 寫入成功 >>> 共 45 筆車輛辨識數據「完全同步」至 live_veh_recg 資料表中
[09:11:36] | FRAME        | INFER_S25U_VEH_ROOF_20260921_180355.mp4-00370 | EXTRACT_SUCCESS | SUCC     | [時間: 18:04:01] 成功辨識 45 組主物件特徵
[09:11:37] | PROCESS      | BODY-CROP              | VERIFY_CROP_DIMENSIONS | WARN     | [尺寸: 715x0] 裁切警示 >>> 目標幾何面積無效 (低於 0 像素)，跳過物件邊界裁切程序
[09:11:37] | PROCESS      | COLOR-EXTR             | VALIDATE_ARGUMENTS | WARN     | [參數: roi_crop] 驗證警示 >>> 輸入影像為 None 或格式無效，跳過色彩特徵提取
[09:11:37] | PROCESS      | BODY-CROP              | VERIFY_CROP_DIMENSIONS | WARN     | [尺寸: 1242x0] 裁切警示 >>> 目標幾何面積無效 (低於 0 像素)，跳過物件邊界裁切程序
[09:11:37] | PROCESS      | COLOR-EXTR             | VALIDATE_ARGUMENTS | WARN     | [參數: roi_crop] 驗證警示 >>> 輸入影像為 None 或格式無效，跳過色彩特徵提取
[09:11:37] | PROCESS      | BODY-CROP              | VERIFY_CROP_DIMENSIONS | WARN     | [尺寸: 2432x0] 裁切警示 >>> 目標幾何面積無效 (低於 0 像素)，跳過物件邊界裁切程序
[09:11:37] | PROCESS      | COLOR-EXTR             | VALIDATE_ARGUMENTS | WARN     | [參數: roi_crop] 驗證警示 >>> 輸入影像為 None 或格式無效，跳過色彩特徵提取
[09:11:37] | PROCESS      | BODY-CROP              | VERIFY_CROP_DIMENSIONS | WARN     | [尺寸: 2337x0] 裁切警示 >>> 目標幾何面積無效 (低於 0 像素)，跳過物件邊界裁切程序
[09:11:37] | PROCESS      | COLOR-EXTR             | VALIDATE_ARGUMENTS | WARN     | [參數: roi_crop] 驗證警示 >>> 輸入影像為 None 或格式無效，跳過色彩特徵提取
[09:11:37] | PROCESS      | BODY-CROP              | VERIFY_CROP_DIMENSIONS | WARN     | [尺寸: 1774x0] 裁切警示 >>> 目標幾何面積無效 (低於 0 像素)，跳過物件邊界裁切程序
[09:11:37] | PROCESS      | COLOR-EXTR             | VALIDATE_ARGUMENTS | WARN     | [參數: roi_crop] 驗證警示 >>> 輸入影像為 None 或格式無效，跳過色彩特徵提取
[09:11:38] | PROCESS      | BODY-CROP              | VERIFY_CROP_DIMENSIONS | WARN     | [尺寸: 996x0] 裁切警示 >>> 目標幾何面積無效 (低於 0 像素)，跳過物件邊界裁切程序
[09:11:38] | PROCESS      | COLOR-EXTR             | VALIDATE_ARGUMENTS | WARN     | [參數: roi_crop] 驗證警示 >>> 輸入影像為 None 或格式無效，跳過色彩特徵提取
[09:11:38] | PROCESS      | BODY-CROP              | VERIFY_CROP_DIMENSIONS | WARN     | [尺寸: 1986x0] 裁切警示 >>> 目標幾何面積無效 (低於 0 像素)，跳過物件邊界裁切程序
[09:11:38] | PROCESS      | COLOR-EXTR             | VALIDATE_ARGUMENTS | WARN     | [參數: roi_crop] 驗證警示 >>> 輸入影像為 None 或格式無效，跳過色彩特徵提取
[09:11:38] | PROCESS      | BODY-CROP              | VERIFY_CROP_DIMENSIONS | WARN     | [尺寸: 1446x0] 裁切警示 >>> 目標幾何面積無效 (低於 0 像素)，跳過物件邊界裁切程序
[09:11:38] | PROCESS      | COLOR-EXTR             | VALIDATE_ARGUMENTS | WARN     | [參數: roi_crop] 驗證警示 >>> 輸入影像為 None 或格式無效，跳過色彩特徵提取
[09:11:38] | DB           | MARS_DB                | UPST_DATA     | SUCC     | [資料表: live_veh_recg] 寫入成功 >>> 共計更新 42 筆數據
[09:11:38] | DATABASE     | PIPE-VEH               | SYNC_INFER_DATABASE | SUCC     | [資料庫: MARS-DB] 寫入成功 >>> 共 42 筆車輛辨識數據「完全同步」至 live_veh_recg 資料表中
[09:11:38] | FRAME        | INFER_S25U_VEH_ROOF_20260921_180355.mp4-00380 | EXTRACT_SUCCESS | SUCC     | [時間: 18:04:01] 成功辨識 42 組主物件特徵
[09:11:40] | PROCESS      | BODY-CROP              | VERIFY_CROP_DIMENSIONS | WARN     | [尺寸: 1216x0] 裁切警示 >>> 目標幾何面積無效 (低於 0 像素)，跳過物件邊界裁切程序
[09:11:40] | PROCESS      | COLOR-EXTR             | VALIDATE_ARGUMENTS | WARN     | [參數: roi_crop] 驗證警示 >>> 輸入影像為 None 或格式無效，跳過色彩特徵提取
[09:11:40] | PROCESS      | BODY-CROP              | VERIFY_CROP_DIMENSIONS | WARN     | [尺寸: 2499x0] 裁切警示 >>> 目標幾何面積無效 (低於 0 像素)，跳過物件邊界裁切程序
[09:11:40] | PROCESS      | COLOR-EXTR             | VALIDATE_ARGUMENTS | WARN     | [參數: roi_crop] 驗證警示 >>> 輸入影像為 None 或格式無效，跳過色彩特徵提取
[09:11:40] | PROCESS      | BODY-CROP              | VERIFY_CROP_DIMENSIONS | WARN     | [尺寸: 2012x0] 裁切警示 >>> 目標幾何面積無效 (低於 0 像素)，跳過物件邊界裁切程序
[09:11:40] | PROCESS      | COLOR-EXTR             | VALIDATE_ARGUMENTS | WARN     | [參數: roi_crop] 驗證警示 >>> 輸入影像為 None 或格式無效，跳過色彩特徵提取
[09:11:40] | PROCESS      | BODY-CROP              | VERIFY_CROP_DIMENSIONS | WARN     | [尺寸: 1006x0] 裁切警示 >>> 目標幾何面積無效 (低於 0 像素)，跳過物件邊界裁切程序
[09:11:40] | PROCESS      | COLOR-EXTR             | VALIDATE_ARGUMENTS | WARN     | [參數: roi_crop] 驗證警示 >>> 輸入影像為 None 或格式無效，跳過色彩特徵提取
[09:11:40] | PROCESS      | BODY-CROP              | VERIFY_CROP_DIMENSIONS | WARN     | [尺寸: 1442x0] 裁切警示 >>> 目標幾何面積無效 (低於 0 像素)，跳過物件邊界裁切程序
[09:11:40] | PROCESS      | COLOR-EXTR             | VALIDATE_ARGUMENTS | WARN     | [參數: roi_crop] 驗證警示 >>> 輸入影像為 None 或格式無效，跳過色彩特徵提取
[09:11:40] | DB           | MARS_DB                | UPST_DATA     | SUCC     | [資料表: live_veh_recg] 寫入成功 >>> 共計更新 46 筆數據
[09:11:40] | DATABASE     | PIPE-VEH               | SYNC_INFER_DATABASE | SUCC     | [資料庫: MARS-DB] 寫入成功 >>> 共 46 筆車輛辨識數據「完全同步」至 live_veh_recg 資料表中
[09:11:40] | FRAME        | INFER_S25U_VEH_ROOF_20260921_180355.mp4-00390 | EXTRACT_SUCCESS | SUCC     | [時間: 18:04:01] 成功辨識 46 組主物件特徵
[09:11:42] | PROCESS      | BODY-CROP              | VERIFY_CROP_DIMENSIONS | WARN     | [尺寸: 706x0] 裁切警示 >>> 目標幾何面積無效 (低於 0 像素)，跳過物件邊界裁切程序
[09:11:42] | PROCESS      | COLOR-EXTR             | VALIDATE_ARGUMENTS | WARN     | [參數: roi_crop] 驗證警示 >>> 輸入影像為 None 或格式無效，跳過色彩特徵提取
[09:11:42] | PROCESS      | BODY-CROP              | VERIFY_CROP_DIMENSIONS | WARN     | [尺寸: 1860x0] 裁切警示 >>> 目標幾何面積無效 (低於 0 像素)，跳過物件邊界裁切程序
[09:11:42] | PROCESS      | COLOR-EXTR             | VALIDATE_ARGUMENTS | WARN     | [參數: roi_crop] 驗證警示 >>> 輸入影像為 None 或格式無效，跳過色彩特徵提取
[09:11:42] | PROCESS      | BODY-CROP              | VERIFY_CROP_DIMENSIONS | WARN     | [尺寸: 2412x0] 裁切警示 >>> 目標幾何面積無效 (低於 0 像素)，跳過物件邊界裁切程序
[09:11:42] | PROCESS      | COLOR-EXTR             | VALIDATE_ARGUMENTS | WARN     | [參數: roi_crop] 驗證警示 >>> 輸入影像為 None 或格式無效，跳過色彩特徵提取
[09:11:42] | PROCESS      | BODY-CROP              | VERIFY_CROP_DIMENSIONS | WARN     | [尺寸: 2049x0] 裁切警示 >>> 目標幾何面積無效 (低於 0 像素)，跳過物件邊界裁切程序
[09:11:42] | PROCESS      | COLOR-EXTR             | VALIDATE_ARGUMENTS | WARN     | [參數: roi_crop] 驗證警示 >>> 輸入影像為 None 或格式無效，跳過色彩特徵提取
[09:11:42] | PROCESS      | BODY-CROP              | VERIFY_CROP_DIMENSIONS | WARN     | [尺寸: 996x0] 裁切警示 >>> 目標幾何面積無效 (低於 0 像素)，跳過物件邊界裁切程序
[09:11:42] | PROCESS      | COLOR-EXTR             | VALIDATE_ARGUMENTS | WARN     | [參數: roi_crop] 驗證警示 >>> 輸入影像為 None 或格式無效，跳過色彩特徵提取
[09:11:43] | PROCESS      | BODY-CROP              | VERIFY_CROP_DIMENSIONS | WARN     | [尺寸: 1432x0] 裁切警示 >>> 目標幾何面積無效 (低於 0 像素)，跳過物件邊界裁切程序
[09:11:43] | PROCESS      | COLOR-EXTR             | VALIDATE_ARGUMENTS | WARN     | [參數: roi_crop] 驗證警示 >>> 輸入影像為 None 或格式無效，跳過色彩特徵提取
[09:11:43] | DB           | MARS_DB                | UPST_DATA     | SUCC     | [資料表: live_veh_recg] 寫入成功 >>> 共計更新 45 筆數據
[09:11:43] | DATABASE     | PIPE-VEH               | SYNC_INFER_DATABASE | SUCC     | [資料庫: MARS-DB] 寫入成功 >>> 共 45 筆車輛辨識數據「完全同步」至 live_veh_recg 資料表中
[09:11:43] | FRAME        | INFER_S25U_VEH_ROOF_20260921_180355.mp4-00400 | EXTRACT_SUCCESS | SUCC     | [時間: 18:04:01] 成功辨識 45 組主物件特徵
[09:11:44] | PROCESS      | BODY-CROP              | VERIFY_CROP_DIMENSIONS | WARN     | [尺寸: 1204x0] 裁切警示 >>> 目標幾何面積無效 (低於 0 像素)，跳過物件邊界裁切程序
[09:11:44] | PROCESS      | COLOR-EXTR             | VALIDATE_ARGUMENTS | WARN     | [參數: roi_crop] 驗證警示 >>> 輸入影像為 None 或格式無效，跳過色彩特徵提取
[09:11:44] | PROCESS      | BODY-CROP              | VERIFY_CROP_DIMENSIONS | WARN     | [尺寸: 2368x0] 裁切警示 >>> 目標幾何面積無效 (低於 0 像素)，跳過物件邊界裁切程序
[09:11:44] | PROCESS      | COLOR-EXTR             | VALIDATE_ARGUMENTS | WARN     | [參數: roi_crop] 驗證警示 >>> 輸入影像為 None 或格式無效，跳過色彩特徵提取
[09:11:44] | PROCESS      | BODY-CROP              | VERIFY_CROP_DIMENSIONS | WARN     | [尺寸: 2487x0] 裁切警示 >>> 目標幾何面積無效 (低於 0 像素)，跳過物件邊界裁切程序
[09:11:44] | PROCESS      | COLOR-EXTR             | VALIDATE_ARGUMENTS | WARN     | [參數: roi_crop] 驗證警示 >>> 輸入影像為 None 或格式無效，跳過色彩特徵提取
[09:11:44] | PROCESS      | BODY-CROP              | VERIFY_CROP_DIMENSIONS | WARN     | [尺寸: 1998x0] 裁切警示 >>> 目標幾何面積無效 (低於 0 像素)，跳過物件邊界裁切程序
[09:11:44] | PROCESS      | COLOR-EXTR             | VALIDATE_ARGUMENTS | WARN     | [參數: roi_crop] 驗證警示 >>> 輸入影像為 None 或格式無效，跳過色彩特徵提取
[09:11:45] | PROCESS      | BODY-CROP              | VERIFY_CROP_DIMENSIONS | WARN     | [尺寸: 692x0] 裁切警示 >>> 目標幾何面積無效 (低於 0 像素)，跳過物件邊界裁切程序
[09:11:45] | PROCESS      | COLOR-EXTR             | VALIDATE_ARGUMENTS | WARN     | [參數: roi_crop] 驗證警示 >>> 輸入影像為 None 或格式無效，跳過色彩特徵提取
[09:11:45] | PROCESS      | BODY-CROP              | VERIFY_CROP_DIMENSIONS | WARN     | [尺寸: 1034x0] 裁切警示 >>> 目標幾何面積無效 (低於 0 像素)，跳過物件邊界裁切程序
[09:11:45] | PROCESS      | COLOR-EXTR             | VALIDATE_ARGUMENTS | WARN     | [參數: roi_crop] 驗證警示 >>> 輸入影像為 None 或格式無效，跳過色彩特徵提取
[09:11:45] | DB           | MARS_DB                | UPST_DATA     | SUCC     | [資料表: live_veh_recg] 寫入成功 >>> 共計更新 45 筆數據
[09:11:45] | DATABASE     | PIPE-VEH               | SYNC_INFER_DATABASE | SUCC     | [資料庫: MARS-DB] 寫入成功 >>> 共 45 筆車輛辨識數據「完全同步」至 live_veh_recg 資料表中
[09:11:45] | FRAME        | INFER_S25U_VEH_ROOF_20260921_180355.mp4-00410 | EXTRACT_SUCCESS | SUCC     | [時間: 18:04:01] 成功辨識 45 組主物件特徵
[09:11:47] | PROCESS      | BODY-CROP              | VERIFY_CROP_DIMENSIONS | WARN     | [尺寸: 712x0] 裁切警示 >>> 目標幾何面積無效 (低於 0 像素)，跳過物件邊界裁切程序
[09:11:47] | PROCESS      | COLOR-EXTR             | VALIDATE_ARGUMENTS | WARN     | [參數: roi_crop] 驗證警示 >>> 輸入影像為 None 或格式無效，跳過色彩特徵提取
[09:11:47] | PROCESS      | BODY-CROP              | VERIFY_CROP_DIMENSIONS | WARN     | [尺寸: 1796x0] 裁切警示 >>> 目標幾何面積無效 (低於 0 像素)，跳過物件邊界裁切程序
[09:11:47] | PROCESS      | COLOR-EXTR             | VALIDATE_ARGUMENTS | WARN     | [參數: roi_crop] 驗證警示 >>> 輸入影像為 None 或格式無效，跳過色彩特徵提取
[09:11:47] | PROCESS      | BODY-CROP              | VERIFY_CROP_DIMENSIONS | WARN     | [尺寸: 2560x0] 裁切警示 >>> 目標幾何面積無效 (低於 0 像素)，跳過物件邊界裁切程序
[09:11:47] | PROCESS      | COLOR-EXTR             | VALIDATE_ARGUMENTS | WARN     | [參數: roi_crop] 驗證警示 >>> 輸入影像為 None 或格式無效，跳過色彩特徵提取
[09:11:47] | PROCESS      | BODY-CROP              | VERIFY_CROP_DIMENSIONS | WARN     | [尺寸: 2258x0] 裁切警示 >>> 目標幾何面積無效 (低於 0 像素)，跳過物件邊界裁切程序
[09:11:47] | PROCESS      | COLOR-EXTR             | VALIDATE_ARGUMENTS | WARN     | [參數: roi_crop] 驗證警示 >>> 輸入影像為 None 或格式無效，跳過色彩特徵提取
[09:11:47] | PROCESS      | BODY-CROP              | VERIFY_CROP_DIMENSIONS | WARN     | [尺寸: 674x0] 裁切警示 >>> 目標幾何面積無效 (低於 0 像素)，跳過物件邊界裁切程序
[09:11:47] | PROCESS      | COLOR-EXTR             | VALIDATE_ARGUMENTS | WARN     | [參數: roi_crop] 驗證警示 >>> 輸入影像為 None 或格式無效，跳過色彩特徵提取
[09:11:47] | PROCESS      | BODY-CROP              | VERIFY_CROP_DIMENSIONS | WARN     | [尺寸: 1424x0] 裁切警示 >>> 目標幾何面積無效 (低於 0 像素)，跳過物件邊界裁切程序
[09:11:47] | PROCESS      | COLOR-EXTR             | VALIDATE_ARGUMENTS | WARN     | [參數: roi_crop] 驗證警示 >>> 輸入影像為 None 或格式無效，跳過色彩特徵提取
[09:11:47] | DB           | MARS_DB                | UPST_DATA     | SUCC     | [資料表: live_veh_recg] 寫入成功 >>> 共計更新 47 筆數據
[09:11:47] | DATABASE     | PIPE-VEH               | SYNC_INFER_DATABASE | SUCC     | [資料庫: MARS-DB] 寫入成功 >>> 共 47 筆車輛辨識數據「完全同步」至 live_veh_recg 資料表中
[09:11:47] | FRAME        | INFER_S25U_VEH_ROOF_20260921_180355.mp4-00420 | EXTRACT_SUCCESS | SUCC     | [時間: 18:04:02] 成功辨識 47 組主物件特徵
[09:11:49] | PROCESS      | BODY-CROP              | VERIFY_CROP_DIMENSIONS | WARN     | [尺寸: 1226x0] 裁切警示 >>> 目標幾何面積無效 (低於 0 像素)，跳過物件邊界裁切程序
[09:11:49] | PROCESS      | COLOR-EXTR             | VALIDATE_ARGUMENTS | WARN     | [參數: roi_crop] 驗證警示 >>> 輸入影像為 None 或格式無效，跳過色彩特徵提取
[09:11:49] | PROCESS      | BODY-CROP              | VERIFY_CROP_DIMENSIONS | WARN     | [尺寸: 2461x0] 裁切警示 >>> 目標幾何面積無效 (低於 0 像素)，跳過物件邊界裁切程序
[09:11:49] | PROCESS      | COLOR-EXTR             | VALIDATE_ARGUMENTS | WARN     | [參數: roi_crop] 驗證警示 >>> 輸入影像為 None 或格式無效，跳過色彩特徵提取
[09:11:49] | PROCESS      | BODY-CROP              | VERIFY_CROP_DIMENSIONS | WARN     | [尺寸: 2481x0] 裁切警示 >>> 目標幾何面積無效 (低於 0 像素)，跳過物件邊界裁切程序
[09:11:49] | PROCESS      | COLOR-EXTR             | VALIDATE_ARGUMENTS | WARN     | [參數: roi_crop] 驗證警示 >>> 輸入影像為 None 或格式無效，跳過色彩特徵提取
[09:11:49] | PROCESS      | BODY-CROP              | VERIFY_CROP_DIMENSIONS | WARN     | [尺寸: 1611x0] 裁切警示 >>> 目標幾何面積無效 (低於 0 像素)，跳過物件邊界裁切程序
[09:11:49] | PROCESS      | COLOR-EXTR             | VALIDATE_ARGUMENTS | WARN     | [參數: roi_crop] 驗證警示 >>> 輸入影像為 None 或格式無效，跳過色彩特徵提取
[09:11:49] | PROCESS      | BODY-CROP              | VERIFY_CROP_DIMENSIONS | WARN     | [尺寸: 686x0] 裁切警示 >>> 目標幾何面積無效 (低於 0 像素)，跳過物件邊界裁切程序
[09:11:49] | PROCESS      | COLOR-EXTR             | VALIDATE_ARGUMENTS | WARN     | [參數: roi_crop] 驗證警示 >>> 輸入影像為 None 或格式無效，跳過色彩特徵提取
[09:11:49] | PROCESS      | BODY-CROP              | VERIFY_CROP_DIMENSIONS | WARN     | [尺寸: 1072x0] 裁切警示 >>> 目標幾何面積無效 (低於 0 像素)，跳過物件邊界裁切程序
[09:11:49] | PROCESS      | COLOR-EXTR             | VALIDATE_ARGUMENTS | WARN     | [參數: roi_crop] 驗證警示 >>> 輸入影像為 None 或格式無效，跳過色彩特徵提取
[09:11:49] | PROCESS      | BODY-CROP              | VERIFY_CROP_DIMENSIONS | WARN     | [尺寸: 1928x0] 裁切警示 >>> 目標幾何面積無效 (低於 0 像素)，跳過物件邊界裁切程序
[09:11:49] | PROCESS      | COLOR-EXTR             | VALIDATE_ARGUMENTS | WARN     | [參數: roi_crop] 驗證警示 >>> 輸入影像為 None 或格式無效，跳過色彩特徵提取
[09:11:49] | PROCESS      | BODY-CROP              | VERIFY_CROP_DIMENSIONS | WARN     | [尺寸: 1416x0] 裁切警示 >>> 目標幾何面積無效 (低於 0 像素)，跳過物件邊界裁切程序
[09:11:49] | PROCESS      | COLOR-EXTR             | VALIDATE_ARGUMENTS | WARN     | [參數: roi_crop] 驗證警示 >>> 輸入影像為 None 或格式無效，跳過色彩特徵提取
[09:11:50] | DB           | MARS_DB                | UPST_DATA     | SUCC     | [資料表: live_veh_recg] 寫入成功 >>> 共計更新 45 筆數據
[09:11:50] | DATABASE     | PIPE-VEH               | SYNC_INFER_DATABASE | SUCC     | [資料庫: MARS-DB] 寫入成功 >>> 共 45 筆車輛辨識數據「完全同步」至 live_veh_recg 資料表中
[09:11:50] | FRAME        | INFER_S25U_VEH_ROOF_20260921_180355.mp4-00430 | EXTRACT_SUCCESS | SUCC     | [時間: 18:04:02] 成功辨識 45 組主物件特徵
[09:11:51] | PROCESS      | BODY-CROP              | VERIFY_CROP_DIMENSIONS | WARN     | [尺寸: 1224x0] 裁切警示 >>> 目標幾何面積無效 (低於 0 像素)，跳過物件邊界裁切程序
[09:11:51] | PROCESS      | COLOR-EXTR             | VALIDATE_ARGUMENTS | WARN     | [參數: roi_crop] 驗證警示 >>> 輸入影像為 None 或格式無效，跳過色彩特徵提取
[09:11:51] | PROCESS      | BODY-CROP              | VERIFY_CROP_DIMENSIONS | WARN     | [尺寸: 2442x0] 裁切警示 >>> 目標幾何面積無效 (低於 0 像素)，跳過物件邊界裁切程序
[09:11:51] | PROCESS      | COLOR-EXTR             | VALIDATE_ARGUMENTS | WARN     | [參數: roi_crop] 驗證警示 >>> 輸入影像為 None 或格式無效，跳過色彩特徵提取
[09:11:51] | PROCESS      | BODY-CROP              | VERIFY_CROP_DIMENSIONS | WARN     | [尺寸: 692x0] 裁切警示 >>> 目標幾何面積無效 (低於 0 像素)，跳過物件邊界裁切程序
[09:11:51] | PROCESS      | COLOR-EXTR             | VALIDATE_ARGUMENTS | WARN     | [參數: roi_crop] 驗證警示 >>> 輸入影像為 None 或格式無效，跳過色彩特徵提取
[09:11:51] | PROCESS      | BODY-CROP              | VERIFY_CROP_DIMENSIONS | WARN     | [尺寸: 2508x0] 裁切警示 >>> 目標幾何面積無效 (低於 0 像素)，跳過物件邊界裁切程序
[09:11:51] | PROCESS      | COLOR-EXTR             | VALIDATE_ARGUMENTS | WARN     | [參數: roi_crop] 驗證警示 >>> 輸入影像為 None 或格式無效，跳過色彩特徵提取
[09:11:51] | PROCESS      | BODY-CROP              | VERIFY_CROP_DIMENSIONS | WARN     | [尺寸: 2092x0] 裁切警示 >>> 目標幾何面積無效 (低於 0 像素)，跳過物件邊界裁切程序
[09:11:51] | PROCESS      | COLOR-EXTR             | VALIDATE_ARGUMENTS | WARN     | [參數: roi_crop] 驗證警示 >>> 輸入影像為 None 或格式無效，跳過色彩特徵提取
[09:11:51] | PROCESS      | BODY-CROP              | VERIFY_CROP_DIMENSIONS | WARN     | [尺寸: 684x0] 裁切警示 >>> 目標幾何面積無效 (低於 0 像素)，跳過物件邊界裁切程序
[09:11:51] | PROCESS      | COLOR-EXTR             | VALIDATE_ARGUMENTS | WARN     | [參數: roi_crop] 驗證警示 >>> 輸入影像為 None 或格式無效，跳過色彩特徵提取
[09:11:52] | PROCESS      | BODY-CROP              | VERIFY_CROP_DIMENSIONS | WARN     | [尺寸: 1072x0] 裁切警示 >>> 目標幾何面積無效 (低於 0 像素)，跳過物件邊界裁切程序
[09:11:52] | PROCESS      | COLOR-EXTR             | VALIDATE_ARGUMENTS | WARN     | [參數: roi_crop] 驗證警示 >>> 輸入影像為 None 或格式無效，跳過色彩特徵提取
[09:11:52] | PROCESS      | BODY-CROP              | VERIFY_CROP_DIMENSIONS | WARN     | [尺寸: 1398x0] 裁切警示 >>> 目標幾何面積無效 (低於 0 像素)，跳過物件邊界裁切程序
[09:11:52] | PROCESS      | COLOR-EXTR             | VALIDATE_ARGUMENTS | WARN     | [參數: roi_crop] 驗證警示 >>> 輸入影像為 None 或格式無效，跳過色彩特徵提取
[09:11:52] | DB           | MARS_DB                | UPST_DATA     | SUCC     | [資料表: live_veh_recg] 寫入成功 >>> 共計更新 46 筆數據
[09:11:52] | DATABASE     | PIPE-VEH               | SYNC_INFER_DATABASE | SUCC     | [資料庫: MARS-DB] 寫入成功 >>> 共 46 筆車輛辨識數據「完全同步」至 live_veh_recg 資料表中
[09:11:52] | FRAME        | INFER_S25U_VEH_ROOF_20260921_180355.mp4-00440 | EXTRACT_SUCCESS | SUCC     | [時間: 18:04:02] 成功辨識 46 組主物件特徵
[09:11:53] | PROCESS      | BODY-CROP              | VERIFY_CROP_DIMENSIONS | WARN     | [尺寸: 1236x0] 裁切警示 >>> 目標幾何面積無效 (低於 0 像素)，跳過物件邊界裁切程序
[09:11:53] | PROCESS      | COLOR-EXTR             | VALIDATE_ARGUMENTS | WARN     | [參數: roi_crop] 驗證警示 >>> 輸入影像為 None 或格式無效，跳過色彩特徵提取
[09:11:54] | PROCESS      | BODY-CROP              | VERIFY_CROP_DIMENSIONS | WARN     | [尺寸: 2415x0] 裁切警示 >>> 目標幾何面積無效 (低於 0 像素)，跳過物件邊界裁切程序
[09:11:54] | PROCESS      | COLOR-EXTR             | VALIDATE_ARGUMENTS | WARN     | [參數: roi_crop] 驗證警示 >>> 輸入影像為 None 或格式無效，跳過色彩特徵提取
[09:11:54] | PROCESS      | BODY-CROP              | VERIFY_CROP_DIMENSIONS | WARN     | [尺寸: 2380x0] 裁切警示 >>> 目標幾何面積無效 (低於 0 像素)，跳過物件邊界裁切程序
[09:11:54] | PROCESS      | COLOR-EXTR             | VALIDATE_ARGUMENTS | WARN     | [參數: roi_crop] 驗證警示 >>> 輸入影像為 None 或格式無效，跳過色彩特徵提取
[09:11:54] | PROCESS      | BODY-CROP              | VERIFY_CROP_DIMENSIONS | WARN     | [尺寸: 1818x0] 裁切警示 >>> 目標幾何面積無效 (低於 0 像素)，跳過物件邊界裁切程序
[09:11:54] | PROCESS      | COLOR-EXTR             | VALIDATE_ARGUMENTS | WARN     | [參數: roi_crop] 驗證警示 >>> 輸入影像為 None 或格式無效，跳過色彩特徵提取
[09:11:54] | PROCESS      | BODY-CROP              | VERIFY_CROP_DIMENSIONS | WARN     | [尺寸: 678x0] 裁切警示 >>> 目標幾何面積無效 (低於 0 像素)，跳過物件邊界裁切程序
[09:11:54] | PROCESS      | COLOR-EXTR             | VALIDATE_ARGUMENTS | WARN     | [參數: roi_crop] 驗證警示 >>> 輸入影像為 None 或格式無效，跳過色彩特徵提取
[09:11:54] | PROCESS      | BODY-CROP              | VERIFY_CROP_DIMENSIONS | WARN     | [尺寸: 1069x0] 裁切警示 >>> 目標幾何面積無效 (低於 0 像素)，跳過物件邊界裁切程序
[09:11:54] | PROCESS      | COLOR-EXTR             | VALIDATE_ARGUMENTS | WARN     | [參數: roi_crop] 驗證警示 >>> 輸入影像為 None 或格式無效，跳過色彩特徵提取
[09:11:54] | PROCESS      | BODY-CROP              | VERIFY_CROP_DIMENSIONS | WARN     | [尺寸: 1406x0] 裁切警示 >>> 目標幾何面積無效 (低於 0 像素)，跳過物件邊界裁切程序
[09:11:54] | PROCESS      | COLOR-EXTR             | VALIDATE_ARGUMENTS | WARN     | [參數: roi_crop] 驗證警示 >>> 輸入影像為 None 或格式無效，跳過色彩特徵提取
[09:11:54] | DB           | MARS_DB                | UPST_DATA     | SUCC     | [資料表: live_veh_recg] 寫入成功 >>> 共計更新 47 筆數據
[09:11:54] | DATABASE     | PIPE-VEH               | SYNC_INFER_DATABASE | SUCC     | [資料庫: MARS-DB] 寫入成功 >>> 共 47 筆車輛辨識數據「完全同步」至 live_veh_recg 資料表中
[09:11:54] | FRAME        | INFER_S25U_VEH_ROOF_20260921_180355.mp4-00450 | EXTRACT_SUCCESS | SUCC     | [時間: 18:04:02] 成功辨識 47 組主物件特徵
[09:11:55] | PROCESS      | BODY-CROP              | VERIFY_CROP_DIMENSIONS | WARN     | [尺寸: 2381x0] 裁切警示 >>> 目標幾何面積無效 (低於 0 像素)，跳過物件邊界裁切程序
[09:11:55] | PROCESS      | COLOR-EXTR             | VALIDATE_ARGUMENTS | WARN     | [參數: roi_crop] 驗證警示 >>> 輸入影像為 None 或格式無效，跳過色彩特徵提取
[09:11:56] | PROCESS      | BODY-CROP              | VERIFY_CROP_DIMENSIONS | WARN     | [尺寸: 727x0] 裁切警示 >>> 目標幾何面積無效 (低於 0 像素)，跳過物件邊界裁切程序
[09:11:56] | PROCESS      | COLOR-EXTR             | VALIDATE_ARGUMENTS | WARN     | [參數: roi_crop] 驗證警示 >>> 輸入影像為 None 或格式無效，跳過色彩特徵提取
[09:11:56] | PROCESS      | BODY-CROP              | VERIFY_CROP_DIMENSIONS | WARN     | [尺寸: 2534x0] 裁切警示 >>> 目標幾何面積無效 (低於 0 像素)，跳過物件邊界裁切程序
[09:11:56] | PROCESS      | COLOR-EXTR             | VALIDATE_ARGUMENTS | WARN     | [參數: roi_crop] 驗證警示 >>> 輸入影像為 None 或格式無效，跳過色彩特徵提取
[09:11:56] | PROCESS      | BODY-CROP              | VERIFY_CROP_DIMENSIONS | WARN     | [尺寸: 2276x0] 裁切警示 >>> 目標幾何面積無效 (低於 0 像素)，跳過物件邊界裁切程序
[09:11:56] | PROCESS      | COLOR-EXTR             | VALIDATE_ARGUMENTS | WARN     | [參數: roi_crop] 驗證警示 >>> 輸入影像為 None 或格式無效，跳過色彩特徵提取
[09:11:56] | PROCESS      | BODY-CROP              | VERIFY_CROP_DIMENSIONS | WARN     | [尺寸: 1587x0] 裁切警示 >>> 目標幾何面積無效 (低於 0 像素)，跳過物件邊界裁切程序
[09:11:56] | PROCESS      | COLOR-EXTR             | VALIDATE_ARGUMENTS | WARN     | [參數: roi_crop] 驗證警示 >>> 輸入影像為 None 或格式無效，跳過色彩特徵提取
[09:11:56] | PROCESS      | BODY-CROP              | VERIFY_CROP_DIMENSIONS | WARN     | [尺寸: 702x0] 裁切警示 >>> 目標幾何面積無效 (低於 0 像素)，跳過物件邊界裁切程序
[09:11:56] | PROCESS      | COLOR-EXTR             | VALIDATE_ARGUMENTS | WARN     | [參數: roi_crop] 驗證警示 >>> 輸入影像為 None 或格式無效，跳過色彩特徵提取
[09:11:56] | PROCESS      | BODY-CROP              | VERIFY_CROP_DIMENSIONS | WARN     | [尺寸: 860x0] 裁切警示 >>> 目標幾何面積無效 (低於 0 像素)，跳過物件邊界裁切程序
[09:11:56] | PROCESS      | COLOR-EXTR             | VALIDATE_ARGUMENTS | WARN     | [參數: roi_crop] 驗證警示 >>> 輸入影像為 None 或格式無效，跳過色彩特徵提取
[09:11:56] | PROCESS      | BODY-CROP              | VERIFY_CROP_DIMENSIONS | WARN     | [尺寸: 1065x0] 裁切警示 >>> 目標幾何面積無效 (低於 0 像素)，跳過物件邊界裁切程序
[09:11:56] | PROCESS      | COLOR-EXTR             | VALIDATE_ARGUMENTS | WARN     | [參數: roi_crop] 驗證警示 >>> 輸入影像為 None 或格式無效，跳過色彩特徵提取
[09:11:57] | PROCESS      | BODY-CROP              | VERIFY_CROP_DIMENSIONS | WARN     | [尺寸: 1410x0] 裁切警示 >>> 目標幾何面積無效 (低於 0 像素)，跳過物件邊界裁切程序
[09:11:57] | PROCESS      | COLOR-EXTR             | VALIDATE_ARGUMENTS | WARN     | [參數: roi_crop] 驗證警示 >>> 輸入影像為 None 或格式無效，跳過色彩特徵提取
[09:11:57] | DB           | MARS_DB                | UPST_DATA     | SUCC     | [資料表: live_veh_recg] 寫入成功 >>> 共計更新 52 筆數據
[09:11:57] | DATABASE     | PIPE-VEH               | SYNC_INFER_DATABASE | SUCC     | [資料庫: MARS-DB] 寫入成功 >>> 共 52 筆車輛辨識數據「完全同步」至 live_veh_recg 資料表中
[09:11:57] | FRAME        | INFER_S25U_VEH_ROOF_20260921_180355.mp4-00460 | EXTRACT_SUCCESS | SUCC     | [時間: 18:04:02] 成功辨識 52 組主物件特徵
[09:11:58] | PROCESS      | BODY-CROP              | VERIFY_CROP_DIMENSIONS | WARN     | [尺寸: 1222x0] 裁切警示 >>> 目標幾何面積無效 (低於 0 像素)，跳過物件邊界裁切程序
[09:11:58] | PROCESS      | COLOR-EXTR             | VALIDATE_ARGUMENTS | WARN     | [參數: roi_crop] 驗證警示 >>> 輸入影像為 None 或格式無效，跳過色彩特徵提取
[09:11:58] | PROCESS      | BODY-CROP              | VERIFY_CROP_DIMENSIONS | WARN     | [尺寸: 2408x0] 裁切警示 >>> 目標幾何面積無效 (低於 0 像素)，跳過物件邊界裁切程序
[09:11:58] | PROCESS      | COLOR-EXTR             | VALIDATE_ARGUMENTS | WARN     | [參數: roi_crop] 驗證警示 >>> 輸入影像為 None 或格式無效，跳過色彩特徵提取
[09:11:58] | PROCESS      | BODY-CROP              | VERIFY_CROP_DIMENSIONS | WARN     | [尺寸: 1318x0] 裁切警示 >>> 目標幾何面積無效 (低於 0 像素)，跳過物件邊界裁切程序
[09:11:58] | PROCESS      | COLOR-EXTR             | VALIDATE_ARGUMENTS | WARN     | [參數: roi_crop] 驗證警示 >>> 輸入影像為 None 或格式無效，跳過色彩特徵提取
[09:11:58] | PROCESS      | BODY-CROP              | VERIFY_CROP_DIMENSIONS | WARN     | [尺寸: 2522x0] 裁切警示 >>> 目標幾何面積無效 (低於 0 像素)，跳過物件邊界裁切程序
[09:11:58] | PROCESS      | COLOR-EXTR             | VALIDATE_ARGUMENTS | WARN     | [參數: roi_crop] 驗證警示 >>> 輸入影像為 None 或格式無效，跳過色彩特徵提取
[09:11:59] | PROCESS      | BODY-CROP              | VERIFY_CROP_DIMENSIONS | WARN     | [尺寸: 2298x0] 裁切警示 >>> 目標幾何面積無效 (低於 0 像素)，跳過物件邊界裁切程序
[09:11:59] | PROCESS      | COLOR-EXTR             | VALIDATE_ARGUMENTS | WARN     | [參數: roi_crop] 驗證警示 >>> 輸入影像為 None 或格式無效，跳過色彩特徵提取
[09:11:59] | PROCESS      | BODY-CROP              | VERIFY_CROP_DIMENSIONS | WARN     | [尺寸: 1590x0] 裁切警示 >>> 目標幾何面積無效 (低於 0 像素)，跳過物件邊界裁切程序
[09:11:59] | PROCESS      | COLOR-EXTR             | VALIDATE_ARGUMENTS | WARN     | [參數: roi_crop] 驗證警示 >>> 輸入影像為 None 或格式無效，跳過色彩特徵提取
[09:11:59] | PROCESS      | BODY-CROP              | VERIFY_CROP_DIMENSIONS | WARN     | [尺寸: 686x0] 裁切警示 >>> 目標幾何面積無效 (低於 0 像素)，跳過物件邊界裁切程序
[09:11:59] | PROCESS      | COLOR-EXTR             | VALIDATE_ARGUMENTS | WARN     | [參數: roi_crop] 驗證警示 >>> 輸入影像為 None 或格式無效，跳過色彩特徵提取
[09:11:59] | PROCESS      | BODY-CROP              | VERIFY_CROP_DIMENSIONS | WARN     | [尺寸: 1066x0] 裁切警示 >>> 目標幾何面積無效 (低於 0 像素)，跳過物件邊界裁切程序
[09:11:59] | PROCESS      | COLOR-EXTR             | VALIDATE_ARGUMENTS | WARN     | [參數: roi_crop] 驗證警示 >>> 輸入影像為 None 或格式無效，跳過色彩特徵提取
[09:11:59] | PROCESS      | BODY-CROP              | VERIFY_CROP_DIMENSIONS | WARN     | [尺寸: 1428x0] 裁切警示 >>> 目標幾何面積無效 (低於 0 像素)，跳過物件邊界裁切程序
[09:11:59] | PROCESS      | COLOR-EXTR             | VALIDATE_ARGUMENTS | WARN     | [參數: roi_crop] 驗證警示 >>> 輸入影像為 None 或格式無效，跳過色彩特徵提取
[09:11:59] | DB           | MARS_DB                | UPST_DATA     | SUCC     | [資料表: live_veh_recg] 寫入成功 >>> 共計更新 49 筆數據
[09:11:59] | DATABASE     | PIPE-VEH               | SYNC_INFER_DATABASE | SUCC     | [資料庫: MARS-DB] 寫入成功 >>> 共 49 筆車輛辨識數據「完全同步」至 live_veh_recg 資料表中
[09:11:59] | FRAME        | INFER_S25U_VEH_ROOF_20260921_180355.mp4-00470 | EXTRACT_SUCCESS | SUCC     | [時間: 18:04:02] 成功辨識 49 組主物件特徵
[09:12:00] | PROCESS      | BODY-CROP              | VERIFY_CROP_DIMENSIONS | WARN     | [尺寸: 3225x0] 裁切警示 >>> 目標幾何面積無效 (低於 0 像素)，跳過物件邊界裁切程序
[09:12:00] | PROCESS      | COLOR-EXTR             | VALIDATE_ARGUMENTS | WARN     | [參數: roi_crop] 驗證警示 >>> 輸入影像為 None 或格式無效，跳過色彩特徵提取
[09:12:00] | PROCESS      | BODY-CROP              | VERIFY_CROP_DIMENSIONS | WARN     | [尺寸: 1228x0] 裁切警示 >>> 目標幾何面積無效 (低於 0 像素)，跳過物件邊界裁切程序
[09:12:00] | PROCESS      | COLOR-EXTR             | VALIDATE_ARGUMENTS | WARN     | [參數: roi_crop] 驗證警示 >>> 輸入影像為 None 或格式無效，跳過色彩特徵提取
[09:12:00] | PROCESS      | BODY-CROP              | VERIFY_CROP_DIMENSIONS | WARN     | [尺寸: 2440x0] 裁切警示 >>> 目標幾何面積無效 (低於 0 像素)，跳過物件邊界裁切程序
[09:12:00] | PROCESS      | COLOR-EXTR             | VALIDATE_ARGUMENTS | WARN     | [參數: roi_crop] 驗證警示 >>> 輸入影像為 None 或格式無效，跳過色彩特徵提取
[09:12:01] | PROCESS      | BODY-CROP              | VERIFY_CROP_DIMENSIONS | WARN     | [尺寸: 2500x0] 裁切警示 >>> 目標幾何面積無效 (低於 0 像素)，跳過物件邊界裁切程序
[09:12:01] | PROCESS      | COLOR-EXTR             | VALIDATE_ARGUMENTS | WARN     | [參數: roi_crop] 驗證警示 >>> 輸入影像為 None 或格式無效，跳過色彩特徵提取
[09:12:01] | PROCESS      | BODY-CROP              | VERIFY_CROP_DIMENSIONS | WARN     | [尺寸: 2288x0] 裁切警示 >>> 目標幾何面積無效 (低於 0 像素)，跳過物件邊界裁切程序
[09:12:01] | PROCESS      | COLOR-EXTR             | VALIDATE_ARGUMENTS | WARN     | [參數: roi_crop] 驗證警示 >>> 輸入影像為 None 或格式無效，跳過色彩特徵提取
[09:12:01] | PROCESS      | BODY-CROP              | VERIFY_CROP_DIMENSIONS | WARN     | [尺寸: 1032x0] 裁切警示 >>> 目標幾何面積無效 (低於 0 像素)，跳過物件邊界裁切程序
[09:12:01] | PROCESS      | COLOR-EXTR             | VALIDATE_ARGUMENTS | WARN     | [參數: roi_crop] 驗證警示 >>> 輸入影像為 None 或格式無效，跳過色彩特徵提取
[09:12:01] | PROCESS      | BODY-CROP              | VERIFY_CROP_DIMENSIONS | WARN     | [尺寸: 693x0] 裁切警示 >>> 目標幾何面積無效 (低於 0 像素)，跳過物件邊界裁切程序
[09:12:01] | PROCESS      | COLOR-EXTR             | VALIDATE_ARGUMENTS | WARN     | [參數: roi_crop] 驗證警示 >>> 輸入影像為 None 或格式無效，跳過色彩特徵提取
[09:12:01] | PROCESS      | BODY-CROP              | VERIFY_CROP_DIMENSIONS | WARN     | [尺寸: 1075x0] 裁切警示 >>> 目標幾何面積無效 (低於 0 像素)，跳過物件邊界裁切程序
[09:12:01] | PROCESS      | COLOR-EXTR             | VALIDATE_ARGUMENTS | WARN     | [參數: roi_crop] 驗證警示 >>> 輸入影像為 None 或格式無效，跳過色彩特徵提取
[09:12:02] | DB           | MARS_DB                | UPST_DATA     | SUCC     | [資料表: live_veh_recg] 寫入成功 >>> 共計更新 47 筆數據
[09:12:02] | DATABASE     | PIPE-VEH               | SYNC_INFER_DATABASE | SUCC     | [資料庫: MARS-DB] 寫入成功 >>> 共 47 筆車輛辨識數據「完全同步」至 live_veh_recg 資料表中
[09:12:02] | FRAME        | INFER_S25U_VEH_ROOF_20260921_180355.mp4-00480 | EXTRACT_SUCCESS | SUCC     | [時間: 18:04:03] 成功辨識 47 組主物件特徵
[09:12:03] | PROCESS      | BODY-CROP              | VERIFY_CROP_DIMENSIONS | WARN     | [尺寸: 1232x0] 裁切警示 >>> 目標幾何面積無效 (低於 0 像素)，跳過物件邊界裁切程序
[09:12:03] | PROCESS      | COLOR-EXTR             | VALIDATE_ARGUMENTS | WARN     | [參數: roi_crop] 驗證警示 >>> 輸入影像為 None 或格式無效，跳過色彩特徵提取
[09:12:03] | PROCESS      | BODY-CROP              | VERIFY_CROP_DIMENSIONS | WARN     | [尺寸: 699x0] 裁切警示 >>> 目標幾何面積無效 (低於 0 像素)，跳過物件邊界裁切程序
[09:12:03] | PROCESS      | COLOR-EXTR             | VALIDATE_ARGUMENTS | WARN     | [參數: roi_crop] 驗證警示 >>> 輸入影像為 None 或格式無效，跳過色彩特徵提取
[09:12:03] | PROCESS      | BODY-CROP              | VERIFY_CROP_DIMENSIONS | WARN     | [尺寸: 2371x0] 裁切警示 >>> 目標幾何面積無效 (低於 0 像素)，跳過物件邊界裁切程序
[09:12:03] | PROCESS      | COLOR-EXTR             | VALIDATE_ARGUMENTS | WARN     | [參數: roi_crop] 驗證警示 >>> 輸入影像為 None 或格式無效，跳過色彩特徵提取
[09:12:03] | PROCESS      | BODY-CROP              | VERIFY_CROP_DIMENSIONS | WARN     | [尺寸: 2313x0] 裁切警示 >>> 目標幾何面積無效 (低於 0 像素)，跳過物件邊界裁切程序
[09:12:03] | PROCESS      | COLOR-EXTR             | VALIDATE_ARGUMENTS | WARN     | [參數: roi_crop] 驗證警示 >>> 輸入影像為 None 或格式無效，跳過色彩特徵提取
[09:12:03] | PROCESS      | BODY-CROP              | VERIFY_CROP_DIMENSIONS | WARN     | [尺寸: 1824x0] 裁切警示 >>> 目標幾何面積無效 (低於 0 像素)，跳過物件邊界裁切程序
[09:12:03] | PROCESS      | COLOR-EXTR             | VALIDATE_ARGUMENTS | WARN     | [參數: roi_crop] 驗證警示 >>> 輸入影像為 None 或格式無效，跳過色彩特徵提取
[09:12:03] | PROCESS      | BODY-CROP              | VERIFY_CROP_DIMENSIONS | WARN     | [尺寸: 666x0] 裁切警示 >>> 目標幾何面積無效 (低於 0 像素)，跳過物件邊界裁切程序
[09:12:03] | PROCESS      | COLOR-EXTR             | VALIDATE_ARGUMENTS | WARN     | [參數: roi_crop] 驗證警示 >>> 輸入影像為 None 或格式無效，跳過色彩特徵提取
[09:12:03] | PROCESS      | BODY-CROP              | VERIFY_CROP_DIMENSIONS | WARN     | [尺寸: 1099x0] 裁切警示 >>> 目標幾何面積無效 (低於 0 像素)，跳過物件邊界裁切程序
[09:12:03] | PROCESS      | COLOR-EXTR             | VALIDATE_ARGUMENTS | WARN     | [參數: roi_crop] 驗證警示 >>> 輸入影像為 None 或格式無效，跳過色彩特徵提取
[09:12:04] | DB           | MARS_DB                | UPST_DATA     | SUCC     | [資料表: live_veh_recg] 寫入成功 >>> 共計更新 44 筆數據
[09:12:04] | DATABASE     | PIPE-VEH               | SYNC_INFER_DATABASE | SUCC     | [資料庫: MARS-DB] 寫入成功 >>> 共 44 筆車輛辨識數據「完全同步」至 live_veh_recg 資料表中
[09:12:04] | FRAME        | INFER_S25U_VEH_ROOF_20260921_180355.mp4-00490 | EXTRACT_SUCCESS | SUCC     | [時間: 18:04:03] 成功辨識 44 組主物件特徵
[09:12:04] | PROCESS      | BODY-CROP              | VERIFY_CROP_DIMENSIONS | WARN     | [尺寸: 2045x0] 裁切警示 >>> 目標幾何面積無效 (低於 0 像素)，跳過物件邊界裁切程序
[09:12:04] | PROCESS      | COLOR-EXTR             | VALIDATE_ARGUMENTS | WARN     | [參數: roi_crop] 驗證警示 >>> 輸入影像為 None 或格式無效，跳過色彩特徵提取
[09:12:05] | PROCESS      | BODY-CROP              | VERIFY_CROP_DIMENSIONS | WARN     | [尺寸: 2321x0] 裁切警示 >>> 目標幾何面積無效 (低於 0 像素)，跳過物件邊界裁切程序
[09:12:05] | PROCESS      | COLOR-EXTR             | VALIDATE_ARGUMENTS | WARN     | [參數: roi_crop] 驗證警示 >>> 輸入影像為 None 或格式無效，跳過色彩特徵提取
[09:12:05] | PROCESS      | BODY-CROP              | VERIFY_CROP_DIMENSIONS | WARN     | [尺寸: 706x0] 裁切警示 >>> 目標幾何面積無效 (低於 0 像素)，跳過物件邊界裁切程序
[09:12:05] | PROCESS      | COLOR-EXTR             | VALIDATE_ARGUMENTS | WARN     | [參數: roi_crop] 驗證警示 >>> 輸入影像為 None 或格式無效，跳過色彩特徵提取
[09:12:05] | PROCESS      | BODY-CROP              | VERIFY_CROP_DIMENSIONS | WARN     | [尺寸: 2416x0] 裁切警示 >>> 目標幾何面積無效 (低於 0 像素)，跳過物件邊界裁切程序
[09:12:05] | PROCESS      | COLOR-EXTR             | VALIDATE_ARGUMENTS | WARN     | [參數: roi_crop] 驗證警示 >>> 輸入影像為 None 或格式無效，跳過色彩特徵提取
[09:12:05] | PROCESS      | BODY-CROP              | VERIFY_CROP_DIMENSIONS | WARN     | [尺寸: 2352x0] 裁切警示 >>> 目標幾何面積無效 (低於 0 像素)，跳過物件邊界裁切程序
[09:12:05] | PROCESS      | COLOR-EXTR             | VALIDATE_ARGUMENTS | WARN     | [參數: roi_crop] 驗證警示 >>> 輸入影像為 None 或格式無效，跳過色彩特徵提取
[09:12:05] | PROCESS      | BODY-CROP              | VERIFY_CROP_DIMENSIONS | WARN     | [尺寸: 670x0] 裁切警示 >>> 目標幾何面積無效 (低於 0 像素)，跳過物件邊界裁切程序
[09:12:05] | PROCESS      | COLOR-EXTR             | VALIDATE_ARGUMENTS | WARN     | [參數: roi_crop] 驗證警示 >>> 輸入影像為 None 或格式無效，跳過色彩特徵提取
[09:12:05] | PROCESS      | BODY-CROP              | VERIFY_CROP_DIMENSIONS | WARN     | [尺寸: 1102x0] 裁切警示 >>> 目標幾何面積無效 (低於 0 像素)，跳過物件邊界裁切程序
[09:12:05] | PROCESS      | COLOR-EXTR             | VALIDATE_ARGUMENTS | WARN     | [參數: roi_crop] 驗證警示 >>> 輸入影像為 None 或格式無效，跳過色彩特徵提取
[09:12:06] | PROCESS      | BODY-CROP              | VERIFY_CROP_DIMENSIONS | WARN     | [尺寸: 1143x0] 裁切警示 >>> 目標幾何面積無效 (低於 0 像素)，跳過物件邊界裁切程序
[09:12:06] | PROCESS      | COLOR-EXTR             | VALIDATE_ARGUMENTS | WARN     | [參數: roi_crop] 驗證警示 >>> 輸入影像為 None 或格式無效，跳過色彩特徵提取
[09:12:06] | PROCESS      | BODY-CROP              | VERIFY_CROP_DIMENSIONS | WARN     | [尺寸: 1428x0] 裁切警示 >>> 目標幾何面積無效 (低於 0 像素)，跳過物件邊界裁切程序
[09:12:06] | PROCESS      | COLOR-EXTR             | VALIDATE_ARGUMENTS | WARN     | [參數: roi_crop] 驗證警示 >>> 輸入影像為 None 或格式無效，跳過色彩特徵提取
[09:12:06] | DB           | MARS_DB                | UPST_DATA     | SUCC     | [資料表: live_veh_recg] 寫入成功 >>> 共計更新 41 筆數據
[09:12:06] | DATABASE     | PIPE-VEH               | SYNC_INFER_DATABASE | SUCC     | [資料庫: MARS-DB] 寫入成功 >>> 共 41 筆車輛辨識數據「完全同步」至 live_veh_recg 資料表中
[09:12:06] | FRAME        | INFER_S25U_VEH_ROOF_20260921_180355.mp4-00500 | EXTRACT_SUCCESS | SUCC     | [時間: 18:04:03] 成功辨識 41 組主物件特徵
[09:12:07] | PROCESS      | BODY-CROP              | VERIFY_CROP_DIMENSIONS | WARN     | [尺寸: 1216x0] 裁切警示 >>> 目標幾何面積無效 (低於 0 像素)，跳過物件邊界裁切程序
[09:12:07] | PROCESS      | COLOR-EXTR             | VALIDATE_ARGUMENTS | WARN     | [參數: roi_crop] 驗證警示 >>> 輸入影像為 None 或格式無效，跳過色彩特徵提取
[09:12:07] | PROCESS      | BODY-CROP              | VERIFY_CROP_DIMENSIONS | WARN     | [尺寸: 2374x0] 裁切警示 >>> 目標幾何面積無效 (低於 0 像素)，跳過物件邊界裁切程序
[09:12:07] | PROCESS      | COLOR-EXTR             | VALIDATE_ARGUMENTS | WARN     | [參數: roi_crop] 驗證警示 >>> 輸入影像為 None 或格式無效，跳過色彩特徵提取
[09:12:07] | PROCESS      | BODY-CROP              | VERIFY_CROP_DIMENSIONS | WARN     | [尺寸: 2367x0] 裁切警示 >>> 目標幾何面積無效 (低於 0 像素)，跳過物件邊界裁切程序
[09:12:07] | PROCESS      | COLOR-EXTR             | VALIDATE_ARGUMENTS | WARN     | [參數: roi_crop] 驗證警示 >>> 輸入影像為 None 或格式無效，跳過色彩特徵提取
[09:12:07] | PROCESS      | BODY-CROP              | VERIFY_CROP_DIMENSIONS | WARN     | [尺寸: 1826x0] 裁切警示 >>> 目標幾何面積無效 (低於 0 像素)，跳過物件邊界裁切程序
[09:12:07] | PROCESS      | COLOR-EXTR             | VALIDATE_ARGUMENTS | WARN     | [參數: roi_crop] 驗證警示 >>> 輸入影像為 None 或格式無效，跳過色彩特徵提取
[09:12:08] | PROCESS      | BODY-CROP              | VERIFY_CROP_DIMENSIONS | WARN     | [尺寸: 669x0] 裁切警示 >>> 目標幾何面積無效 (低於 0 像素)，跳過物件邊界裁切程序
[09:12:08] | PROCESS      | COLOR-EXTR             | VALIDATE_ARGUMENTS | WARN     | [參數: roi_crop] 驗證警示 >>> 輸入影像為 None 或格式無效，跳過色彩特徵提取
[09:12:08] | PROCESS      | BODY-CROP              | VERIFY_CROP_DIMENSIONS | WARN     | [尺寸: 1119x0] 裁切警示 >>> 目標幾何面積無效 (低於 0 像素)，跳過物件邊界裁切程序
[09:12:08] | PROCESS      | COLOR-EXTR             | VALIDATE_ARGUMENTS | WARN     | [參數: roi_crop] 驗證警示 >>> 輸入影像為 None 或格式無效，跳過色彩特徵提取
[09:12:08] | PROCESS      | BODY-CROP              | VERIFY_CROP_DIMENSIONS | WARN     | [尺寸: 1054x0] 裁切警示 >>> 目標幾何面積無效 (低於 0 像素)，跳過物件邊界裁切程序
[09:12:08] | PROCESS      | COLOR-EXTR             | VALIDATE_ARGUMENTS | WARN     | [參數: roi_crop] 驗證警示 >>> 輸入影像為 None 或格式無效，跳過色彩特徵提取
[09:12:08] | DB           | MARS_DB                | UPST_DATA     | SUCC     | [資料表: live_veh_recg] 寫入成功 >>> 共計更新 39 筆數據
[09:12:08] | DATABASE     | PIPE-VEH               | SYNC_INFER_DATABASE | SUCC     | [資料庫: MARS-DB] 寫入成功 >>> 共 39 筆車輛辨識數據「完全同步」至 live_veh_recg 資料表中
[09:12:08] | FRAME        | INFER_S25U_VEH_ROOF_20260921_180355.mp4-00510 | EXTRACT_SUCCESS | SUCC     | [時間: 18:04:03] 成功辨識 39 組主物件特徵
[09:12:09] | PROCESS      | BODY-CROP              | VERIFY_CROP_DIMENSIONS | WARN     | [尺寸: 2278x0] 裁切警示 >>> 目標幾何面積無效 (低於 0 像素)，跳過物件邊界裁切程序
[09:12:09] | PROCESS      | COLOR-EXTR             | VALIDATE_ARGUMENTS | WARN     | [參數: roi_crop] 驗證警示 >>> 輸入影像為 None 或格式無效，跳過色彩特徵提取
[09:12:09] | PROCESS      | BODY-CROP              | VERIFY_CROP_DIMENSIONS | WARN     | [尺寸: 1191x0] 裁切警示 >>> 目標幾何面積無效 (低於 0 像素)，跳過物件邊界裁切程序
[09:12:09] | PROCESS      | COLOR-EXTR             | VALIDATE_ARGUMENTS | WARN     | [參數: roi_crop] 驗證警示 >>> 輸入影像為 None 或格式無效，跳過色彩特徵提取
[09:12:09] | PROCESS      | BODY-CROP              | VERIFY_CROP_DIMENSIONS | WARN     | [尺寸: 2385x0] 裁切警示 >>> 目標幾何面積無效 (低於 0 像素)，跳過物件邊界裁切程序
[09:12:09] | PROCESS      | COLOR-EXTR             | VALIDATE_ARGUMENTS | WARN     | [參數: roi_crop] 驗證警示 >>> 輸入影像為 None 或格式無效，跳過色彩特徵提取
[09:12:09] | PROCESS      | BODY-CROP              | VERIFY_CROP_DIMENSIONS | WARN     | [尺寸: 2288x0] 裁切警示 >>> 目標幾何面積無效 (低於 0 像素)，跳過物件邊界裁切程序
[09:12:09] | PROCESS      | COLOR-EXTR             | VALIDATE_ARGUMENTS | WARN     | [參數: roi_crop] 驗證警示 >>> 輸入影像為 None 或格式無效，跳過色彩特徵提取
[09:12:10] | PROCESS      | BODY-CROP              | VERIFY_CROP_DIMENSIONS | WARN     | [尺寸: 688x0] 裁切警示 >>> 目標幾何面積無效 (低於 0 像素)，跳過物件邊界裁切程序
[09:12:10] | PROCESS      | COLOR-EXTR             | VALIDATE_ARGUMENTS | WARN     | [參數: roi_crop] 驗證警示 >>> 輸入影像為 None 或格式無效，跳過色彩特徵提取
[09:12:10] | PROCESS      | BODY-CROP              | VERIFY_CROP_DIMENSIONS | WARN     | [尺寸: 663x0] 裁切警示 >>> 目標幾何面積無效 (低於 0 像素)，跳過物件邊界裁切程序
[09:12:10] | PROCESS      | COLOR-EXTR             | VALIDATE_ARGUMENTS | WARN     | [參數: roi_crop] 驗證警示 >>> 輸入影像為 None 或格式無效，跳過色彩特徵提取
[09:12:10] | DB           | MARS_DB                | UPST_DATA     | SUCC     | [資料表: live_veh_recg] 寫入成功 >>> 共計更新 39 筆數據
[09:12:10] | DATABASE     | PIPE-VEH               | SYNC_INFER_DATABASE | SUCC     | [資料庫: MARS-DB] 寫入成功 >>> 共 39 筆車輛辨識數據「完全同步」至 live_veh_recg 資料表中
[09:12:10] | FRAME        | INFER_S25U_VEH_ROOF_20260921_180355.mp4-00520 | EXTRACT_SUCCESS | SUCC     | [時間: 18:04:03] 成功辨識 39 組主物件特徵
[09:12:11] | PROCESS      | BODY-CROP              | VERIFY_CROP_DIMENSIONS | WARN     | [尺寸: 1200x0] 裁切警示 >>> 目標幾何面積無效 (低於 0 像素)，跳過物件邊界裁切程序
[09:12:11] | PROCESS      | COLOR-EXTR             | VALIDATE_ARGUMENTS | WARN     | [參數: roi_crop] 驗證警示 >>> 輸入影像為 None 或格式無效，跳過色彩特徵提取
[09:12:12] | PROCESS      | BODY-CROP              | VERIFY_CROP_DIMENSIONS | WARN     | [尺寸: 2305x0] 裁切警示 >>> 目標幾何面積無效 (低於 0 像素)，跳過物件邊界裁切程序
[09:12:12] | PROCESS      | COLOR-EXTR             | VALIDATE_ARGUMENTS | WARN     | [參數: roi_crop] 驗證警示 >>> 輸入影像為 None 或格式無效，跳過色彩特徵提取
[09:12:12] | PROCESS      | BODY-CROP              | VERIFY_CROP_DIMENSIONS | WARN     | [尺寸: 2348x0] 裁切警示 >>> 目標幾何面積無效 (低於 0 像素)，跳過物件邊界裁切程序
[09:12:12] | PROCESS      | COLOR-EXTR             | VALIDATE_ARGUMENTS | WARN     | [參數: roi_crop] 驗證警示 >>> 輸入影像為 None 或格式無效，跳過色彩特徵提取
[09:12:12] | PROCESS      | BODY-CROP              | VERIFY_CROP_DIMENSIONS | WARN     | [尺寸: 2319x0] 裁切警示 >>> 目標幾何面積無效 (低於 0 像素)，跳過物件邊界裁切程序
[09:12:12] | PROCESS      | COLOR-EXTR             | VALIDATE_ARGUMENTS | WARN     | [參數: roi_crop] 驗證警示 >>> 輸入影像為 None 或格式無效，跳過色彩特徵提取
[09:12:12] | PROCESS      | BODY-CROP              | VERIFY_CROP_DIMENSIONS | WARN     | [尺寸: 1200x0] 裁切警示 >>> 目標幾何面積無效 (低於 0 像素)，跳過物件邊界裁切程序
[09:12:12] | PROCESS      | COLOR-EXTR             | VALIDATE_ARGUMENTS | WARN     | [參數: roi_crop] 驗證警示 >>> 輸入影像為 None 或格式無效，跳過色彩特徵提取
[09:12:12] | PROCESS      | BODY-CROP              | VERIFY_CROP_DIMENSIONS | WARN     | [尺寸: 658x0] 裁切警示 >>> 目標幾何面積無效 (低於 0 像素)，跳過物件邊界裁切程序
[09:12:12] | PROCESS      | COLOR-EXTR             | VALIDATE_ARGUMENTS | WARN     | [參數: roi_crop] 驗證警示 >>> 輸入影像為 None 或格式無效，跳過色彩特徵提取
[09:12:12] | DB           | MARS_DB                | UPST_DATA     | SUCC     | [資料表: live_veh_recg] 寫入成功 >>> 共計更新 39 筆數據
[09:12:12] | DATABASE     | PIPE-VEH               | SYNC_INFER_DATABASE | SUCC     | [資料庫: MARS-DB] 寫入成功 >>> 共 39 筆車輛辨識數據「完全同步」至 live_veh_recg 資料表中
[09:12:12] | FRAME        | INFER_S25U_VEH_ROOF_20260921_180355.mp4-00530 | EXTRACT_SUCCESS | SUCC     | [時間: 18:04:03] 成功辨識 39 組主物件特徵
[09:12:13] | PROCESS      | BODY-CROP              | VERIFY_CROP_DIMENSIONS | WARN     | [尺寸: 3507x0] 裁切警示 >>> 目標幾何面積無效 (低於 0 像素)，跳過物件邊界裁切程序
[09:12:13] | PROCESS      | COLOR-EXTR             | VALIDATE_ARGUMENTS | WARN     | [參數: roi_crop] 驗證警示 >>> 輸入影像為 None 或格式無效，跳過色彩特徵提取
[09:12:13] | PROCESS      | BODY-CROP              | VERIFY_CROP_DIMENSIONS | WARN     | [尺寸: 1221x0] 裁切警示 >>> 目標幾何面積無效 (低於 0 像素)，跳過物件邊界裁切程序
[09:12:13] | PROCESS      | COLOR-EXTR             | VALIDATE_ARGUMENTS | WARN     | [參數: roi_crop] 驗證警示 >>> 輸入影像為 None 或格式無效，跳過色彩特徵提取
[09:12:13] | PROCESS      | BODY-CROP              | VERIFY_CROP_DIMENSIONS | WARN     | [尺寸: 2374x0] 裁切警示 >>> 目標幾何面積無效 (低於 0 像素)，跳過物件邊界裁切程序
[09:12:13] | PROCESS      | COLOR-EXTR             | VALIDATE_ARGUMENTS | WARN     | [參數: roi_crop] 驗證警示 >>> 輸入影像為 None 或格式無效，跳過色彩特徵提取
[09:12:13] | PROCESS      | BODY-CROP              | VERIFY_CROP_DIMENSIONS | WARN     | [尺寸: 1343x0] 裁切警示 >>> 目標幾何面積無效 (低於 0 像素)，跳過物件邊界裁切程序
[09:12:13] | PROCESS      | COLOR-EXTR             | VALIDATE_ARGUMENTS | WARN     | [參數: roi_crop] 驗證警示 >>> 輸入影像為 None 或格式無效，跳過色彩特徵提取
[09:12:14] | PROCESS      | BODY-CROP              | VERIFY_CROP_DIMENSIONS | WARN     | [尺寸: 696x0] 裁切警示 >>> 目標幾何面積無效 (低於 0 像素)，跳過物件邊界裁切程序
[09:12:14] | PROCESS      | COLOR-EXTR             | VALIDATE_ARGUMENTS | WARN     | [參數: roi_crop] 驗證警示 >>> 輸入影像為 None 或格式無效，跳過色彩特徵提取
[09:12:14] | PROCESS      | BODY-CROP              | VERIFY_CROP_DIMENSIONS | WARN     | [尺寸: 2396x0] 裁切警示 >>> 目標幾何面積無效 (低於 0 像素)，跳過物件邊界裁切程序
[09:12:14] | PROCESS      | COLOR-EXTR             | VALIDATE_ARGUMENTS | WARN     | [參數: roi_crop] 驗證警示 >>> 輸入影像為 None 或格式無效，跳過色彩特徵提取
[09:12:14] | PROCESS      | BODY-CROP              | VERIFY_CROP_DIMENSIONS | WARN     | [尺寸: 2342x0] 裁切警示 >>> 目標幾何面積無效 (低於 0 像素)，跳過物件邊界裁切程序
[09:12:14] | PROCESS      | COLOR-EXTR             | VALIDATE_ARGUMENTS | WARN     | [參數: roi_crop] 驗證警示 >>> 輸入影像為 None 或格式無效，跳過色彩特徵提取
[09:12:14] | PROCESS      | BODY-CROP              | VERIFY_CROP_DIMENSIONS | WARN     | [尺寸: 658x0] 裁切警示 >>> 目標幾何面積無效 (低於 0 像素)，跳過物件邊界裁切程序
[09:12:14] | PROCESS      | COLOR-EXTR             | VALIDATE_ARGUMENTS | WARN     | [參數: roi_crop] 驗證警示 >>> 輸入影像為 None 或格式無效，跳過色彩特徵提取
[09:12:14] | PROCESS      | BODY-CROP              | VERIFY_CROP_DIMENSIONS | WARN     | [尺寸: 1047x0] 裁切警示 >>> 目標幾何面積無效 (低於 0 像素)，跳過物件邊界裁切程序
[09:12:14] | PROCESS      | COLOR-EXTR             | VALIDATE_ARGUMENTS | WARN     | [參數: roi_crop] 驗證警示 >>> 輸入影像為 None 或格式無效，跳過色彩特徵提取
[09:12:14] | PROCESS      | BODY-CROP              | VERIFY_CROP_DIMENSIONS | WARN     | [尺寸: 1881x0] 裁切警示 >>> 目標幾何面積無效 (低於 0 像素)，跳過物件邊界裁切程序
[09:12:14] | PROCESS      | COLOR-EXTR             | VALIDATE_ARGUMENTS | WARN     | [參數: roi_crop] 驗證警示 >>> 輸入影像為 None 或格式無效，跳過色彩特徵提取
[09:12:14] | PROCESS      | BODY-CROP              | VERIFY_CROP_DIMENSIONS | WARN     | [尺寸: 1428x0] 裁切警示 >>> 目標幾何面積無效 (低於 0 像素)，跳過物件邊界裁切程序
[09:12:14] | PROCESS      | COLOR-EXTR             | VALIDATE_ARGUMENTS | WARN     | [參數: roi_crop] 驗證警示 >>> 輸入影像為 None 或格式無效，跳過色彩特徵提取
[09:12:14] | DB           | MARS_DB                | UPST_DATA     | SUCC     | [資料表: live_veh_recg] 寫入成功 >>> 共計更新 43 筆數據
[09:12:14] | DATABASE     | PIPE-VEH               | SYNC_INFER_DATABASE | SUCC     | [資料庫: MARS-DB] 寫入成功 >>> 共 43 筆車輛辨識數據「完全同步」至 live_veh_recg 資料表中
[09:12:14] | FRAME        | INFER_S25U_VEH_ROOF_20260921_180355.mp4-00540 | EXTRACT_SUCCESS | SUCC     | [時間: 18:04:04] 成功辨識 43 組主物件特徵
[09:12:16] | PROCESS      | BODY-CROP              | VERIFY_CROP_DIMENSIONS | WARN     | [尺寸: 1232x0] 裁切警示 >>> 目標幾何面積無效 (低於 0 像素)，跳過物件邊界裁切程序
[09:12:16] | PROCESS      | COLOR-EXTR             | VALIDATE_ARGUMENTS | WARN     | [參數: roi_crop] 驗證警示 >>> 輸入影像為 None 或格式無效，跳過色彩特徵提取
[09:12:16] | PROCESS      | BODY-CROP              | VERIFY_CROP_DIMENSIONS | WARN     | [尺寸: 689x0] 裁切警示 >>> 目標幾何面積無效 (低於 0 像素)，跳過物件邊界裁切程序
[09:12:16] | PROCESS      | COLOR-EXTR             | VALIDATE_ARGUMENTS | WARN     | [參數: roi_crop] 驗證警示 >>> 輸入影像為 None 或格式無效，跳過色彩特徵提取
[09:12:16] | PROCESS      | BODY-CROP              | VERIFY_CROP_DIMENSIONS | WARN     | [尺寸: 2360x0] 裁切警示 >>> 目標幾何面積無效 (低於 0 像素)，跳過物件邊界裁切程序
[09:12:16] | PROCESS      | COLOR-EXTR             | VALIDATE_ARGUMENTS | WARN     | [參數: roi_crop] 驗證警示 >>> 輸入影像為 None 或格式無效，跳過色彩特徵提取
[09:12:16] | PROCESS      | BODY-CROP              | VERIFY_CROP_DIMENSIONS | WARN     | [尺寸: 2418x0] 裁切警示 >>> 目標幾何面積無效 (低於 0 像素)，跳過物件邊界裁切程序
[09:12:16] | PROCESS      | COLOR-EXTR             | VALIDATE_ARGUMENTS | WARN     | [參數: roi_crop] 驗證警示 >>> 輸入影像為 None 或格式無效，跳過色彩特徵提取
[09:12:16] | PROCESS      | BODY-CROP              | VERIFY_CROP_DIMENSIONS | WARN     | [尺寸: 2340x0] 裁切警示 >>> 目標幾何面積無效 (低於 0 像素)，跳過物件邊界裁切程序
[09:12:16] | PROCESS      | COLOR-EXTR             | VALIDATE_ARGUMENTS | WARN     | [參數: roi_crop] 驗證警示 >>> 輸入影像為 None 或格式無效，跳過色彩特徵提取
[09:12:16] | PROCESS      | BODY-CROP              | VERIFY_CROP_DIMENSIONS | WARN     | [尺寸: 666x0] 裁切警示 >>> 目標幾何面積無效 (低於 0 像素)，跳過物件邊界裁切程序
[09:12:16] | PROCESS      | COLOR-EXTR             | VALIDATE_ARGUMENTS | WARN     | [參數: roi_crop] 驗證警示 >>> 輸入影像為 None 或格式無效，跳過色彩特徵提取
[09:12:16] | PROCESS      | BODY-CROP              | VERIFY_CROP_DIMENSIONS | WARN     | [尺寸: 1251x0] 裁切警示 >>> 目標幾何面積無效 (低於 0 像素)，跳過物件邊界裁切程序
[09:12:16] | PROCESS      | COLOR-EXTR             | VALIDATE_ARGUMENTS | WARN     | [參數: roi_crop] 驗證警示 >>> 輸入影像為 None 或格式無效，跳過色彩特徵提取
[09:12:16] | PROCESS      | BODY-CROP              | VERIFY_CROP_DIMENSIONS | WARN     | [尺寸: 2388x0] 裁切警示 >>> 目標幾何面積無效 (低於 0 像素)，跳過物件邊界裁切程序
[09:12:16] | PROCESS      | COLOR-EXTR             | VALIDATE_ARGUMENTS | WARN     | [參數: roi_crop] 驗證警示 >>> 輸入影像為 None 或格式無效，跳過色彩特徵提取
[09:12:16] | PROCESS      | BODY-CROP              | VERIFY_CROP_DIMENSIONS | WARN     | [尺寸: 1444x0] 裁切警示 >>> 目標幾何面積無效 (低於 0 像素)，跳過物件邊界裁切程序
[09:12:16] | PROCESS      | COLOR-EXTR             | VALIDATE_ARGUMENTS | WARN     | [參數: roi_crop] 驗證警示 >>> 輸入影像為 None 或格式無效，跳過色彩特徵提取
[09:12:16] | DB           | MARS_DB                | UPST_DATA     | SUCC     | [資料表: live_veh_recg] 寫入成功 >>> 共計更新 42 筆數據
[09:12:16] | DATABASE     | PIPE-VEH               | SYNC_INFER_DATABASE | SUCC     | [資料庫: MARS-DB] 寫入成功 >>> 共 42 筆車輛辨識數據「完全同步」至 live_veh_recg 資料表中
[09:12:16] | FRAME        | INFER_S25U_VEH_ROOF_20260921_180355.mp4-00550 | EXTRACT_SUCCESS | SUCC     | [時間: 18:04:04] 成功辨識 42 組主物件特徵
[09:12:18] | PROCESS      | BODY-CROP              | VERIFY_CROP_DIMENSIONS | WARN     | [尺寸: 1211x0] 裁切警示 >>> 目標幾何面積無效 (低於 0 像素)，跳過物件邊界裁切程序
[09:12:18] | PROCESS      | COLOR-EXTR             | VALIDATE_ARGUMENTS | WARN     | [參數: roi_crop] 驗證警示 >>> 輸入影像為 None 或格式無效，跳過色彩特徵提取
[09:12:18] | PROCESS      | BODY-CROP              | VERIFY_CROP_DIMENSIONS | WARN     | [尺寸: 2369x0] 裁切警示 >>> 目標幾何面積無效 (低於 0 像素)，跳過物件邊界裁切程序
[09:12:18] | PROCESS      | COLOR-EXTR             | VALIDATE_ARGUMENTS | WARN     | [參數: roi_crop] 驗證警示 >>> 輸入影像為 None 或格式無效，跳過色彩特徵提取
[09:12:18] | PROCESS      | BODY-CROP              | VERIFY_CROP_DIMENSIONS | WARN     | [尺寸: 2499x0] 裁切警示 >>> 目標幾何面積無效 (低於 0 像素)，跳過物件邊界裁切程序
[09:12:18] | PROCESS      | COLOR-EXTR             | VALIDATE_ARGUMENTS | WARN     | [參數: roi_crop] 驗證警示 >>> 輸入影像為 None 或格式無效，跳過色彩特徵提取
[09:12:18] | PROCESS      | BODY-CROP              | VERIFY_CROP_DIMENSIONS | WARN     | [尺寸: 2362x0] 裁切警示 >>> 目標幾何面積無效 (低於 0 像素)，跳過物件邊界裁切程序
[09:12:18] | PROCESS      | COLOR-EXTR             | VALIDATE_ARGUMENTS | WARN     | [參數: roi_crop] 驗證警示 >>> 輸入影像為 None 或格式無效，跳過色彩特徵提取
[09:12:18] | PROCESS      | BODY-CROP              | VERIFY_CROP_DIMENSIONS | WARN     | [尺寸: 674x0] 裁切警示 >>> 目標幾何面積無效 (低於 0 像素)，跳過物件邊界裁切程序
[09:12:18] | PROCESS      | COLOR-EXTR             | VALIDATE_ARGUMENTS | WARN     | [參數: roi_crop] 驗證警示 >>> 輸入影像為 None 或格式無效，跳過色彩特徵提取
[09:12:18] | PROCESS      | BODY-CROP              | VERIFY_CROP_DIMENSIONS | WARN     | [尺寸: 1138x0] 裁切警示 >>> 目標幾何面積無效 (低於 0 像素)，跳過物件邊界裁切程序
[09:12:18] | PROCESS      | COLOR-EXTR             | VALIDATE_ARGUMENTS | WARN     | [參數: roi_crop] 驗證警示 >>> 輸入影像為 None 或格式無效，跳過色彩特徵提取
[09:12:18] | PROCESS      | BODY-CROP              | VERIFY_CROP_DIMENSIONS | WARN     | [尺寸: 656x0] 裁切警示 >>> 目標幾何面積無效 (低於 0 像素)，跳過物件邊界裁切程序
[09:12:18] | PROCESS      | COLOR-EXTR             | VALIDATE_ARGUMENTS | WARN     | [參數: roi_crop] 驗證警示 >>> 輸入影像為 None 或格式無效，跳過色彩特徵提取
[09:12:18] | PROCESS      | BODY-CROP              | VERIFY_CROP_DIMENSIONS | WARN     | [尺寸: 1714x0] 裁切警示 >>> 目標幾何面積無效 (低於 0 像素)，跳過物件邊界裁切程序
[09:12:18] | PROCESS      | COLOR-EXTR             | VALIDATE_ARGUMENTS | WARN     | [參數: roi_crop] 驗證警示 >>> 輸入影像為 None 或格式無效，跳過色彩特徵提取
[09:12:18] | PROCESS      | BODY-CROP              | VERIFY_CROP_DIMENSIONS | WARN     | [尺寸: 1434x0] 裁切警示 >>> 目標幾何面積無效 (低於 0 像素)，跳過物件邊界裁切程序
[09:12:18] | PROCESS      | COLOR-EXTR             | VALIDATE_ARGUMENTS | WARN     | [參數: roi_crop] 驗證警示 >>> 輸入影像為 None 或格式無效，跳過色彩特徵提取
[09:12:19] | DB           | MARS_DB                | UPST_DATA     | SUCC     | [資料表: live_veh_recg] 寫入成功 >>> 共計更新 41 筆數據
[09:12:19] | DATABASE     | PIPE-VEH               | SYNC_INFER_DATABASE | SUCC     | [資料庫: MARS-DB] 寫入成功 >>> 共 41 筆車輛辨識數據「完全同步」至 live_veh_recg 資料表中
[09:12:19] | FRAME        | INFER_S25U_VEH_ROOF_20260921_180355.mp4-00560 | EXTRACT_SUCCESS | SUCC     | [時間: 18:04:04] 成功辨識 41 組主物件特徵
[09:12:20] | PROCESS      | BODY-CROP              | VERIFY_CROP_DIMENSIONS | WARN     | [尺寸: 1221x0] 裁切警示 >>> 目標幾何面積無效 (低於 0 像素)，跳過物件邊界裁切程序
[09:12:20] | PROCESS      | COLOR-EXTR             | VALIDATE_ARGUMENTS | WARN     | [參數: roi_crop] 驗證警示 >>> 輸入影像為 None 或格式無效，跳過色彩特徵提取
[09:12:20] | PROCESS      | BODY-CROP              | VERIFY_CROP_DIMENSIONS | WARN     | [尺寸: 2372x0] 裁切警示 >>> 目標幾何面積無效 (低於 0 像素)，跳過物件邊界裁切程序
[09:12:20] | PROCESS      | COLOR-EXTR             | VALIDATE_ARGUMENTS | WARN     | [參數: roi_crop] 驗證警示 >>> 輸入影像為 None 或格式無效，跳過色彩特徵提取
[09:12:20] | PROCESS      | BODY-CROP              | VERIFY_CROP_DIMENSIONS | WARN     | [尺寸: 2610x0] 裁切警示 >>> 目標幾何面積無效 (低於 0 像素)，跳過物件邊界裁切程序
[09:12:20] | PROCESS      | COLOR-EXTR             | VALIDATE_ARGUMENTS | WARN     | [參數: roi_crop] 驗證警示 >>> 輸入影像為 None 或格式無效，跳過色彩特徵提取
[09:12:20] | PROCESS      | BODY-CROP              | VERIFY_CROP_DIMENSIONS | WARN     | [尺寸: 2374x0] 裁切警示 >>> 目標幾何面積無效 (低於 0 像素)，跳過物件邊界裁切程序
[09:12:20] | PROCESS      | COLOR-EXTR             | VALIDATE_ARGUMENTS | WARN     | [參數: roi_crop] 驗證警示 >>> 輸入影像為 None 或格式無效，跳過色彩特徵提取
[09:12:20] | PROCESS      | BODY-CROP              | VERIFY_CROP_DIMENSIONS | WARN     | [尺寸: 1058x0] 裁切警示 >>> 目標幾何面積無效 (低於 0 像素)，跳過物件邊界裁切程序
[09:12:20] | PROCESS      | COLOR-EXTR             | VALIDATE_ARGUMENTS | WARN     | [參數: roi_crop] 驗證警示 >>> 輸入影像為 None 或格式無效，跳過色彩特徵提取
[09:12:21] | PROCESS      | BODY-CROP              | VERIFY_CROP_DIMENSIONS | WARN     | [尺寸: 2074x0] 裁切警示 >>> 目標幾何面積無效 (低於 0 像素)，跳過物件邊界裁切程序
[09:12:21] | PROCESS      | COLOR-EXTR             | VALIDATE_ARGUMENTS | WARN     | [參數: roi_crop] 驗證警示 >>> 輸入影像為 None 或格式無效，跳過色彩特徵提取
[09:12:21] | PROCESS      | BODY-CROP              | VERIFY_CROP_DIMENSIONS | WARN     | [尺寸: 1412x0] 裁切警示 >>> 目標幾何面積無效 (低於 0 像素)，跳過物件邊界裁切程序
[09:12:21] | PROCESS      | COLOR-EXTR             | VALIDATE_ARGUMENTS | WARN     | [參數: roi_crop] 驗證警示 >>> 輸入影像為 None 或格式無效，跳過色彩特徵提取
[09:12:21] | DB           | MARS_DB                | UPST_DATA     | SUCC     | [資料表: live_veh_recg] 寫入成功 >>> 共計更新 45 筆數據
[09:12:21] | DATABASE     | PIPE-VEH               | SYNC_INFER_DATABASE | SUCC     | [資料庫: MARS-DB] 寫入成功 >>> 共 45 筆車輛辨識數據「完全同步」至 live_veh_recg 資料表中
[09:12:21] | FRAME        | INFER_S25U_VEH_ROOF_20260921_180355.mp4-00570 | EXTRACT_SUCCESS | SUCC     | [時間: 18:04:04] 成功辨識 45 組主物件特徵
[09:12:22] | PROCESS      | BODY-CROP              | VERIFY_CROP_DIMENSIONS | WARN     | [尺寸: 1237x0] 裁切警示 >>> 目標幾何面積無效 (低於 0 像素)，跳過物件邊界裁切程序
[09:12:22] | PROCESS      | COLOR-EXTR             | VALIDATE_ARGUMENTS | WARN     | [參數: roi_crop] 驗證警示 >>> 輸入影像為 None 或格式無效，跳過色彩特徵提取
[09:12:22] | PROCESS      | BODY-CROP              | VERIFY_CROP_DIMENSIONS | WARN     | [尺寸: 2433x0] 裁切警示 >>> 目標幾何面積無效 (低於 0 像素)，跳過物件邊界裁切程序
[09:12:22] | PROCESS      | COLOR-EXTR             | VALIDATE_ARGUMENTS | WARN     | [參數: roi_crop] 驗證警示 >>> 輸入影像為 None 或格式無效，跳過色彩特徵提取
[09:12:22] | PROCESS      | BODY-CROP              | VERIFY_CROP_DIMENSIONS | WARN     | [尺寸: 683x0] 裁切警示 >>> 目標幾何面積無效 (低於 0 像素)，跳過物件邊界裁切程序
[09:12:22] | PROCESS      | COLOR-EXTR             | VALIDATE_ARGUMENTS | WARN     | [參數: roi_crop] 驗證警示 >>> 輸入影像為 None 或格式無效，跳過色彩特徵提取
[09:12:22] | PROCESS      | BODY-CROP              | VERIFY_CROP_DIMENSIONS | WARN     | [尺寸: 2408x0] 裁切警示 >>> 目標幾何面積無效 (低於 0 像素)，跳過物件邊界裁切程序
[09:12:22] | PROCESS      | COLOR-EXTR             | VALIDATE_ARGUMENTS | WARN     | [參數: roi_crop] 驗證警示 >>> 輸入影像為 None 或格式無效，跳過色彩特徵提取
[09:12:23] | PROCESS      | BODY-CROP              | VERIFY_CROP_DIMENSIONS | WARN     | [尺寸: 1320x0] 裁切警示 >>> 目標幾何面積無效 (低於 0 像素)，跳過物件邊界裁切程序
[09:12:23] | PROCESS      | COLOR-EXTR             | VALIDATE_ARGUMENTS | WARN     | [參數: roi_crop] 驗證警示 >>> 輸入影像為 None 或格式無效，跳過色彩特徵提取
[09:12:23] | PROCESS      | BODY-CROP              | VERIFY_CROP_DIMENSIONS | WARN     | [尺寸: 638x0] 裁切警示 >>> 目標幾何面積無效 (低於 0 像素)，跳過物件邊界裁切程序
[09:12:23] | PROCESS      | COLOR-EXTR             | VALIDATE_ARGUMENTS | WARN     | [參數: roi_crop] 驗證警示 >>> 輸入影像為 None 或格式無效，跳過色彩特徵提取
[09:12:23] | PROCESS      | BODY-CROP              | VERIFY_CROP_DIMENSIONS | WARN     | [尺寸: 2072x0] 裁切警示 >>> 目標幾何面積無效 (低於 0 像素)，跳過物件邊界裁切程序
[09:12:23] | PROCESS      | COLOR-EXTR             | VALIDATE_ARGUMENTS | WARN     | [參數: roi_crop] 驗證警示 >>> 輸入影像為 None 或格式無效，跳過色彩特徵提取
[09:12:23] | PROCESS      | BODY-CROP              | VERIFY_CROP_DIMENSIONS | WARN     | [尺寸: 1432x0] 裁切警示 >>> 目標幾何面積無效 (低於 0 像素)，跳過物件邊界裁切程序
[09:12:23] | PROCESS      | COLOR-EXTR             | VALIDATE_ARGUMENTS | WARN     | [參數: roi_crop] 驗證警示 >>> 輸入影像為 None 或格式無效，跳過色彩特徵提取
[09:12:23] | DB           | MARS_DB                | UPST_DATA     | SUCC     | [資料表: live_veh_recg] 寫入成功 >>> 共計更新 47 筆數據
[09:12:23] | DATABASE     | PIPE-VEH               | SYNC_INFER_DATABASE | SUCC     | [資料庫: MARS-DB] 寫入成功 >>> 共 47 筆車輛辨識數據「完全同步」至 live_veh_recg 資料表中
[09:12:23] | FRAME        | INFER_S25U_VEH_ROOF_20260921_180355.mp4-00580 | EXTRACT_SUCCESS | SUCC     | [時間: 18:04:04] 成功辨識 47 組主物件特徵
[09:12:24] | PROCESS      | BODY-CROP              | VERIFY_CROP_DIMENSIONS | WARN     | [尺寸: 1221x0] 裁切警示 >>> 目標幾何面積無效 (低於 0 像素)，跳過物件邊界裁切程序
[09:12:24] | PROCESS      | COLOR-EXTR             | VALIDATE_ARGUMENTS | WARN     | [參數: roi_crop] 驗證警示 >>> 輸入影像為 None 或格式無效，跳過色彩特徵提取
[09:12:25] | PROCESS      | BODY-CROP              | VERIFY_CROP_DIMENSIONS | WARN     | [尺寸: 2382x0] 裁切警示 >>> 目標幾何面積無效 (低於 0 像素)，跳過物件邊界裁切程序
[09:12:25] | PROCESS      | COLOR-EXTR             | VALIDATE_ARGUMENTS | WARN     | [參數: roi_crop] 驗證警示 >>> 輸入影像為 None 或格式無效，跳過色彩特徵提取
[09:12:25] | PROCESS      | BODY-CROP              | VERIFY_CROP_DIMENSIONS | WARN     | [尺寸: 2421x0] 裁切警示 >>> 目標幾何面積無效 (低於 0 像素)，跳過物件邊界裁切程序
[09:12:25] | PROCESS      | COLOR-EXTR             | VALIDATE_ARGUMENTS | WARN     | [參數: roi_crop] 驗證警示 >>> 輸入影像為 None 或格式無效，跳過色彩特徵提取
[09:12:25] | PROCESS      | BODY-CROP              | VERIFY_CROP_DIMENSIONS | WARN     | [尺寸: 1830x0] 裁切警示 >>> 目標幾何面積無效 (低於 0 像素)，跳過物件邊界裁切程序
[09:12:25] | PROCESS      | COLOR-EXTR             | VALIDATE_ARGUMENTS | WARN     | [參數: roi_crop] 驗證警示 >>> 輸入影像為 None 或格式無效，跳過色彩特徵提取
[09:12:25] | PROCESS      | BODY-CROP              | VERIFY_CROP_DIMENSIONS | WARN     | [尺寸: 1012x0] 裁切警示 >>> 目標幾何面積無效 (低於 0 像素)，跳過物件邊界裁切程序
[09:12:25] | PROCESS      | COLOR-EXTR             | VALIDATE_ARGUMENTS | WARN     | [參數: roi_crop] 驗證警示 >>> 輸入影像為 None 或格式無效，跳過色彩特徵提取
[09:12:25] | PROCESS      | BODY-CROP              | VERIFY_CROP_DIMENSIONS | WARN     | [尺寸: 1440x0] 裁切警示 >>> 目標幾何面積無效 (低於 0 像素)，跳過物件邊界裁切程序
[09:12:25] | PROCESS      | COLOR-EXTR             | VALIDATE_ARGUMENTS | WARN     | [參數: roi_crop] 驗證警示 >>> 輸入影像為 None 或格式無效，跳過色彩特徵提取
[09:12:26] | DB           | MARS_DB                | UPST_DATA     | SUCC     | [資料表: live_veh_recg] 寫入成功 >>> 共計更新 49 筆數據
[09:12:26] | DATABASE     | PIPE-VEH               | SYNC_INFER_DATABASE | SUCC     | [資料庫: MARS-DB] 寫入成功 >>> 共 49 筆車輛辨識數據「完全同步」至 live_veh_recg 資料表中
[09:12:26] | FRAME        | INFER_S25U_VEH_ROOF_20260921_180355.mp4-00590 | EXTRACT_SUCCESS | SUCC     | [時間: 18:04:04] 成功辨識 49 組主物件特徵
[09:12:27] | PROCESS      | BODY-CROP              | VERIFY_CROP_DIMENSIONS | WARN     | [尺寸: 1228x0] 裁切警示 >>> 目標幾何面積無效 (低於 0 像素)，跳過物件邊界裁切程序
[09:12:27] | PROCESS      | COLOR-EXTR             | VALIDATE_ARGUMENTS | WARN     | [參數: roi_crop] 驗證警示 >>> 輸入影像為 None 或格式無效，跳過色彩特徵提取
[09:12:27] | PROCESS      | BODY-CROP              | VERIFY_CROP_DIMENSIONS | WARN     | [尺寸: 2419x0] 裁切警示 >>> 目標幾何面積無效 (低於 0 像素)，跳過物件邊界裁切程序
[09:12:27] | PROCESS      | COLOR-EXTR             | VALIDATE_ARGUMENTS | WARN     | [參數: roi_crop] 驗證警示 >>> 輸入影像為 None 或格式無效，跳過色彩特徵提取
[09:12:27] | PROCESS      | BODY-CROP              | VERIFY_CROP_DIMENSIONS | WARN     | [尺寸: 2526x0] 裁切警示 >>> 目標幾何面積無效 (低於 0 像素)，跳過物件邊界裁切程序
[09:12:27] | PROCESS      | COLOR-EXTR             | VALIDATE_ARGUMENTS | WARN     | [參數: roi_crop] 驗證警示 >>> 輸入影像為 None 或格式無效，跳過色彩特徵提取
[09:12:27] | PROCESS      | BODY-CROP              | VERIFY_CROP_DIMENSIONS | WARN     | [尺寸: 1845x0] 裁切警示 >>> 目標幾何面積無效 (低於 0 像素)，跳過物件邊界裁切程序
[09:12:27] | PROCESS      | COLOR-EXTR             | VALIDATE_ARGUMENTS | WARN     | [參數: roi_crop] 驗證警示 >>> 輸入影像為 None 或格式無效，跳過色彩特徵提取
[09:12:27] | PROCESS      | BODY-CROP              | VERIFY_CROP_DIMENSIONS | WARN     | [尺寸: 688x0] 裁切警示 >>> 目標幾何面積無效 (低於 0 像素)，跳過物件邊界裁切程序
[09:12:27] | PROCESS      | COLOR-EXTR             | VALIDATE_ARGUMENTS | WARN     | [參數: roi_crop] 驗證警示 >>> 輸入影像為 None 或格式無效，跳過色彩特徵提取
[09:12:28] | PROCESS      | BODY-CROP              | VERIFY_CROP_DIMENSIONS | WARN     | [尺寸: 657x0] 裁切警示 >>> 目標幾何面積無效 (低於 0 像素)，跳過物件邊界裁切程序
[09:12:28] | PROCESS      | COLOR-EXTR             | VALIDATE_ARGUMENTS | WARN     | [參數: roi_crop] 驗證警示 >>> 輸入影像為 None 或格式無效，跳過色彩特徵提取
[09:12:28] | PROCESS      | BODY-CROP              | VERIFY_CROP_DIMENSIONS | WARN     | [尺寸: 1454x0] 裁切警示 >>> 目標幾何面積無效 (低於 0 像素)，跳過物件邊界裁切程序
[09:12:28] | PROCESS      | COLOR-EXTR             | VALIDATE_ARGUMENTS | WARN     | [參數: roi_crop] 驗證警示 >>> 輸入影像為 None 或格式無效，跳過色彩特徵提取
[09:12:28] | DB           | MARS_DB                | UPST_DATA     | SUCC     | [資料表: live_veh_recg] 寫入成功 >>> 共計更新 50 筆數據
[09:12:28] | DATABASE     | PIPE-VEH               | SYNC_INFER_DATABASE | SUCC     | [資料庫: MARS-DB] 寫入成功 >>> 共 50 筆車輛辨識數據「完全同步」至 live_veh_recg 資料表中
[09:12:28] | FRAME        | INFER_S25U_VEH_ROOF_20260921_180355.mp4-00600 | EXTRACT_SUCCESS | SUCC     | [時間: 18:04:05] 成功辨識 50 組主物件特徵
[09:12:29] | PROCESS      | BODY-CROP              | VERIFY_CROP_DIMENSIONS | WARN     | [尺寸: 1201x0] 裁切警示 >>> 目標幾何面積無效 (低於 0 像素)，跳過物件邊界裁切程序
[09:12:29] | PROCESS      | COLOR-EXTR             | VALIDATE_ARGUMENTS | WARN     | [參數: roi_crop] 驗證警示 >>> 輸入影像為 None 或格式無效，跳過色彩特徵提取
[09:12:29] | PROCESS      | BODY-CROP              | VERIFY_CROP_DIMENSIONS | WARN     | [尺寸: 2397x0] 裁切警示 >>> 目標幾何面積無效 (低於 0 像素)，跳過物件邊界裁切程序
[09:12:29] | PROCESS      | COLOR-EXTR             | VALIDATE_ARGUMENTS | WARN     | [參數: roi_crop] 驗證警示 >>> 輸入影像為 None 或格式無效，跳過色彩特徵提取
[09:12:30] | PROCESS      | BODY-CROP              | VERIFY_CROP_DIMENSIONS | WARN     | [尺寸: 2666x0] 裁切警示 >>> 目標幾何面積無效 (低於 0 像素)，跳過物件邊界裁切程序
[09:12:30] | PROCESS      | COLOR-EXTR             | VALIDATE_ARGUMENTS | WARN     | [參數: roi_crop] 驗證警示 >>> 輸入影像為 None 或格式無效，跳過色彩特徵提取
[09:12:30] | PROCESS      | BODY-CROP              | VERIFY_CROP_DIMENSIONS | WARN     | [尺寸: 2379x0] 裁切警示 >>> 目標幾何面積無效 (低於 0 像素)，跳過物件邊界裁切程序
[09:12:30] | PROCESS      | COLOR-EXTR             | VALIDATE_ARGUMENTS | WARN     | [參數: roi_crop] 驗證警示 >>> 輸入影像為 None 或格式無效，跳過色彩特徵提取
[09:12:30] | PROCESS      | BODY-CROP              | VERIFY_CROP_DIMENSIONS | WARN     | [尺寸: 663x0] 裁切警示 >>> 目標幾何面積無效 (低於 0 像素)，跳過物件邊界裁切程序
[09:12:30] | PROCESS      | COLOR-EXTR             | VALIDATE_ARGUMENTS | WARN     | [參數: roi_crop] 驗證警示 >>> 輸入影像為 None 或格式無效，跳過色彩特徵提取
[09:12:30] | PROCESS      | BODY-CROP              | VERIFY_CROP_DIMENSIONS | WARN     | [尺寸: 649x0] 裁切警示 >>> 目標幾何面積無效 (低於 0 像素)，跳過物件邊界裁切程序
[09:12:30] | PROCESS      | COLOR-EXTR             | VALIDATE_ARGUMENTS | WARN     | [參數: roi_crop] 驗證警示 >>> 輸入影像為 None 或格式無效，跳過色彩特徵提取
[09:12:30] | PROCESS      | BODY-CROP              | VERIFY_CROP_DIMENSIONS | WARN     | [尺寸: 1050x0] 裁切警示 >>> 目標幾何面積無效 (低於 0 像素)，跳過物件邊界裁切程序
[09:12:30] | PROCESS      | COLOR-EXTR             | VALIDATE_ARGUMENTS | WARN     | [參數: roi_crop] 驗證警示 >>> 輸入影像為 None 或格式無效，跳過色彩特徵提取
[09:12:31] | PROCESS      | BODY-CROP              | VERIFY_CROP_DIMENSIONS | WARN     | [尺寸: 1472x0] 裁切警示 >>> 目標幾何面積無效 (低於 0 像素)，跳過物件邊界裁切程序
[09:12:31] | PROCESS      | COLOR-EXTR             | VALIDATE_ARGUMENTS | WARN     | [參數: roi_crop] 驗證警示 >>> 輸入影像為 None 或格式無效，跳過色彩特徵提取
[09:12:31] | DB           | MARS_DB                | UPST_DATA     | SUCC     | [資料表: live_veh_recg] 寫入成功 >>> 共計更新 49 筆數據
[09:12:31] | DATABASE     | PIPE-VEH               | SYNC_INFER_DATABASE | SUCC     | [資料庫: MARS-DB] 寫入成功 >>> 共 49 筆車輛辨識數據「完全同步」至 live_veh_recg 資料表中
[09:12:31] | FRAME        | INFER_S25U_VEH_ROOF_20260921_180355.mp4-00610 | EXTRACT_SUCCESS | SUCC     | [時間: 18:04:05] 成功辨識 49 組主物件特徵
[09:12:32] | PROCESS      | BODY-CROP              | VERIFY_CROP_DIMENSIONS | WARN     | [尺寸: 1217x0] 裁切警示 >>> 目標幾何面積無效 (低於 0 像素)，跳過物件邊界裁切程序
[09:12:32] | PROCESS      | COLOR-EXTR             | VALIDATE_ARGUMENTS | WARN     | [參數: roi_crop] 驗證警示 >>> 輸入影像為 None 或格式無效，跳過色彩特徵提取
[09:12:32] | PROCESS      | BODY-CROP              | VERIFY_CROP_DIMENSIONS | WARN     | [尺寸: 2442x0] 裁切警示 >>> 目標幾何面積無效 (低於 0 像素)，跳過物件邊界裁切程序
[09:12:32] | PROCESS      | COLOR-EXTR             | VALIDATE_ARGUMENTS | WARN     | [參數: roi_crop] 驗證警示 >>> 輸入影像為 None 或格式無效，跳過色彩特徵提取
[09:12:32] | PROCESS      | BODY-CROP              | VERIFY_CROP_DIMENSIONS | WARN     | [尺寸: 2658x0] 裁切警示 >>> 目標幾何面積無效 (低於 0 像素)，跳過物件邊界裁切程序
[09:12:32] | PROCESS      | COLOR-EXTR             | VALIDATE_ARGUMENTS | WARN     | [參數: roi_crop] 驗證警示 >>> 輸入影像為 None 或格式無效，跳過色彩特徵提取
[09:12:32] | PROCESS      | BODY-CROP              | VERIFY_CROP_DIMENSIONS | WARN     | [尺寸: 2448x0] 裁切警示 >>> 目標幾何面積無效 (低於 0 像素)，跳過物件邊界裁切程序
[09:12:32] | PROCESS      | COLOR-EXTR             | VALIDATE_ARGUMENTS | WARN     | [參數: roi_crop] 驗證警示 >>> 輸入影像為 None 或格式無效，跳過色彩特徵提取
[09:12:32] | PROCESS      | BODY-CROP              | VERIFY_CROP_DIMENSIONS | WARN     | [尺寸: 1016x0] 裁切警示 >>> 目標幾何面積無效 (低於 0 像素)，跳過物件邊界裁切程序
[09:12:32] | PROCESS      | COLOR-EXTR             | VALIDATE_ARGUMENTS | WARN     | [參數: roi_crop] 驗證警示 >>> 輸入影像為 None 或格式無效，跳過色彩特徵提取
[09:12:33] | PROCESS      | BODY-CROP              | VERIFY_CROP_DIMENSIONS | WARN     | [尺寸: 1446x0] 裁切警示 >>> 目標幾何面積無效 (低於 0 像素)，跳過物件邊界裁切程序
[09:12:33] | PROCESS      | COLOR-EXTR             | VALIDATE_ARGUMENTS | WARN     | [參數: roi_crop] 驗證警示 >>> 輸入影像為 None 或格式無效，跳過色彩特徵提取
[09:12:33] | DB           | MARS_DB                | UPST_DATA     | SUCC     | [資料表: live_veh_recg] 寫入成功 >>> 共計更新 51 筆數據
[09:12:33] | DATABASE     | PIPE-VEH               | SYNC_INFER_DATABASE | SUCC     | [資料庫: MARS-DB] 寫入成功 >>> 共 51 筆車輛辨識數據「完全同步」至 live_veh_recg 資料表中
[09:12:33] | FRAME        | INFER_S25U_VEH_ROOF_20260921_180355.mp4-00620 | EXTRACT_SUCCESS | SUCC     | [時間: 18:04:05] 成功辨識 51 組主物件特徵
[09:12:34] | PROCESS      | BODY-CROP              | VERIFY_CROP_DIMENSIONS | WARN     | [尺寸: 1213x0] 裁切警示 >>> 目標幾何面積無效 (低於 0 像素)，跳過物件邊界裁切程序
[09:12:34] | PROCESS      | COLOR-EXTR             | VALIDATE_ARGUMENTS | WARN     | [參數: roi_crop] 驗證警示 >>> 輸入影像為 None 或格式無效，跳過色彩特徵提取
[09:12:34] | PROCESS      | BODY-CROP              | VERIFY_CROP_DIMENSIONS | WARN     | [尺寸: 2372x0] 裁切警示 >>> 目標幾何面積無效 (低於 0 像素)，跳過物件邊界裁切程序
[09:12:34] | PROCESS      | COLOR-EXTR             | VALIDATE_ARGUMENTS | WARN     | [參數: roi_crop] 驗證警示 >>> 輸入影像為 None 或格式無效，跳過色彩特徵提取
[09:12:35] | PROCESS      | BODY-CROP              | VERIFY_CROP_DIMENSIONS | WARN     | [尺寸: 2548x0] 裁切警示 >>> 目標幾何面積無效 (低於 0 像素)，跳過物件邊界裁切程序
[09:12:35] | PROCESS      | COLOR-EXTR             | VALIDATE_ARGUMENTS | WARN     | [參數: roi_crop] 驗證警示 >>> 輸入影像為 None 或格式無效，跳過色彩特徵提取
[09:12:35] | PROCESS      | BODY-CROP              | VERIFY_CROP_DIMENSIONS | WARN     | [尺寸: 2382x0] 裁切警示 >>> 目標幾何面積無效 (低於 0 像素)，跳過物件邊界裁切程序
[09:12:35] | PROCESS      | COLOR-EXTR             | VALIDATE_ARGUMENTS | WARN     | [參數: roi_crop] 驗證警示 >>> 輸入影像為 None 或格式無效，跳過色彩特徵提取
[09:12:35] | PROCESS      | BODY-CROP              | VERIFY_CROP_DIMENSIONS | WARN     | [尺寸: 1576x0] 裁切警示 >>> 目標幾何面積無效 (低於 0 像素)，跳過物件邊界裁切程序
[09:12:35] | PROCESS      | COLOR-EXTR             | VALIDATE_ARGUMENTS | WARN     | [參數: roi_crop] 驗證警示 >>> 輸入影像為 None 或格式無效，跳過色彩特徵提取
[09:12:35] | PROCESS      | BODY-CROP              | VERIFY_CROP_DIMENSIONS | WARN     | [尺寸: 674x0] 裁切警示 >>> 目標幾何面積無效 (低於 0 像素)，跳過物件邊界裁切程序
[09:12:35] | PROCESS      | COLOR-EXTR             | VALIDATE_ARGUMENTS | WARN     | [參數: roi_crop] 驗證警示 >>> 輸入影像為 None 或格式無效，跳過色彩特徵提取
[09:12:36] | DB           | MARS_DB                | UPST_DATA     | SUCC     | [資料表: live_veh_recg] 寫入成功 >>> 共計更新 48 筆數據
[09:12:36] | DATABASE     | PIPE-VEH               | SYNC_INFER_DATABASE | SUCC     | [資料庫: MARS-DB] 寫入成功 >>> 共 48 筆車輛辨識數據「完全同步」至 live_veh_recg 資料表中
[09:12:36] | FRAME        | INFER_S25U_VEH_ROOF_20260921_180355.mp4-00630 | EXTRACT_SUCCESS | SUCC     | [時間: 18:04:05] 成功辨識 48 組主物件特徵
[09:12:37] | PROCESS      | BODY-CROP              | VERIFY_CROP_DIMENSIONS | WARN     | [尺寸: 1231x0] 裁切警示 >>> 目標幾何面積無效 (低於 0 像素)，跳過物件邊界裁切程序
[09:12:37] | PROCESS      | COLOR-EXTR             | VALIDATE_ARGUMENTS | WARN     | [參數: roi_crop] 驗證警示 >>> 輸入影像為 None 或格式無效，跳過色彩特徵提取
[09:12:38] | PROCESS      | BODY-CROP              | VERIFY_CROP_DIMENSIONS | WARN     | [尺寸: 2451x0] 裁切警示 >>> 目標幾何面積無效 (低於 0 像素)，跳過物件邊界裁切程序
[09:12:38] | PROCESS      | COLOR-EXTR             | VALIDATE_ARGUMENTS | WARN     | [參數: roi_crop] 驗證警示 >>> 輸入影像為 None 或格式無效，跳過色彩特徵提取
[09:12:38] | PROCESS      | BODY-CROP              | VERIFY_CROP_DIMENSIONS | WARN     | [尺寸: 2409x0] 裁切警示 >>> 目標幾何面積無效 (低於 0 像素)，跳過物件邊界裁切程序
[09:12:38] | PROCESS      | COLOR-EXTR             | VALIDATE_ARGUMENTS | WARN     | [參數: roi_crop] 驗證警示 >>> 輸入影像為 None 或格式無效，跳過色彩特徵提取
[09:12:38] | PROCESS      | BODY-CROP              | VERIFY_CROP_DIMENSIONS | WARN     | [尺寸: 687x0] 裁切警示 >>> 目標幾何面積無效 (低於 0 像素)，跳過物件邊界裁切程序
[09:12:38] | PROCESS      | COLOR-EXTR             | VALIDATE_ARGUMENTS | WARN     | [參數: roi_crop] 驗證警示 >>> 輸入影像為 None 或格式無效，跳過色彩特徵提取
[09:12:38] | DB           | MARS_DB                | UPST_DATA     | SUCC     | [資料表: live_veh_recg] 寫入成功 >>> 共計更新 49 筆數據
[09:12:38] | DATABASE     | PIPE-VEH               | SYNC_INFER_DATABASE | SUCC     | [資料庫: MARS-DB] 寫入成功 >>> 共 49 筆車輛辨識數據「完全同步」至 live_veh_recg 資料表中
[09:12:38] | FRAME        | INFER_S25U_VEH_ROOF_20260921_180355.mp4-00640 | EXTRACT_SUCCESS | SUCC     | [時間: 18:04:05] 成功辨識 49 組主物件特徵
[09:12:39] | PROCESS      | BODY-CROP              | VERIFY_CROP_DIMENSIONS | WARN     | [尺寸: 1201x0] 裁切警示 >>> 目標幾何面積無效 (低於 0 像素)，跳過物件邊界裁切程序
[09:12:39] | PROCESS      | COLOR-EXTR             | VALIDATE_ARGUMENTS | WARN     | [參數: roi_crop] 驗證警示 >>> 輸入影像為 None 或格式無效，跳過色彩特徵提取
[09:12:40] | PROCESS      | BODY-CROP              | VERIFY_CROP_DIMENSIONS | WARN     | [尺寸: 2378x0] 裁切警示 >>> 目標幾何面積無效 (低於 0 像素)，跳過物件邊界裁切程序
[09:12:40] | PROCESS      | COLOR-EXTR             | VALIDATE_ARGUMENTS | WARN     | [參數: roi_crop] 驗證警示 >>> 輸入影像為 None 或格式無效，跳過色彩特徵提取
[09:12:40] | PROCESS      | BODY-CROP              | VERIFY_CROP_DIMENSIONS | WARN     | [尺寸: 2538x0] 裁切警示 >>> 目標幾何面積無效 (低於 0 像素)，跳過物件邊界裁切程序
[09:12:40] | PROCESS      | COLOR-EXTR             | VALIDATE_ARGUMENTS | WARN     | [參數: roi_crop] 驗證警示 >>> 輸入影像為 None 或格式無效，跳過色彩特徵提取
[09:12:40] | PROCESS      | BODY-CROP              | VERIFY_CROP_DIMENSIONS | WARN     | [尺寸: 2370x0] 裁切警示 >>> 目標幾何面積無效 (低於 0 像素)，跳過物件邊界裁切程序
[09:12:40] | PROCESS      | COLOR-EXTR             | VALIDATE_ARGUMENTS | WARN     | [參數: roi_crop] 驗證警示 >>> 輸入影像為 None 或格式無效，跳過色彩特徵提取
[09:12:40] | PROCESS      | BODY-CROP              | VERIFY_CROP_DIMENSIONS | WARN     | [尺寸: 668x0] 裁切警示 >>> 目標幾何面積無效 (低於 0 像素)，跳過物件邊界裁切程序
[09:12:40] | PROCESS      | COLOR-EXTR             | VALIDATE_ARGUMENTS | WARN     | [參數: roi_crop] 驗證警示 >>> 輸入影像為 None 或格式無效，跳過色彩特徵提取
[09:12:40] | PROCESS      | BODY-CROP              | VERIFY_CROP_DIMENSIONS | WARN     | [尺寸: 2363x0] 裁切警示 >>> 目標幾何面積無效 (低於 0 像素)，跳過物件邊界裁切程序
[09:12:40] | PROCESS      | COLOR-EXTR             | VALIDATE_ARGUMENTS | WARN     | [參數: roi_crop] 驗證警示 >>> 輸入影像為 None 或格式無效，跳過色彩特徵提取
[09:12:41] | DB           | MARS_DB                | UPST_DATA     | SUCC     | [資料表: live_veh_recg] 寫入成功 >>> 共計更新 56 筆數據
[09:12:41] | DATABASE     | PIPE-VEH               | SYNC_INFER_DATABASE | SUCC     | [資料庫: MARS-DB] 寫入成功 >>> 共 56 筆車輛辨識數據「完全同步」至 live_veh_recg 資料表中
[09:12:41] | FRAME        | INFER_S25U_VEH_ROOF_20260921_180355.mp4-00650 | EXTRACT_SUCCESS | SUCC     | [時間: 18:04:05] 成功辨識 56 組主物件特徵
[09:12:42] | PROCESS      | BODY-CROP              | VERIFY_CROP_DIMENSIONS | WARN     | [尺寸: 1206x0] 裁切警示 >>> 目標幾何面積無效 (低於 0 像素)，跳過物件邊界裁切程序
[09:12:42] | PROCESS      | COLOR-EXTR             | VALIDATE_ARGUMENTS | WARN     | [參數: roi_crop] 驗證警示 >>> 輸入影像為 None 或格式無效，跳過色彩特徵提取
[09:12:42] | PROCESS      | BODY-CROP              | VERIFY_CROP_DIMENSIONS | WARN     | [尺寸: 2409x0] 裁切警示 >>> 目標幾何面積無效 (低於 0 像素)，跳過物件邊界裁切程序
[09:12:42] | PROCESS      | COLOR-EXTR             | VALIDATE_ARGUMENTS | WARN     | [參數: roi_crop] 驗證警示 >>> 輸入影像為 None 或格式無效，跳過色彩特徵提取
[09:12:42] | PROCESS      | BODY-CROP              | VERIFY_CROP_DIMENSIONS | WARN     | [尺寸: 2625x0] 裁切警示 >>> 目標幾何面積無效 (低於 0 像素)，跳過物件邊界裁切程序
[09:12:42] | PROCESS      | COLOR-EXTR             | VALIDATE_ARGUMENTS | WARN     | [參數: roi_crop] 驗證警示 >>> 輸入影像為 None 或格式無效，跳過色彩特徵提取
[09:12:42] | PROCESS      | BODY-CROP              | VERIFY_CROP_DIMENSIONS | WARN     | [尺寸: 2418x0] 裁切警示 >>> 目標幾何面積無效 (低於 0 像素)，跳過物件邊界裁切程序
[09:12:42] | PROCESS      | COLOR-EXTR             | VALIDATE_ARGUMENTS | WARN     | [參數: roi_crop] 驗證警示 >>> 輸入影像為 None 或格式無效，跳過色彩特徵提取
[09:12:42] | PROCESS      | BODY-CROP              | VERIFY_CROP_DIMENSIONS | WARN     | [尺寸: 1058x0] 裁切警示 >>> 目標幾何面積無效 (低於 0 像素)，跳過物件邊界裁切程序
[09:12:42] | PROCESS      | COLOR-EXTR             | VALIDATE_ARGUMENTS | WARN     | [參數: roi_crop] 驗證警示 >>> 輸入影像為 None 或格式無效，跳過色彩特徵提取
[09:12:43] | PROCESS      | BODY-CROP              | VERIFY_CROP_DIMENSIONS | WARN     | [尺寸: 3318x0] 裁切警示 >>> 目標幾何面積無效 (低於 0 像素)，跳過物件邊界裁切程序
[09:12:43] | PROCESS      | COLOR-EXTR             | VALIDATE_ARGUMENTS | WARN     | [參數: roi_crop] 驗證警示 >>> 輸入影像為 None 或格式無效，跳過色彩特徵提取
[09:12:43] | PROCESS      | BODY-CROP              | VERIFY_CROP_DIMENSIONS | WARN     | [尺寸: 1048x0] 裁切警示 >>> 目標幾何面積無效 (低於 0 像素)，跳過物件邊界裁切程序
[09:12:43] | PROCESS      | COLOR-EXTR             | VALIDATE_ARGUMENTS | WARN     | [參數: roi_crop] 驗證警示 >>> 輸入影像為 None 或格式無效，跳過色彩特徵提取
[09:12:43] | DB           | MARS_DB                | UPST_DATA     | SUCC     | [資料表: live_veh_recg] 寫入成功 >>> 共計更新 51 筆數據
[09:12:43] | DATABASE     | PIPE-VEH               | SYNC_INFER_DATABASE | SUCC     | [資料庫: MARS-DB] 寫入成功 >>> 共 51 筆車輛辨識數據「完全同步」至 live_veh_recg 資料表中
[09:12:43] | FRAME        | INFER_S25U_VEH_ROOF_20260921_180355.mp4-00660 | EXTRACT_SUCCESS | SUCC     | [時間: 18:04:06] 成功辨識 51 組主物件特徵
[09:12:44] | PROCESS      | BODY-CROP              | VERIFY_CROP_DIMENSIONS | WARN     | [尺寸: 1201x0] 裁切警示 >>> 目標幾何面積無效 (低於 0 像素)，跳過物件邊界裁切程序
[09:12:44] | PROCESS      | COLOR-EXTR             | VALIDATE_ARGUMENTS | WARN     | [參數: roi_crop] 驗證警示 >>> 輸入影像為 None 或格式無效，跳過色彩特徵提取
[09:12:44] | PROCESS      | BODY-CROP              | VERIFY_CROP_DIMENSIONS | WARN     | [尺寸: 2415x0] 裁切警示 >>> 目標幾何面積無效 (低於 0 像素)，跳過物件邊界裁切程序
[09:12:44] | PROCESS      | COLOR-EXTR             | VALIDATE_ARGUMENTS | WARN     | [參數: roi_crop] 驗證警示 >>> 輸入影像為 None 或格式無效，跳過色彩特徵提取
[09:12:45] | PROCESS      | BODY-CROP              | VERIFY_CROP_DIMENSIONS | WARN     | [尺寸: 2604x0] 裁切警示 >>> 目標幾何面積無效 (低於 0 像素)，跳過物件邊界裁切程序
[09:12:45] | PROCESS      | COLOR-EXTR             | VALIDATE_ARGUMENTS | WARN     | [參數: roi_crop] 驗證警示 >>> 輸入影像為 None 或格式無效，跳過色彩特徵提取
[09:12:45] | PROCESS      | BODY-CROP              | VERIFY_CROP_DIMENSIONS | WARN     | [尺寸: 2420x0] 裁切警示 >>> 目標幾何面積無效 (低於 0 像素)，跳過物件邊界裁切程序
[09:12:45] | PROCESS      | COLOR-EXTR             | VALIDATE_ARGUMENTS | WARN     | [參數: roi_crop] 驗證警示 >>> 輸入影像為 None 或格式無效，跳過色彩特徵提取
[09:12:45] | PROCESS      | BODY-CROP              | VERIFY_CROP_DIMENSIONS | WARN     | [尺寸: 1036x0] 裁切警示 >>> 目標幾何面積無效 (低於 0 像素)，跳過物件邊界裁切程序
[09:12:45] | PROCESS      | COLOR-EXTR             | VALIDATE_ARGUMENTS | WARN     | [參數: roi_crop] 驗證警示 >>> 輸入影像為 None 或格式無效，跳過色彩特徵提取
[09:12:45] | PROCESS      | BODY-CROP              | VERIFY_CROP_DIMENSIONS | WARN     | [尺寸: 2310x0] 裁切警示 >>> 目標幾何面積無效 (低於 0 像素)，跳過物件邊界裁切程序
[09:12:45] | PROCESS      | COLOR-EXTR             | VALIDATE_ARGUMENTS | WARN     | [參數: roi_crop] 驗證警示 >>> 輸入影像為 None 或格式無效，跳過色彩特徵提取
[09:12:46] | DB           | MARS_DB                | UPST_DATA     | SUCC     | [資料表: live_veh_recg] 寫入成功 >>> 共計更新 53 筆數據
[09:12:46] | DATABASE     | PIPE-VEH               | SYNC_INFER_DATABASE | SUCC     | [資料庫: MARS-DB] 寫入成功 >>> 共 53 筆車輛辨識數據「完全同步」至 live_veh_recg 資料表中
[09:12:46] | FRAME        | INFER_S25U_VEH_ROOF_20260921_180355.mp4-00670 | EXTRACT_SUCCESS | SUCC     | [時間: 18:04:06] 成功辨識 53 組主物件特徵
[09:12:47] | PROCESS      | BODY-CROP              | VERIFY_CROP_DIMENSIONS | WARN     | [尺寸: 1210x0] 裁切警示 >>> 目標幾何面積無效 (低於 0 像素)，跳過物件邊界裁切程序
[09:12:47] | PROCESS      | COLOR-EXTR             | VALIDATE_ARGUMENTS | WARN     | [參數: roi_crop] 驗證警示 >>> 輸入影像為 None 或格式無效，跳過色彩特徵提取
[09:12:47] | PROCESS      | BODY-CROP              | VERIFY_CROP_DIMENSIONS | WARN     | [尺寸: 2359x0] 裁切警示 >>> 目標幾何面積無效 (低於 0 像素)，跳過物件邊界裁切程序
[09:12:47] | PROCESS      | COLOR-EXTR             | VALIDATE_ARGUMENTS | WARN     | [參數: roi_crop] 驗證警示 >>> 輸入影像為 None 或格式無效，跳過色彩特徵提取
[09:12:47] | PROCESS      | BODY-CROP              | VERIFY_CROP_DIMENSIONS | WARN     | [尺寸: 2576x0] 裁切警示 >>> 目標幾何面積無效 (低於 0 像素)，跳過物件邊界裁切程序
[09:12:47] | PROCESS      | COLOR-EXTR             | VALIDATE_ARGUMENTS | WARN     | [參數: roi_crop] 驗證警示 >>> 輸入影像為 None 或格式無效，跳過色彩特徵提取
[09:12:47] | PROCESS      | BODY-CROP              | VERIFY_CROP_DIMENSIONS | WARN     | [尺寸: 2376x0] 裁切警示 >>> 目標幾何面積無效 (低於 0 像素)，跳過物件邊界裁切程序
[09:12:47] | PROCESS      | COLOR-EXTR             | VALIDATE_ARGUMENTS | WARN     | [參數: roi_crop] 驗證警示 >>> 輸入影像為 None 或格式無效，跳過色彩特徵提取
[09:12:48] | PROCESS      | BODY-CROP              | VERIFY_CROP_DIMENSIONS | WARN     | [尺寸: 681x0] 裁切警示 >>> 目標幾何面積無效 (低於 0 像素)，跳過物件邊界裁切程序
[09:12:48] | PROCESS      | COLOR-EXTR             | VALIDATE_ARGUMENTS | WARN     | [參數: roi_crop] 驗證警示 >>> 輸入影像為 None 或格式無效，跳過色彩特徵提取
[09:12:48] | PROCESS      | BODY-CROP              | VERIFY_CROP_DIMENSIONS | WARN     | [尺寸: 3204x0] 裁切警示 >>> 目標幾何面積無效 (低於 0 像素)，跳過物件邊界裁切程序
[09:12:48] | PROCESS      | COLOR-EXTR             | VALIDATE_ARGUMENTS | WARN     | [參數: roi_crop] 驗證警示 >>> 輸入影像為 None 或格式無效，跳過色彩特徵提取
[09:12:48] | DB           | MARS_DB                | UPST_DATA     | SUCC     | [資料表: live_veh_recg] 寫入成功 >>> 共計更新 51 筆數據
[09:12:48] | DATABASE     | PIPE-VEH               | SYNC_INFER_DATABASE | SUCC     | [資料庫: MARS-DB] 寫入成功 >>> 共 51 筆車輛辨識數據「完全同步」至 live_veh_recg 資料表中
[09:12:48] | FRAME        | INFER_S25U_VEH_ROOF_20260921_180355.mp4-00680 | EXTRACT_SUCCESS | SUCC     | [時間: 18:04:06] 成功辨識 51 組主物件特徵
[09:12:50] | PROCESS      | BODY-CROP              | VERIFY_CROP_DIMENSIONS | WARN     | [尺寸: 1196x0] 裁切警示 >>> 目標幾何面積無效 (低於 0 像素)，跳過物件邊界裁切程序
[09:12:50] | PROCESS      | COLOR-EXTR             | VALIDATE_ARGUMENTS | WARN     | [參數: roi_crop] 驗證警示 >>> 輸入影像為 None 或格式無效，跳過色彩特徵提取
[09:12:50] | PROCESS      | BODY-CROP              | VERIFY_CROP_DIMENSIONS | WARN     | [尺寸: 2406x0] 裁切警示 >>> 目標幾何面積無效 (低於 0 像素)，跳過物件邊界裁切程序
[09:12:50] | PROCESS      | COLOR-EXTR             | VALIDATE_ARGUMENTS | WARN     | [參數: roi_crop] 驗證警示 >>> 輸入影像為 None 或格式無效，跳過色彩特徵提取
[09:12:50] | PROCESS      | BODY-CROP              | VERIFY_CROP_DIMENSIONS | WARN     | [尺寸: 2568x0] 裁切警示 >>> 目標幾何面積無效 (低於 0 像素)，跳過物件邊界裁切程序
[09:12:50] | PROCESS      | COLOR-EXTR             | VALIDATE_ARGUMENTS | WARN     | [參數: roi_crop] 驗證警示 >>> 輸入影像為 None 或格式無效，跳過色彩特徵提取
[09:12:50] | PROCESS      | BODY-CROP              | VERIFY_CROP_DIMENSIONS | WARN     | [尺寸: 2442x0] 裁切警示 >>> 目標幾何面積無效 (低於 0 像素)，跳過物件邊界裁切程序
[09:12:50] | PROCESS      | COLOR-EXTR             | VALIDATE_ARGUMENTS | WARN     | [參數: roi_crop] 驗證警示 >>> 輸入影像為 None 或格式無效，跳過色彩特徵提取
[09:12:50] | PROCESS      | BODY-CROP              | VERIFY_CROP_DIMENSIONS | WARN     | [尺寸: 1024x0] 裁切警示 >>> 目標幾何面積無效 (低於 0 像素)，跳過物件邊界裁切程序
[09:12:50] | PROCESS      | COLOR-EXTR             | VALIDATE_ARGUMENTS | WARN     | [參數: roi_crop] 驗證警示 >>> 輸入影像為 None 或格式無效，跳過色彩特徵提取
[09:12:50] | PROCESS      | BODY-CROP              | VERIFY_CROP_DIMENSIONS | WARN     | [尺寸: 1257x0] 裁切警示 >>> 目標幾何面積無效 (低於 0 像素)，跳過物件邊界裁切程序
[09:12:50] | PROCESS      | COLOR-EXTR             | VALIDATE_ARGUMENTS | WARN     | [參數: roi_crop] 驗證警示 >>> 輸入影像為 None 或格式無效，跳過色彩特徵提取
[09:12:51] | DB           | MARS_DB                | UPST_DATA     | SUCC     | [資料表: live_veh_recg] 寫入成功 >>> 共計更新 50 筆數據
[09:12:51] | DATABASE     | PIPE-VEH               | SYNC_INFER_DATABASE | SUCC     | [資料庫: MARS-DB] 寫入成功 >>> 共 50 筆車輛辨識數據「完全同步」至 live_veh_recg 資料表中
[09:12:51] | FRAME        | INFER_S25U_VEH_ROOF_20260921_180355.mp4-00690 | EXTRACT_SUCCESS | SUCC     | [時間: 18:04:06] 成功辨識 50 組主物件特徵
[09:12:52] | PROCESS      | BODY-CROP              | VERIFY_CROP_DIMENSIONS | WARN     | [尺寸: 1226x0] 裁切警示 >>> 目標幾何面積無效 (低於 0 像素)，跳過物件邊界裁切程序
[09:12:52] | PROCESS      | COLOR-EXTR             | VALIDATE_ARGUMENTS | WARN     | [參數: roi_crop] 驗證警示 >>> 輸入影像為 None 或格式無效，跳過色彩特徵提取
[09:12:52] | PROCESS      | BODY-CROP              | VERIFY_CROP_DIMENSIONS | WARN     | [尺寸: 1352x0] 裁切警示 >>> 目標幾何面積無效 (低於 0 像素)，跳過物件邊界裁切程序
[09:12:52] | PROCESS      | COLOR-EXTR             | VALIDATE_ARGUMENTS | WARN     | [參數: roi_crop] 驗證警示 >>> 輸入影像為 None 或格式無效，跳過色彩特徵提取
[09:12:52] | PROCESS      | BODY-CROP              | VERIFY_CROP_DIMENSIONS | WARN     | [尺寸: 2399x0] 裁切警示 >>> 目標幾何面積無效 (低於 0 像素)，跳過物件邊界裁切程序
[09:12:52] | PROCESS      | COLOR-EXTR             | VALIDATE_ARGUMENTS | WARN     | [參數: roi_crop] 驗證警示 >>> 輸入影像為 None 或格式無效，跳過色彩特徵提取
[09:12:52] | PROCESS      | BODY-CROP              | VERIFY_CROP_DIMENSIONS | WARN     | [尺寸: 2582x0] 裁切警示 >>> 目標幾何面積無效 (低於 0 像素)，跳過物件邊界裁切程序
[09:12:52] | PROCESS      | COLOR-EXTR             | VALIDATE_ARGUMENTS | WARN     | [參數: roi_crop] 驗證警示 >>> 輸入影像為 None 或格式無效，跳過色彩特徵提取
[09:12:52] | PROCESS      | BODY-CROP              | VERIFY_CROP_DIMENSIONS | WARN     | [尺寸: 2412x0] 裁切警示 >>> 目標幾何面積無效 (低於 0 像素)，跳過物件邊界裁切程序
[09:12:52] | PROCESS      | COLOR-EXTR             | VALIDATE_ARGUMENTS | WARN     | [參數: roi_crop] 驗證警示 >>> 輸入影像為 None 或格式無效，跳過色彩特徵提取
[09:12:52] | PROCESS      | BODY-CROP              | VERIFY_CROP_DIMENSIONS | WARN     | [尺寸: 3114x0] 裁切警示 >>> 目標幾何面積無效 (低於 0 像素)，跳過物件邊界裁切程序
[09:12:52] | PROCESS      | COLOR-EXTR             | VALIDATE_ARGUMENTS | WARN     | [參數: roi_crop] 驗證警示 >>> 輸入影像為 None 或格式無效，跳過色彩特徵提取
[09:12:53] | PROCESS      | BODY-CROP              | VERIFY_CROP_DIMENSIONS | WARN     | [尺寸: 660x0] 裁切警示 >>> 目標幾何面積無效 (低於 0 像素)，跳過物件邊界裁切程序
[09:12:53] | PROCESS      | COLOR-EXTR             | VALIDATE_ARGUMENTS | WARN     | [參數: roi_crop] 驗證警示 >>> 輸入影像為 None 或格式無效，跳過色彩特徵提取
[09:12:53] | DB           | MARS_DB                | UPST_DATA     | SUCC     | [資料表: live_veh_recg] 寫入成功 >>> 共計更新 58 筆數據
[09:12:53] | DATABASE     | PIPE-VEH               | SYNC_INFER_DATABASE | SUCC     | [資料庫: MARS-DB] 寫入成功 >>> 共 58 筆車輛辨識數據「完全同步」至 live_veh_recg 資料表中
[09:12:53] | FRAME        | INFER_S25U_VEH_ROOF_20260921_180355.mp4-00700 | EXTRACT_SUCCESS | SUCC     | [時間: 18:04:06] 成功辨識 58 組主物件特徵
[09:12:54] | PROCESS      | BODY-CROP              | VERIFY_CROP_DIMENSIONS | WARN     | [尺寸: 1212x0] 裁切警示 >>> 目標幾何面積無效 (低於 0 像素)，跳過物件邊界裁切程序
[09:12:54] | PROCESS      | COLOR-EXTR             | VALIDATE_ARGUMENTS | WARN     | [參數: roi_crop] 驗證警示 >>> 輸入影像為 None 或格式無效，跳過色彩特徵提取
[09:12:54] | PROCESS      | BODY-CROP              | VERIFY_CROP_DIMENSIONS | WARN     | [尺寸: 1331x0] 裁切警示 >>> 目標幾何面積無效 (低於 0 像素)，跳過物件邊界裁切程序
[09:12:54] | PROCESS      | COLOR-EXTR             | VALIDATE_ARGUMENTS | WARN     | [參數: roi_crop] 驗證警示 >>> 輸入影像為 None 或格式無效，跳過色彩特徵提取
[09:12:55] | PROCESS      | BODY-CROP              | VERIFY_CROP_DIMENSIONS | WARN     | [尺寸: 2401x0] 裁切警示 >>> 目標幾何面積無效 (低於 0 像素)，跳過物件邊界裁切程序
[09:12:55] | PROCESS      | COLOR-EXTR             | VALIDATE_ARGUMENTS | WARN     | [參數: roi_crop] 驗證警示 >>> 輸入影像為 None 或格式無效，跳過色彩特徵提取
[09:12:55] | PROCESS      | BODY-CROP              | VERIFY_CROP_DIMENSIONS | WARN     | [尺寸: 2580x0] 裁切警示 >>> 目標幾何面積無效 (低於 0 像素)，跳過物件邊界裁切程序
[09:12:55] | PROCESS      | COLOR-EXTR             | VALIDATE_ARGUMENTS | WARN     | [參數: roi_crop] 驗證警示 >>> 輸入影像為 None 或格式無效，跳過色彩特徵提取
[09:12:55] | PROCESS      | BODY-CROP              | VERIFY_CROP_DIMENSIONS | WARN     | [尺寸: 2488x0] 裁切警示 >>> 目標幾何面積無效 (低於 0 像素)，跳過物件邊界裁切程序
[09:12:55] | PROCESS      | COLOR-EXTR             | VALIDATE_ARGUMENTS | WARN     | [參數: roi_crop] 驗證警示 >>> 輸入影像為 None 或格式無效，跳過色彩特徵提取
[09:12:55] | PROCESS      | BODY-CROP              | VERIFY_CROP_DIMENSIONS | WARN     | [尺寸: 1572x0] 裁切警示 >>> 目標幾何面積無效 (低於 0 像素)，跳過物件邊界裁切程序
[09:12:55] | PROCESS      | COLOR-EXTR             | VALIDATE_ARGUMENTS | WARN     | [參數: roi_crop] 驗證警示 >>> 輸入影像為 None 或格式無效，跳過色彩特徵提取
[09:12:56] | PROCESS      | BODY-CROP              | VERIFY_CROP_DIMENSIONS | WARN     | [尺寸: 681x0] 裁切警示 >>> 目標幾何面積無效 (低於 0 像素)，跳過物件邊界裁切程序
[09:12:56] | PROCESS      | COLOR-EXTR             | VALIDATE_ARGUMENTS | WARN     | [參數: roi_crop] 驗證警示 >>> 輸入影像為 None 或格式無效，跳過色彩特徵提取
[09:12:56] | PROCESS      | BODY-CROP              | VERIFY_CROP_DIMENSIONS | WARN     | [尺寸: 1037x0] 裁切警示 >>> 目標幾何面積無效 (低於 0 像素)，跳過物件邊界裁切程序
[09:12:56] | PROCESS      | COLOR-EXTR             | VALIDATE_ARGUMENTS | WARN     | [參數: roi_crop] 驗證警示 >>> 輸入影像為 None 或格式無效，跳過色彩特徵提取
[09:12:57] | DB           | MARS_DB                | UPST_DATA     | SUCC     | [資料表: live_veh_recg] 寫入成功 >>> 共計更新 66 筆數據
[09:12:57] | DATABASE     | PIPE-VEH               | SYNC_INFER_DATABASE | SUCC     | [資料庫: MARS-DB] 寫入成功 >>> 共 66 筆車輛辨識數據「完全同步」至 live_veh_recg 資料表中
[09:12:57] | FRAME        | INFER_S25U_VEH_ROOF_20260921_180355.mp4-00710 | EXTRACT_SUCCESS | SUCC     | [時間: 18:04:06] 成功辨識 66 組主物件特徵
[09:12:58] | PROCESS      | BODY-CROP              | VERIFY_CROP_DIMENSIONS | WARN     | [尺寸: 1230x0] 裁切警示 >>> 目標幾何面積無效 (低於 0 像素)，跳過物件邊界裁切程序
[09:12:58] | PROCESS      | COLOR-EXTR             | VALIDATE_ARGUMENTS | WARN     | [參數: roi_crop] 驗證警示 >>> 輸入影像為 None 或格式無效，跳過色彩特徵提取
[09:12:58] | PROCESS      | BODY-CROP              | VERIFY_CROP_DIMENSIONS | WARN     | [尺寸: 687x0] 裁切警示 >>> 目標幾何面積無效 (低於 0 像素)，跳過物件邊界裁切程序
[09:12:58] | PROCESS      | COLOR-EXTR             | VALIDATE_ARGUMENTS | WARN     | [參數: roi_crop] 驗證警示 >>> 輸入影像為 None 或格式無效，跳過色彩特徵提取
[09:12:58] | PROCESS      | BODY-CROP              | VERIFY_CROP_DIMENSIONS | WARN     | [尺寸: 2542x0] 裁切警示 >>> 目標幾何面積無效 (低於 0 像素)，跳過物件邊界裁切程序
[09:12:58] | PROCESS      | COLOR-EXTR             | VALIDATE_ARGUMENTS | WARN     | [參數: roi_crop] 驗證警示 >>> 輸入影像為 None 或格式無效，跳過色彩特徵提取
[09:12:58] | PROCESS      | BODY-CROP              | VERIFY_CROP_DIMENSIONS | WARN     | [尺寸: 2478x0] 裁切警示 >>> 目標幾何面積無效 (低於 0 像素)，跳過物件邊界裁切程序
[09:12:58] | PROCESS      | COLOR-EXTR             | VALIDATE_ARGUMENTS | WARN     | [參數: roi_crop] 驗證警示 >>> 輸入影像為 None 或格式無效，跳過色彩特徵提取
[09:12:58] | PROCESS      | BODY-CROP              | VERIFY_CROP_DIMENSIONS | WARN     | [尺寸: 1580x0] 裁切警示 >>> 目標幾何面積無效 (低於 0 像素)，跳過物件邊界裁切程序
[09:12:58] | PROCESS      | COLOR-EXTR             | VALIDATE_ARGUMENTS | WARN     | [參數: roi_crop] 驗證警示 >>> 輸入影像為 None 或格式無效，跳過色彩特徵提取
[09:12:59] | PROCESS      | BODY-CROP              | VERIFY_CROP_DIMENSIONS | WARN     | [尺寸: 669x0] 裁切警示 >>> 目標幾何面積無效 (低於 0 像素)，跳過物件邊界裁切程序
[09:12:59] | PROCESS      | COLOR-EXTR             | VALIDATE_ARGUMENTS | WARN     | [參數: roi_crop] 驗證警示 >>> 輸入影像為 None 或格式無效，跳過色彩特徵提取
[09:12:59] | PROCESS      | BODY-CROP              | VERIFY_CROP_DIMENSIONS | WARN     | [尺寸: 1434x0] 裁切警示 >>> 目標幾何面積無效 (低於 0 像素)，跳過物件邊界裁切程序
[09:12:59] | PROCESS      | COLOR-EXTR             | VALIDATE_ARGUMENTS | WARN     | [參數: roi_crop] 驗證警示 >>> 輸入影像為 None 或格式無效，跳過色彩特徵提取
[09:12:59] | DB           | MARS_DB                | UPST_DATA     | SUCC     | [資料表: live_veh_recg] 寫入成功 >>> 共計更新 54 筆數據
[09:12:59] | DATABASE     | PIPE-VEH               | SYNC_INFER_DATABASE | SUCC     | [資料庫: MARS-DB] 寫入成功 >>> 共 54 筆車輛辨識數據「完全同步」至 live_veh_recg 資料表中
[09:12:59] | FRAME        | INFER_S25U_VEH_ROOF_20260921_180355.mp4-00720 | EXTRACT_SUCCESS | SUCC     | [時間: 18:04:07] 成功辨識 54 組主物件特徵
[09:13:00] | PROCESS      | BODY-CROP              | VERIFY_CROP_DIMENSIONS | WARN     | [尺寸: 2018x0] 裁切警示 >>> 目標幾何面積無效 (低於 0 像素)，跳過物件邊界裁切程序
[09:13:00] | PROCESS      | COLOR-EXTR             | VALIDATE_ARGUMENTS | WARN     | [參數: roi_crop] 驗證警示 >>> 輸入影像為 None 或格式無效，跳過色彩特徵提取
[09:13:01] | PROCESS      | BODY-CROP              | VERIFY_CROP_DIMENSIONS | WARN     | [尺寸: 1229x0] 裁切警示 >>> 目標幾何面積無效 (低於 0 像素)，跳過物件邊界裁切程序
[09:13:01] | PROCESS      | COLOR-EXTR             | VALIDATE_ARGUMENTS | WARN     | [參數: roi_crop] 驗證警示 >>> 輸入影像為 None 或格式無效，跳過色彩特徵提取
[09:13:01] | PROCESS      | BODY-CROP              | VERIFY_CROP_DIMENSIONS | WARN     | [尺寸: 2504x0] 裁切警示 >>> 目標幾何面積無效 (低於 0 像素)，跳過物件邊界裁切程序
[09:13:01] | PROCESS      | COLOR-EXTR             | VALIDATE_ARGUMENTS | WARN     | [參數: roi_crop] 驗證警示 >>> 輸入影像為 None 或格式無效，跳過色彩特徵提取
[09:13:01] | PROCESS      | BODY-CROP              | VERIFY_CROP_DIMENSIONS | WARN     | [尺寸: 2434x0] 裁切警示 >>> 目標幾何面積無效 (低於 0 像素)，跳過物件邊界裁切程序
[09:13:01] | PROCESS      | COLOR-EXTR             | VALIDATE_ARGUMENTS | WARN     | [參數: roi_crop] 驗證警示 >>> 輸入影像為 None 或格式無效，跳過色彩特徵提取
[09:13:01] | PROCESS      | BODY-CROP              | VERIFY_CROP_DIMENSIONS | WARN     | [尺寸: 1048x0] 裁切警示 >>> 目標幾何面積無效 (低於 0 像素)，跳過物件邊界裁切程序
[09:13:01] | PROCESS      | COLOR-EXTR             | VALIDATE_ARGUMENTS | WARN     | [參數: roi_crop] 驗證警示 >>> 輸入影像為 None 或格式無效，跳過色彩特徵提取
[09:13:01] | PROCESS      | BODY-CROP              | VERIFY_CROP_DIMENSIONS | WARN     | [尺寸: 1009x0] 裁切警示 >>> 目標幾何面積無效 (低於 0 像素)，跳過物件邊界裁切程序
[09:13:01] | PROCESS      | COLOR-EXTR             | VALIDATE_ARGUMENTS | WARN     | [參數: roi_crop] 驗證警示 >>> 輸入影像為 None 或格式無效，跳過色彩特徵提取
[09:13:01] | PROCESS      | BODY-CROP              | VERIFY_CROP_DIMENSIONS | WARN     | [尺寸: 662x0] 裁切警示 >>> 目標幾何面積無效 (低於 0 像素)，跳過物件邊界裁切程序
[09:13:01] | PROCESS      | COLOR-EXTR             | VALIDATE_ARGUMENTS | WARN     | [參數: roi_crop] 驗證警示 >>> 輸入影像為 None 或格式無效，跳過色彩特徵提取
[09:13:01] | PROCESS      | BODY-CROP              | VERIFY_CROP_DIMENSIONS | WARN     | [尺寸: 1050x0] 裁切警示 >>> 目標幾何面積無效 (低於 0 像素)，跳過物件邊界裁切程序
[09:13:01] | PROCESS      | COLOR-EXTR             | VALIDATE_ARGUMENTS | WARN     | [參數: roi_crop] 驗證警示 >>> 輸入影像為 None 或格式無效，跳過色彩特徵提取
[09:13:02] | DB           | MARS_DB                | UPST_DATA     | SUCC     | [資料表: live_veh_recg] 寫入成功 >>> 共計更新 52 筆數據
[09:13:02] | DATABASE     | PIPE-VEH               | SYNC_INFER_DATABASE | SUCC     | [資料庫: MARS-DB] 寫入成功 >>> 共 52 筆車輛辨識數據「完全同步」至 live_veh_recg 資料表中
[09:13:02] | FRAME        | INFER_S25U_VEH_ROOF_20260921_180355.mp4-00730 | EXTRACT_SUCCESS | SUCC     | [時間: 18:04:07] 成功辨識 52 組主物件特徵
[09:13:02] | PROCESS      | BODY-CROP              | VERIFY_CROP_DIMENSIONS | WARN     | [尺寸: 2113x0] 裁切警示 >>> 目標幾何面積無效 (低於 0 像素)，跳過物件邊界裁切程序
[09:13:02] | PROCESS      | COLOR-EXTR             | VALIDATE_ARGUMENTS | WARN     | [參數: roi_crop] 驗證警示 >>> 輸入影像為 None 或格式無效，跳過色彩特徵提取
[09:13:03] | PROCESS      | BODY-CROP              | VERIFY_CROP_DIMENSIONS | WARN     | [尺寸: 1218x0] 裁切警示 >>> 目標幾何面積無效 (低於 0 像素)，跳過物件邊界裁切程序
[09:13:03] | PROCESS      | COLOR-EXTR             | VALIDATE_ARGUMENTS | WARN     | [參數: roi_crop] 驗證警示 >>> 輸入影像為 None 或格式無效，跳過色彩特徵提取
[09:13:04] | PROCESS      | BODY-CROP              | VERIFY_CROP_DIMENSIONS | WARN     | [尺寸: 2357x0] 裁切警示 >>> 目標幾何面積無效 (低於 0 像素)，跳過物件邊界裁切程序
[09:13:04] | PROCESS      | COLOR-EXTR             | VALIDATE_ARGUMENTS | WARN     | [參數: roi_crop] 驗證警示 >>> 輸入影像為 None 或格式無效，跳過色彩特徵提取
[09:13:04] | PROCESS      | BODY-CROP              | VERIFY_CROP_DIMENSIONS | WARN     | [尺寸: 2562x0] 裁切警示 >>> 目標幾何面積無效 (低於 0 像素)，跳過物件邊界裁切程序
[09:13:04] | PROCESS      | COLOR-EXTR             | VALIDATE_ARGUMENTS | WARN     | [參數: roi_crop] 驗證警示 >>> 輸入影像為 None 或格式無效，跳過色彩特徵提取
[09:13:04] | PROCESS      | BODY-CROP              | VERIFY_CROP_DIMENSIONS | WARN     | [尺寸: 2464x0] 裁切警示 >>> 目標幾何面積無效 (低於 0 像素)，跳過物件邊界裁切程序
[09:13:04] | PROCESS      | COLOR-EXTR             | VALIDATE_ARGUMENTS | WARN     | [參數: roi_crop] 驗證警示 >>> 輸入影像為 None 或格式無效，跳過色彩特徵提取
[09:13:04] | PROCESS      | BODY-CROP              | VERIFY_CROP_DIMENSIONS | WARN     | [尺寸: 1572x0] 裁切警示 >>> 目標幾何面積無效 (低於 0 像素)，跳過物件邊界裁切程序
[09:13:04] | PROCESS      | COLOR-EXTR             | VALIDATE_ARGUMENTS | WARN     | [參數: roi_crop] 驗證警示 >>> 輸入影像為 None 或格式無效，跳過色彩特徵提取
[09:13:04] | PROCESS      | BODY-CROP              | VERIFY_CROP_DIMENSIONS | WARN     | [尺寸: 686x0] 裁切警示 >>> 目標幾何面積無效 (低於 0 像素)，跳過物件邊界裁切程序
[09:13:04] | PROCESS      | COLOR-EXTR             | VALIDATE_ARGUMENTS | WARN     | [參數: roi_crop] 驗證警示 >>> 輸入影像為 None 或格式無效，跳過色彩特徵提取
[09:13:04] | PROCESS      | BODY-CROP              | VERIFY_CROP_DIMENSIONS | WARN     | [尺寸: 1149x0] 裁切警示 >>> 目標幾何面積無效 (低於 0 像素)，跳過物件邊界裁切程序
[09:13:04] | PROCESS      | COLOR-EXTR             | VALIDATE_ARGUMENTS | WARN     | [參數: roi_crop] 驗證警示 >>> 輸入影像為 None 或格式無效，跳過色彩特徵提取
[09:13:04] | PROCESS      | BODY-CROP              | VERIFY_CROP_DIMENSIONS | WARN     | [尺寸: 1057x0] 裁切警示 >>> 目標幾何面積無效 (低於 0 像素)，跳過物件邊界裁切程序
[09:13:04] | PROCESS      | COLOR-EXTR             | VALIDATE_ARGUMENTS | WARN     | [參數: roi_crop] 驗證警示 >>> 輸入影像為 None 或格式無效，跳過色彩特徵提取
[09:13:05] | DB           | MARS_DB                | UPST_DATA     | SUCC     | [資料表: live_veh_recg] 寫入成功 >>> 共計更新 59 筆數據
[09:13:05] | DATABASE     | PIPE-VEH               | SYNC_INFER_DATABASE | SUCC     | [資料庫: MARS-DB] 寫入成功 >>> 共 59 筆車輛辨識數據「完全同步」至 live_veh_recg 資料表中
[09:13:05] | FRAME        | INFER_S25U_VEH_ROOF_20260921_180355.mp4-00740 | EXTRACT_SUCCESS | SUCC     | [時間: 18:04:07] 成功辨識 59 組主物件特徵
[09:13:05] | PROCESS      | BODY-CROP              | VERIFY_CROP_DIMENSIONS | WARN     | [尺寸: 2247x0] 裁切警示 >>> 目標幾何面積無效 (低於 0 像素)，跳過物件邊界裁切程序
[09:13:05] | PROCESS      | COLOR-EXTR             | VALIDATE_ARGUMENTS | WARN     | [參數: roi_crop] 驗證警示 >>> 輸入影像為 None 或格式無效，跳過色彩特徵提取
[09:13:06] | PROCESS      | BODY-CROP              | VERIFY_CROP_DIMENSIONS | WARN     | [尺寸: 1222x0] 裁切警示 >>> 目標幾何面積無效 (低於 0 像素)，跳過物件邊界裁切程序
[09:13:06] | PROCESS      | COLOR-EXTR             | VALIDATE_ARGUMENTS | WARN     | [參數: roi_crop] 驗證警示 >>> 輸入影像為 None 或格式無效，跳過色彩特徵提取
[09:13:06] | PROCESS      | BODY-CROP              | VERIFY_CROP_DIMENSIONS | WARN     | [尺寸: 675x0] 裁切警示 >>> 目標幾何面積無效 (低於 0 像素)，跳過物件邊界裁切程序
[09:13:06] | PROCESS      | COLOR-EXTR             | VALIDATE_ARGUMENTS | WARN     | [參數: roi_crop] 驗證警示 >>> 輸入影像為 None 或格式無效，跳過色彩特徵提取
[09:13:06] | PROCESS      | BODY-CROP              | VERIFY_CROP_DIMENSIONS | WARN     | [尺寸: 2430x0] 裁切警示 >>> 目標幾何面積無效 (低於 0 像素)，跳過物件邊界裁切程序
[09:13:06] | PROCESS      | COLOR-EXTR             | VALIDATE_ARGUMENTS | WARN     | [參數: roi_crop] 驗證警示 >>> 輸入影像為 None 或格式無效，跳過色彩特徵提取
[09:13:06] | PROCESS      | BODY-CROP              | VERIFY_CROP_DIMENSIONS | WARN     | [尺寸: 2520x0] 裁切警示 >>> 目標幾何面積無效 (低於 0 像素)，跳過物件邊界裁切程序
[09:13:06] | PROCESS      | COLOR-EXTR             | VALIDATE_ARGUMENTS | WARN     | [參數: roi_crop] 驗證警示 >>> 輸入影像為 None 或格式無效，跳過色彩特徵提取
[09:13:06] | PROCESS      | BODY-CROP              | VERIFY_CROP_DIMENSIONS | WARN     | [尺寸: 2108x0] 裁切警示 >>> 目標幾何面積無效 (低於 0 像素)，跳過物件邊界裁切程序
[09:13:06] | PROCESS      | COLOR-EXTR             | VALIDATE_ARGUMENTS | WARN     | [參數: roi_crop] 驗證警示 >>> 輸入影像為 None 或格式無效，跳過色彩特徵提取
[09:13:07] | PROCESS      | BODY-CROP              | VERIFY_CROP_DIMENSIONS | WARN     | [尺寸: 672x0] 裁切警示 >>> 目標幾何面積無效 (低於 0 像素)，跳過物件邊界裁切程序
[09:13:07] | PROCESS      | COLOR-EXTR             | VALIDATE_ARGUMENTS | WARN     | [參數: roi_crop] 驗證警示 >>> 輸入影像為 None 或格式無效，跳過色彩特徵提取
[09:13:07] | PROCESS      | BODY-CROP              | VERIFY_CROP_DIMENSIONS | WARN     | [尺寸: 1115x0] 裁切警示 >>> 目標幾何面積無效 (低於 0 像素)，跳過物件邊界裁切程序
[09:13:07] | PROCESS      | COLOR-EXTR             | VALIDATE_ARGUMENTS | WARN     | [參數: roi_crop] 驗證警示 >>> 輸入影像為 None 或格式無效，跳過色彩特徵提取
[09:13:07] | PROCESS      | BODY-CROP              | VERIFY_CROP_DIMENSIONS | WARN     | [尺寸: 1046x0] 裁切警示 >>> 目標幾何面積無效 (低於 0 像素)，跳過物件邊界裁切程序
[09:13:07] | PROCESS      | COLOR-EXTR             | VALIDATE_ARGUMENTS | WARN     | [參數: roi_crop] 驗證警示 >>> 輸入影像為 None 或格式無效，跳過色彩特徵提取
[09:13:07] | DB           | MARS_DB                | UPST_DATA     | SUCC     | [資料表: live_veh_recg] 寫入成功 >>> 共計更新 53 筆數據
[09:13:07] | DATABASE     | PIPE-VEH               | SYNC_INFER_DATABASE | SUCC     | [資料庫: MARS-DB] 寫入成功 >>> 共 53 筆車輛辨識數據「完全同步」至 live_veh_recg 資料表中
[09:13:07] | FRAME        | INFER_S25U_VEH_ROOF_20260921_180355.mp4-00750 | EXTRACT_SUCCESS | SUCC     | [時間: 18:04:07] 成功辨識 53 組主物件特徵
[09:13:07] | PROCESS      | BODY-CROP              | VERIFY_CROP_DIMENSIONS | WARN     | [尺寸: 1450x0] 裁切警示 >>> 目標幾何面積無效 (低於 0 像素)，跳過物件邊界裁切程序
[09:13:07] | PROCESS      | COLOR-EXTR             | VALIDATE_ARGUMENTS | WARN     | [參數: roi_crop] 驗證警示 >>> 輸入影像為 None 或格式無效，跳過色彩特徵提取
[09:13:09] | PROCESS      | BODY-CROP              | VERIFY_CROP_DIMENSIONS | WARN     | [尺寸: 1218x0] 裁切警示 >>> 目標幾何面積無效 (低於 0 像素)，跳過物件邊界裁切程序
[09:13:09] | PROCESS      | COLOR-EXTR             | VALIDATE_ARGUMENTS | WARN     | [參數: roi_crop] 驗證警示 >>> 輸入影像為 None 或格式無效，跳過色彩特徵提取
[09:13:09] | PROCESS      | BODY-CROP              | VERIFY_CROP_DIMENSIONS | WARN     | [尺寸: 2436x0] 裁切警示 >>> 目標幾何面積無效 (低於 0 像素)，跳過物件邊界裁切程序
[09:13:09] | PROCESS      | COLOR-EXTR             | VALIDATE_ARGUMENTS | WARN     | [參數: roi_crop] 驗證警示 >>> 輸入影像為 None 或格式無效，跳過色彩特徵提取
[09:13:09] | PROCESS      | BODY-CROP              | VERIFY_CROP_DIMENSIONS | WARN     | [尺寸: 2433x0] 裁切警示 >>> 目標幾何面積無效 (低於 0 像素)，跳過物件邊界裁切程序
[09:13:09] | PROCESS      | COLOR-EXTR             | VALIDATE_ARGUMENTS | WARN     | [參數: roi_crop] 驗證警示 >>> 輸入影像為 None 或格式無效，跳過色彩特徵提取
[09:13:09] | PROCESS      | BODY-CROP              | VERIFY_CROP_DIMENSIONS | WARN     | [尺寸: 678x0] 裁切警示 >>> 目標幾何面積無效 (低於 0 像素)，跳過物件邊界裁切程序
[09:13:09] | PROCESS      | COLOR-EXTR             | VALIDATE_ARGUMENTS | WARN     | [參數: roi_crop] 驗證警示 >>> 輸入影像為 None 或格式無效，跳過色彩特徵提取
[09:13:09] | PROCESS      | BODY-CROP              | VERIFY_CROP_DIMENSIONS | WARN     | [尺寸: 1047x0] 裁切警示 >>> 目標幾何面積無效 (低於 0 像素)，跳過物件邊界裁切程序
[09:13:09] | PROCESS      | COLOR-EXTR             | VALIDATE_ARGUMENTS | WARN     | [參數: roi_crop] 驗證警示 >>> 輸入影像為 None 或格式無效，跳過色彩特徵提取
[09:13:10] | DB           | MARS_DB                | UPST_DATA     | SUCC     | [資料表: live_veh_recg] 寫入成功 >>> 共計更新 57 筆數據
[09:13:10] | DATABASE     | PIPE-VEH               | SYNC_INFER_DATABASE | SUCC     | [資料庫: MARS-DB] 寫入成功 >>> 共 57 筆車輛辨識數據「完全同步」至 live_veh_recg 資料表中
[09:13:10] | FRAME        | INFER_S25U_VEH_ROOF_20260921_180355.mp4-00760 | EXTRACT_SUCCESS | SUCC     | [時間: 18:04:07] 成功辨識 57 組主物件特徵
[09:13:12] | PROCESS      | BODY-CROP              | VERIFY_CROP_DIMENSIONS | WARN     | [尺寸: 1220x0] 裁切警示 >>> 目標幾何面積無效 (低於 0 像素)，跳過物件邊界裁切程序
[09:13:12] | PROCESS      | COLOR-EXTR             | VALIDATE_ARGUMENTS | WARN     | [參數: roi_crop] 驗證警示 >>> 輸入影像為 None 或格式無效，跳過色彩特徵提取
[09:13:12] | PROCESS      | BODY-CROP              | VERIFY_CROP_DIMENSIONS | WARN     | [尺寸: 2396x0] 裁切警示 >>> 目標幾何面積無效 (低於 0 像素)，跳過物件邊界裁切程序
[09:13:12] | PROCESS      | COLOR-EXTR             | VALIDATE_ARGUMENTS | WARN     | [參數: roi_crop] 驗證警示 >>> 輸入影像為 None 或格式無效，跳過色彩特徵提取
[09:13:12] | PROCESS      | BODY-CROP              | VERIFY_CROP_DIMENSIONS | WARN     | [尺寸: 2631x0] 裁切警示 >>> 目標幾何面積無效 (低於 0 像素)，跳過物件邊界裁切程序
[09:13:12] | PROCESS      | COLOR-EXTR             | VALIDATE_ARGUMENTS | WARN     | [參數: roi_crop] 驗證警示 >>> 輸入影像為 None 或格式無效，跳過色彩特徵提取
[09:13:12] | PROCESS      | BODY-CROP              | VERIFY_CROP_DIMENSIONS | WARN     | [尺寸: 2409x0] 裁切警示 >>> 目標幾何面積無效 (低於 0 像素)，跳過物件邊界裁切程序
[09:13:12] | PROCESS      | COLOR-EXTR             | VALIDATE_ARGUMENTS | WARN     | [參數: roi_crop] 驗證警示 >>> 輸入影像為 None 或格式無效，跳過色彩特徵提取
[09:13:13] | PROCESS      | BODY-CROP              | VERIFY_CROP_DIMENSIONS | WARN     | [尺寸: 672x0] 裁切警示 >>> 目標幾何面積無效 (低於 0 像素)，跳過物件邊界裁切程序
[09:13:13] | PROCESS      | COLOR-EXTR             | VALIDATE_ARGUMENTS | WARN     | [參數: roi_crop] 驗證警示 >>> 輸入影像為 None 或格式無效，跳過色彩特徵提取
[09:13:13] | DB           | MARS_DB                | UPST_DATA     | SUCC     | [資料表: live_veh_recg] 寫入成功 >>> 共計更新 61 筆數據
[09:13:13] | DATABASE     | PIPE-VEH               | SYNC_INFER_DATABASE | SUCC     | [資料庫: MARS-DB] 寫入成功 >>> 共 61 筆車輛辨識數據「完全同步」至 live_veh_recg 資料表中
[09:13:13] | FRAME        | INFER_S25U_VEH_ROOF_20260921_180355.mp4-00770 | EXTRACT_SUCCESS | SUCC     | [時間: 18:04:07] 成功辨識 61 組主物件特徵
[09:13:14] | PROCESS      | BODY-CROP              | VERIFY_CROP_DIMENSIONS | WARN     | [尺寸: 1226x0] 裁切警示 >>> 目標幾何面積無效 (低於 0 像素)，跳過物件邊界裁切程序
[09:13:14] | PROCESS      | COLOR-EXTR             | VALIDATE_ARGUMENTS | WARN     | [參數: roi_crop] 驗證警示 >>> 輸入影像為 None 或格式無效，跳過色彩特徵提取
[09:13:15] | PROCESS      | BODY-CROP              | VERIFY_CROP_DIMENSIONS | WARN     | [尺寸: 686x0] 裁切警示 >>> 目標幾何面積無效 (低於 0 像素)，跳過物件邊界裁切程序
[09:13:15] | PROCESS      | COLOR-EXTR             | VALIDATE_ARGUMENTS | WARN     | [參數: roi_crop] 驗證警示 >>> 輸入影像為 None 或格式無效，跳過色彩特徵提取
[09:13:15] | PROCESS      | BODY-CROP              | VERIFY_CROP_DIMENSIONS | WARN     | [尺寸: 2436x0] 裁切警示 >>> 目標幾何面積無效 (低於 0 像素)，跳過物件邊界裁切程序
[09:13:15] | PROCESS      | COLOR-EXTR             | VALIDATE_ARGUMENTS | WARN     | [參數: roi_crop] 驗證警示 >>> 輸入影像為 None 或格式無效，跳過色彩特徵提取
[09:13:15] | PROCESS      | BODY-CROP              | VERIFY_CROP_DIMENSIONS | WARN     | [尺寸: 2478x0] 裁切警示 >>> 目標幾何面積無效 (低於 0 像素)，跳過物件邊界裁切程序
[09:13:15] | PROCESS      | COLOR-EXTR             | VALIDATE_ARGUMENTS | WARN     | [參數: roi_crop] 驗證警示 >>> 輸入影像為 None 或格式無效，跳過色彩特徵提取
[09:13:15] | PROCESS      | BODY-CROP              | VERIFY_CROP_DIMENSIONS | WARN     | [尺寸: 1845x0] 裁切警示 >>> 目標幾何面積無效 (低於 0 像素)，跳過物件邊界裁切程序
[09:13:15] | PROCESS      | COLOR-EXTR             | VALIDATE_ARGUMENTS | WARN     | [參數: roi_crop] 驗證警示 >>> 輸入影像為 None 或格式無效，跳過色彩特徵提取
[09:13:15] | PROCESS      | BODY-CROP              | VERIFY_CROP_DIMENSIONS | WARN     | [尺寸: 666x0] 裁切警示 >>> 目標幾何面積無效 (低於 0 像素)，跳過物件邊界裁切程序
[09:13:15] | PROCESS      | COLOR-EXTR             | VALIDATE_ARGUMENTS | WARN     | [參數: roi_crop] 驗證警示 >>> 輸入影像為 None 或格式無效，跳過色彩特徵提取
[09:13:15] | MODEL        | YOLO-I-LIC             | INFERENCE_EXCEPTION | FAIL     | [任務: 物件辨識任務] 運行失敗 >>> 非預期系統異常，堆疊資訊如下: 
Traceback (most recent call last):
  File "C:\Users\magiceason\Desktop\MARS_Project\src\vis_recg\obj_detect.py", line 123, in __call__
    results = model.predict(
              ^^^^^^^^^^^^^^
  File "C:\Users\magiceason\Desktop\MARS_Project\venv\Lib\site-packages\ultralytics\engine\model.py", line 541, in predict
    return self.predictor.predict_cli(source=source) if is_cli else self.predictor(source=source, stream=stream)
                                                                    ^^^^^^^^^^^^^^^^^^^^^^^^^^^^^^^^^^^^^^^^^^^^
  File "C:\Users\magiceason\Desktop\MARS_Project\venv\Lib\site-packages\ultralytics\engine\predictor.py", line 229, in __call__
    return list(self.stream_inference(source, model, *args, **kwargs))  # merge list of Results into one
           ^^^^^^^^^^^^^^^^^^^^^^^^^^^^^^^^^^^^^^^^^^^^^^^^^^^^^^^^^^^
  File "C:\Users\magiceason\Desktop\MARS_Project\venv\Lib\site-packages\torch\utils\_contextlib.py", line 36, in generator_context
    response = gen.send(None)
               ^^^^^^^^^^^^^^
  File "C:\Users\magiceason\Desktop\MARS_Project\venv\Lib\site-packages\ultralytics\engine\predictor.py", line 334, in stream_inference
    im = self.preprocess(im0s)
         ^^^^^^^^^^^^^^^^^^^^^
  File "C:\Users\magiceason\Desktop\MARS_Project\venv\Lib\site-packages\ultralytics\engine\predictor.py", line 166, in preprocess
    im = np.stack(self.pre_transform(im))
                  ^^^^^^^^^^^^^^^^^^^^^^
  File "C:\Users\magiceason\Desktop\MARS_Project\venv\Lib\site-packages\ultralytics\engine\predictor.py", line 205, in pre_transform
    return [letterbox(image=x) for x in im]
            ^^^^^^^^^^^^^^^^^^
  File "C:\Users\magiceason\Desktop\MARS_Project\venv\Lib\site-packages\ultralytics\data\augment.py", line 1692, in __call__
    labels = self.apply_image(labels, params)
             ^^^^^^^^^^^^^^^^^^^^^^^^^^^^^^^^
  File "C:\Users\magiceason\Desktop\MARS_Project\venv\Lib\site-packages\ultralytics\data\augment.py", line 1764, in apply_image
    img = cv2.resize(img, new_unpad, interpolation=self.interpolation)
          ^^^^^^^^^^^^^^^^^^^^^^^^^^^^^^^^^^^^^^^^^^^^^^^^^^^^^^^^^^^^
cv2.error: OpenCV(4.10.0) D:\a\opencv-python\opencv-python\opencv\modules\imgproc\src\resize.cpp:4155: error: (-215:Assertion failed) inv_scale_x > 0 in function 'cv::resize'


[09:13:15] | MODEL        | YOLO-I-BRAND           | INFERENCE_EXCEPTION | FAIL     | [任務: 物件辨識任務] 運行失敗 >>> 非預期系統異常，堆疊資訊如下: 
Traceback (most recent call last):
  File "C:\Users\magiceason\Desktop\MARS_Project\src\vis_recg\obj_detect.py", line 123, in __call__
    results = model.predict(
              ^^^^^^^^^^^^^^
  File "C:\Users\magiceason\Desktop\MARS_Project\venv\Lib\site-packages\ultralytics\engine\model.py", line 541, in predict
    return self.predictor.predict_cli(source=source) if is_cli else self.predictor(source=source, stream=stream)
                                                                    ^^^^^^^^^^^^^^^^^^^^^^^^^^^^^^^^^^^^^^^^^^^^
  File "C:\Users\magiceason\Desktop\MARS_Project\venv\Lib\site-packages\ultralytics\engine\predictor.py", line 229, in __call__
    return list(self.stream_inference(source, model, *args, **kwargs))  # merge list of Results into one
           ^^^^^^^^^^^^^^^^^^^^^^^^^^^^^^^^^^^^^^^^^^^^^^^^^^^^^^^^^^^
  File "C:\Users\magiceason\Desktop\MARS_Project\venv\Lib\site-packages\torch\utils\_contextlib.py", line 36, in generator_context
    response = gen.send(None)
               ^^^^^^^^^^^^^^
  File "C:\Users\magiceason\Desktop\MARS_Project\venv\Lib\site-packages\ultralytics\engine\predictor.py", line 334, in stream_inference
    im = self.preprocess(im0s)
         ^^^^^^^^^^^^^^^^^^^^^
  File "C:\Users\magiceason\Desktop\MARS_Project\venv\Lib\site-packages\ultralytics\engine\predictor.py", line 166, in preprocess
    im = np.stack(self.pre_transform(im))
                  ^^^^^^^^^^^^^^^^^^^^^^
  File "C:\Users\magiceason\Desktop\MARS_Project\venv\Lib\site-packages\ultralytics\engine\predictor.py", line 205, in pre_transform
    return [letterbox(image=x) for x in im]
            ^^^^^^^^^^^^^^^^^^
  File "C:\Users\magiceason\Desktop\MARS_Project\venv\Lib\site-packages\ultralytics\data\augment.py", line 1692, in __call__
    labels = self.apply_image(labels, params)
             ^^^^^^^^^^^^^^^^^^^^^^^^^^^^^^^^
  File "C:\Users\magiceason\Desktop\MARS_Project\venv\Lib\site-packages\ultralytics\data\augment.py", line 1764, in apply_image
    img = cv2.resize(img, new_unpad, interpolation=self.interpolation)
          ^^^^^^^^^^^^^^^^^^^^^^^^^^^^^^^^^^^^^^^^^^^^^^^^^^^^^^^^^^^^
cv2.error: OpenCV(4.10.0) D:\a\opencv-python\opencv-python\opencv\modules\imgproc\src\resize.cpp:4155: error: (-215:Assertion failed) inv_scale_x > 0 in function 'cv::resize'


[09:13:16] | DB           | MARS_DB                | UPST_DATA     | SUCC     | [資料表: live_veh_recg] 寫入成功 >>> 共計更新 57 筆數據
[09:13:16] | DATABASE     | PIPE-VEH               | SYNC_INFER_DATABASE | SUCC     | [資料庫: MARS-DB] 寫入成功 >>> 共 57 筆車輛辨識數據「完全同步」至 live_veh_recg 資料表中
[09:13:16] | FRAME        | INFER_S25U_VEH_ROOF_20260921_180355.mp4-00780 | EXTRACT_SUCCESS | SUCC     | [時間: 18:04:08] 成功辨識 57 組主物件特徵
[09:13:17] | PROCESS      | BODY-CROP              | VERIFY_CROP_DIMENSIONS | WARN     | [尺寸: 1216x0] 裁切警示 >>> 目標幾何面積無效 (低於 0 像素)，跳過物件邊界裁切程序
[09:13:17] | PROCESS      | COLOR-EXTR             | VALIDATE_ARGUMENTS | WARN     | [參數: roi_crop] 驗證警示 >>> 輸入影像為 None 或格式無效，跳過色彩特徵提取
[09:13:17] | PROCESS      | BODY-CROP              | VERIFY_CROP_DIMENSIONS | WARN     | [尺寸: 2343x0] 裁切警示 >>> 目標幾何面積無效 (低於 0 像素)，跳過物件邊界裁切程序
[09:13:17] | PROCESS      | COLOR-EXTR             | VALIDATE_ARGUMENTS | WARN     | [參數: roi_crop] 驗證警示 >>> 輸入影像為 None 或格式無效，跳過色彩特徵提取
[09:13:17] | PROCESS      | BODY-CROP              | VERIFY_CROP_DIMENSIONS | WARN     | [尺寸: 2512x0] 裁切警示 >>> 目標幾何面積無效 (低於 0 像素)，跳過物件邊界裁切程序
[09:13:17] | PROCESS      | COLOR-EXTR             | VALIDATE_ARGUMENTS | WARN     | [參數: roi_crop] 驗證警示 >>> 輸入影像為 None 或格式無效，跳過色彩特徵提取
[09:13:17] | PROCESS      | BODY-CROP              | VERIFY_CROP_DIMENSIONS | WARN     | [尺寸: 2366x0] 裁切警示 >>> 目標幾何面積無效 (低於 0 像素)，跳過物件邊界裁切程序
[09:13:17] | PROCESS      | COLOR-EXTR             | VALIDATE_ARGUMENTS | WARN     | [參數: roi_crop] 驗證警示 >>> 輸入影像為 None 或格式無效，跳過色彩特徵提取
[09:13:17] | PROCESS      | BODY-CROP              | VERIFY_CROP_DIMENSIONS | WARN     | [尺寸: 1566x0] 裁切警示 >>> 目標幾何面積無效 (低於 0 像素)，跳過物件邊界裁切程序
[09:13:17] | PROCESS      | COLOR-EXTR             | VALIDATE_ARGUMENTS | WARN     | [參數: roi_crop] 驗證警示 >>> 輸入影像為 None 或格式無效，跳過色彩特徵提取
[09:13:18] | PROCESS      | BODY-CROP              | VERIFY_CROP_DIMENSIONS | WARN     | [尺寸: 666x0] 裁切警示 >>> 目標幾何面積無效 (低於 0 像素)，跳過物件邊界裁切程序
[09:13:18] | PROCESS      | COLOR-EXTR             | VALIDATE_ARGUMENTS | WARN     | [參數: roi_crop] 驗證警示 >>> 輸入影像為 None 或格式無效，跳過色彩特徵提取
[09:13:18] | PROCESS      | BODY-CROP              | VERIFY_CROP_DIMENSIONS | WARN     | [尺寸: 1268x0] 裁切警示 >>> 目標幾何面積無效 (低於 0 像素)，跳過物件邊界裁切程序
[09:13:18] | PROCESS      | COLOR-EXTR             | VALIDATE_ARGUMENTS | WARN     | [參數: roi_crop] 驗證警示 >>> 輸入影像為 None 或格式無效，跳過色彩特徵提取
[09:13:19] | DB           | MARS_DB                | UPST_DATA     | SUCC     | [資料表: live_veh_recg] 寫入成功 >>> 共計更新 58 筆數據
[09:13:19] | DATABASE     | PIPE-VEH               | SYNC_INFER_DATABASE | SUCC     | [資料庫: MARS-DB] 寫入成功 >>> 共 58 筆車輛辨識數據「完全同步」至 live_veh_recg 資料表中
[09:13:19] | FRAME        | INFER_S25U_VEH_ROOF_20260921_180355.mp4-00790 | EXTRACT_SUCCESS | SUCC     | [時間: 18:04:08] 成功辨識 58 組主物件特徵
[09:13:19] | VIDEO        | INFER_S25U_VEH_ROOF_20260921_180355.mp4 | READ_STREAM_COMPLETED | SUCC     | [影片: INFER_S25U_VEH_ROOF_20260921_180355.mp4] 串流完畢 >>> 影片總幀數(791)，共計記憶體採樣載入 80 張影格
[09:13:19] | VIDEO        | INFER_S25U_VEH_ROOF_20260921_180355.mp4 | RELEASE_STREAM_SUCCESS | SUCC     | [影片: INFER_S25U_VEH_ROOF_20260921_180355.mp4] 串流結束 >>> 逐幀讀取資源已安全釋放
[09:13:19] | VIDEO        | INFER_S25U_VEH_ROOF_20260921_180355.mp4 | ARCHIVE_INFER_FILE | SUCC     | [影片: INFER_S25U_VEH_ROOF_20260921_180355.mp4] 歸檔成功 >>> 辨識影片已搬遷至 (VEH/2026-09-22)
[09:13:19] | MODEL        | PRELOADER              | CLEAR_CACHE_SUCCESS | SUCC     | [任務: 模型預載任務] 清理成功 >>> 已釋放所有已載入之「影像辨識模型」與「影像處理模型」，重置記憶體資源
[09:13:19] --------------------------------------------------------------------------------------------------------------------------------------------------------------------------
[09:13:19] | PIPE-DONE    | 執行結果: [自動化辨識管線] 順利完成，各領域模型辨識、特徵提取與檔案歸檔全數就緒 | 結束時間: 2026-09-22 09:13:19
[09:13:19] ==========================================================================================================================================================================
